synthetic_distribution,context_len,head_dim,trials,seed,kv_bits,scale_format,hadamard,hadamard_block,granularity,group_size,normalized_qk_logit_rmse,attention_output_relative_rmse,attention_output_cosine,normalized_logit_bias,normalized_attention_output_bias,k_relative_rmse,v_relative_rmse,quant_only_qk_logit_rmse,quant_only_attention_output_rmse,scale_only_qk_logit_rmse,scale_only_attention_output_rmse,scale_only_k_rmse,scale_only_v_rmse,payload_bytes_per_k_or_v_token,metadata_bytes_per_k_or_v_token,total_bytes_per_k_or_v_token,kv_pair_bytes_per_token,effective_bits_per_value,estimated_hadamard_stages,estimated_hadamard_butterflies_per_vector,estimated_hadamard_addsub_outputs_per_vector
gaussian,128,64,32,283307183,4,Q8.8,none,1,group64,64,0.10659928868883674,0.1532211725373831,0.9884960840017911,-0.0006214965677160923,-0.0027324029242943725,0.1076225628906532,0.10776268144559073,0.10654364078806419,0.15279324529827598,0.0030747593192827216,0.006247232917740969,0.003099596314860663,0.00318148572311764,32.0,2.0,34.0,68.0,4.25,0,0,0
gaussian,128,64,32,283307183,4,Q8.8,none,1,group32,32,0.09666619351944924,0.13765301626013146,0.9909308329187567,-0.0012608366496720173,-0.0025774627874625487,0.09706643460772264,0.09726854759348688,0.0965909236737714,0.13777083661415776,0.003435198253254161,0.005897644013332797,0.003407502826640527,0.0034775608467595537,32.0,4.0,36.0,72.0,4.5,0,0,0
gaussian,128,64,32,283307183,4,Q8.8,none,1,group16,16,0.08529781943754888,0.11748508965596809,0.9932161658379935,-0.0006414718836991868,-0.0015159257097610685,0.08529038452746499,0.08553959500828533,0.08513750346841313,0.11761319274852346,0.003940194798209667,0.005926382920731618,0.0038498342030303173,0.003881444593094735,32.0,8.0,40.0,80.0,5.0,0,0,0
gaussian,128,64,32,283307183,4,Q8.8,none,1,group8,8,0.0714774107540308,0.09938601464775326,0.9950458197574064,0.0014803850285474464,-0.0025293423893976976,0.07184436906346985,0.07195020064312464,0.07127076959363143,0.09941605602520885,0.004493944176825345,0.006612053108534748,0.004441388976741454,0.004437501413306678,32.0,16.0,48.0,96.0,6.0,0,0,0
gaussian,128,64,32,283307183,4,Q8.8,H4,4,group64,64,0.1075247031531325,0.15113111275635482,0.9890164472945316,-0.0012823163712792033,0.00459414464390171,1.4202853040599894,1.4220536159190487,0.1074631863679539,0.1505980876689704,0.003134137494515121,0.006233696628147664,0.0030802173489077227,0.0031257653534850216,32.0,2.0,34.0,68.0,4.25,2,64,128
gaussian,128,64,32,283307183,4,Q8.8,H4,4,group32,32,0.09716949405579597,0.1372214465053214,0.9905687326936466,-0.0008856276416047976,0.0032221915431993355,1.4193979655276494,1.4211122048639564,0.09710200707706099,0.13682319104613352,0.003389073423200974,0.0064231088995986806,0.003407292119428817,0.003450536594838749,32.0,4.0,36.0,72.0,4.5,2,64,128
gaussian,128,64,32,283307183,4,Q8.8,H4,4,group16,16,0.08431251357655573,0.11694271894150939,0.9930443527996549,9.722500589015703e-05,0.0013031489933447529,1.4185747821051478,1.420549655888208,0.0842290206078437,0.11680238303005579,0.003829841316212015,0.006117899523328699,0.003865902717665762,0.0038508238970629454,32.0,8.0,40.0,80.0,5.0,2,64,128
gaussian,128,64,32,283307183,4,Q8.8,H4,4,group8,8,0.07173270399662116,0.0970785746537754,0.9953254547541035,0.0031466770719471293,0.001111953761720445,1.4178971620241894,1.4198093971121053,0.07152184237730014,0.09694996006639457,0.004376811383204104,0.006371742119030813,0.004439568049233241,0.004433686288183937,32.0,16.0,48.0,96.0,6.0,2,64,128
gaussian,128,64,32,283307183,4,Q8.8,H8,8,group64,64,0.10572394124122275,0.1626346701679961,0.9869484784030857,-0.0006831240117968114,0.005576286105610136,1.4191831459027944,1.4183643142137052,0.10562643227053022,0.16320924047290894,0.0030428093960392826,0.006625515949348193,0.003070951512407027,0.00313044786446979,32.0,2.0,34.0,68.0,4.25,3,96,192
gaussian,128,64,32,283307183,4,Q8.8,H8,8,group32,32,0.09493659921649884,0.13893545352644537,0.9903993605489461,-0.0001394662042051118,-0.00044342046087292823,1.4182306133121034,1.4178024638333075,0.09488479897528991,0.1387692925368223,0.0033332359519014495,0.005945237265312478,0.003406947716324043,0.0034322222322647335,32.0,4.0,36.0,72.0,4.5,3,96,192
gaussian,128,64,32,283307183,4,Q8.8,H8,8,group16,16,0.08487161092190058,0.11863509870600134,0.9929042768193056,-0.001548412380281416,-0.003265173908603578,1.4172469230025173,1.4170081283554816,0.08475574900162887,0.11830232660869366,0.0038186665674658955,0.0061513734081002835,0.0038452101387840567,0.003861652335680936,32.0,8.0,40.0,80.0,5.0,3,96,192
gaussian,128,64,32,283307183,4,Q8.8,H8,8,group8,8,0.0729348058187242,0.10246811426284955,0.9946777837323302,-0.0015387878364028012,-0.003110999186940449,1.4165529527854555,1.4162159535366967,0.0727276976016597,0.10200744406862422,0.0043862099880760215,0.006261937947346368,0.0044325360912186905,0.004434554935742535,32.0,16.0,48.0,96.0,6.0,3,96,192
gaussian,128,64,32,283307183,4,Q8.8,H16,16,group64,64,0.10801589640846264,0.14608000995628453,0.9892914654876361,-0.0015957183553819147,0.005827921293039619,1.419251373084673,1.420894013001861,0.10798227276712878,0.14587586266932465,0.0031342684024633616,0.005976525286588828,0.003133719154977384,0.0031322974618748383,32.0,2.0,34.0,68.0,4.25,4,128,256
gaussian,128,64,32,283307183,4,Q8.8,H16,16,group32,32,0.09772360648333873,0.13426662125896505,0.9909838934889479,-0.0019482563569744936,-0.001681292131657425,1.4183528700333263,1.4205590951544522,0.09761229955276311,0.13414265003907486,0.003427202020064158,0.005795918723191289,0.003435139882095855,0.0034444469606240793,32.0,4.0,36.0,72.0,4.5,4,128,256
gaussian,128,64,32,283307183,4,Q8.8,H16,16,group16,16,0.08475396287797456,0.1141846808521843,0.9934503037766728,-0.0017012651931706914,-0.002387019119266332,1.4176768800265398,1.4199044319344052,0.08462864796887035,0.1141193884585771,0.0038036500427174164,0.006008475560763818,0.003857084361676581,0.0038631759251741274,32.0,8.0,40.0,80.0,5.0,4,128,256
gaussian,128,64,32,283307183,4,Q8.8,H16,16,group8,8,0.07094943122995238,0.09926081598215131,0.9951144799961793,-0.00028500034618571376,0.0038656962499583063,1.4168489910639361,1.419124163933883,0.07095033984836602,0.09945133358681543,0.004377714170576994,0.006689427093198065,0.004420058987698295,0.0044335088438051075,32.0,16.0,48.0,96.0,6.0,4,128,256
gaussian,128,64,32,283307183,4,Q8.8,H32,32,group64,64,0.10764717243894197,0.14947808888634545,0.9889383195383976,0.0019450878382825795,0.0009877896325685771,1.42119702608988,1.417440628597086,0.10763918431044957,0.14930114383309473,0.003065983681014933,0.006321720643863098,0.0030798264295500534,0.003145886915346219,32.0,2.0,34.0,68.0,4.25,5,160,320
gaussian,128,64,32,283307183,4,Q8.8,H32,32,group32,32,0.09755149996983915,0.133376905778106,0.9911439827572561,0.00039538601139983026,0.0007448117880080543,1.4202653980470108,1.4163838742852484,0.09751182492419559,0.1331925385883321,0.0034403579991813646,0.006313255147568564,0.003449803079780857,0.0034415900604196073,32.0,4.0,36.0,72.0,4.5,5,160,320
gaussian,128,64,32,283307183,4,Q8.8,H32,32,group16,16,0.08443737756465504,0.1121893058157558,0.993765404125913,0.0012461031698284032,0.002068272159667895,1.4194836194671967,1.4158012265365898,0.08433351708750104,0.11218296594716447,0.0038564606761335896,0.006275368241150995,0.0038728162438882835,0.0038718393830833786,32.0,8.0,40.0,80.0,5.0,5,160,320
gaussian,128,64,32,283307183,4,Q8.8,H32,32,group8,8,0.07018994795195528,0.099025718929394,0.9952524313004159,0.0004710781208657061,0.0009053227988312795,1.4187695145268027,1.4150780692971792,0.0701542280908654,0.09863942955075083,0.0044172322581255506,0.006643125785074665,0.004411451622406375,0.0044463313567033175,32.0,16.0,48.0,96.0,6.0,5,160,320
gaussian,128,64,32,283307183,4,Q8.8,H64,64,group64,64,0.10752279815403844,0.14628859758011437,0.9892586053663238,-0.0010017125768630732,0.004939103354744387,1.4208292009716448,1.4185537648764721,0.10749310274280396,0.14641933167526458,0.003150826917228003,0.0066462514358192806,0.0031152613459498116,0.003098874097461769,32.0,2.0,34.0,68.0,4.25,6,192,384
gaussian,128,64,32,283307183,4,Q8.8,H64,64,group32,32,0.09691058966843145,0.13719274253226968,0.9908551711300762,-0.0008746164124462315,0.0005127784626412105,1.4201035812543175,1.4179143199832867,0.09681496463168823,0.13669669404710907,0.003446048668696046,0.006015264144710675,0.0034285516715795144,0.003418942833906133,32.0,4.0,36.0,72.0,4.5,6,192,384
gaussian,128,64,32,283307183,4,Q8.8,H64,64,group16,16,0.08386001306712677,0.122557366803612,0.993053093405258,-0.00113827882514682,-0.001452494394201148,1.4193679866850226,1.4173278954854145,0.08374658297187794,0.12232100285636643,0.0038047802758494416,0.005564584604673541,0.0038499154174333893,0.003841493605319469,32.0,8.0,40.0,80.0,5.0,6,192,384
gaussian,128,64,32,283307183,4,Q8.8,H64,64,group8,8,0.07143709715275659,0.10031732489113167,0.9951281976180836,-0.0009273192978691261,-0.0019764383377903144,1.4186130953285323,1.4163622466078363,0.07129180266060718,0.10028096207713179,0.00440264921324079,0.0066634731334347325,0.004421418172851923,0.0044189037016069965,32.0,16.0,48.0,96.0,6.0,6,192,384
gaussian,256,64,32,2740101576,4,Q8.8,none,1,group64,64,0.10771913170847779,0.14771567014314513,0.9889542026056423,0.0014025100150569637,0.001586793806432553,0.10735226611051221,0.10777631298514379,0.10768106408309389,0.14758181780697208,0.0031445513753328527,0.007488024905424284,0.0031231448391021155,0.003086681669968497,32.0,2.0,34.0,68.0,4.25,0,0,0
gaussian,256,64,32,2740101576,4,Q8.8,none,1,group32,32,0.09779544493982284,0.13434929114572344,0.9907204155883694,0.0005850994417797961,0.0006592784149718056,0.09689063727963988,0.09708563330394483,0.09776734189087836,0.13438317958982904,0.003473352757490731,0.007006816096849363,0.003455490936150315,0.003438681306365636,32.0,4.0,36.0,72.0,4.5,0,0,0
gaussian,256,64,32,2740101576,4,Q8.8,none,1,group16,16,0.0862448235265527,0.11917978286192046,0.992665364433098,7.91562478354645e-05,-0.00140906162293676,0.08522053342769534,0.08528338504442821,0.0861848045050099,0.1193436468584844,0.00388715903705051,0.006719668383542424,0.0038666637179293572,0.0038471096693353645,32.0,8.0,40.0,80.0,5.0,0,0,0
gaussian,256,64,32,2740101576,4,Q8.8,none,1,group8,8,0.07191045997753488,0.09899325565469969,0.9951063885850547,-0.000959146772902545,-0.0007624048810184967,0.07185304072082926,0.07180081444921493,0.07175743730478498,0.098356359507541,0.0044257792023552935,0.006965530396322749,0.004426739542731179,0.004419259390881266,32.0,16.0,48.0,96.0,6.0,0,0,0
gaussian,256,64,32,2740101576,4,Q8.8,H4,4,group64,64,0.10936307943229369,0.14621468134476048,0.9892401298293838,0.0003957473314532457,-0.009042941207733026,1.4196788971030712,1.416202326514355,0.10927383952735129,0.14629245957686762,0.0031115586670425817,0.007121951212201599,0.00312646432888712,0.0030808736280621787,32.0,2.0,34.0,68.0,4.25,2,64,128
gaussian,256,64,32,2740101576,4,Q8.8,H4,4,group32,32,0.09874962935275565,0.13201085819987438,0.9912069977936426,-0.0016181400110268568,-0.007393176045857016,1.4188542103126944,1.415470732166636,0.09868220772296317,0.1322750004830644,0.003445311443590495,0.0063755212153287005,0.003449650060024748,0.0034131310602584022,32.0,4.0,36.0,72.0,4.5,2,64,128
gaussian,256,64,32,2740101576,4,Q8.8,H4,4,group16,16,0.08731380548659534,0.11393676342713041,0.9933235231282527,0.00035581713974762935,-0.0012841277756855494,1.4179675083522756,1.4149323579298245,0.087220309290001,0.11472816829339946,0.003905401801552187,0.006299205435589142,0.0038636066610724285,0.0038550963586511037,32.0,8.0,40.0,80.0,5.0,2,64,128
gaussian,256,64,32,2740101576,4,Q8.8,H4,4,group8,8,0.07356231465677815,0.09998919861150832,0.9949199033055667,3.5031966907017096e-05,0.002688326996227526,1.4173434854455305,1.4142655859474857,0.07336412979481939,0.09994058343436589,0.004523168486922662,0.006682445123344797,0.004431417935815435,0.004415599608843242,32.0,16.0,48.0,96.0,6.0,2,64,128
gaussian,256,64,32,2740101576,4,Q8.8,H8,8,group64,64,0.10769860559223593,0.14842297338314478,0.9889316001395856,0.0011822458686891536,0.0015902444431863808,1.417316369142472,1.416722263120919,0.10767859612757759,0.14808136762643226,0.003115403809392765,0.00662858652783343,0.003117326741836383,0.003124424245870125,32.0,2.0,34.0,68.0,4.25,3,96,192
gaussian,256,64,32,2740101576,4,Q8.8,H8,8,group32,32,0.09731273676483101,0.1310477482746212,0.99107222974347,0.0010183005885555112,0.003554660503014068,1.4165741808269805,1.4159812693005407,0.09724149758574356,0.13076489936992877,0.0034465227524452108,0.005986093563547179,0.0034279674847832297,0.003430741045289102,32.0,4.0,36.0,72.0,4.5,3,96,192
gaussian,256,64,32,2740101576,4,Q8.8,H8,8,group16,16,0.0858345173717243,0.11489405117720888,0.9932555511847077,-9.861800361034586e-05,0.0027863125926895663,1.4157186261484018,1.4152655094409128,0.08577009844757484,0.11485893390968728,0.003933346856133569,0.006184262988739164,0.003852177685065169,0.0038506835457543373,32.0,8.0,40.0,80.0,5.0,3,96,192
gaussian,256,64,32,2740101576,4,Q8.8,H8,8,group8,8,0.07303994111537783,0.0988827452021821,0.9951136057208212,-0.00065158122242425,-0.00277067338858912,1.41500301217053,1.4143982357637817,0.07287203594944879,0.09879951623956905,0.004497023183673058,0.006571112686347366,0.00441720640975293,0.004416355990485484,32.0,16.0,48.0,96.0,6.0,3,96,192
gaussian,256,64,32,2740101576,4,Q8.8,H16,16,group64,64,0.10760658172376676,0.14958903604837062,0.9888618029584183,0.0019452911737948212,0.006838150473519245,1.4190124492914946,1.4194157227066206,0.1075756732815698,0.14947665832558932,0.003108515460447057,0.0063900874464599515,0.003102510304514298,0.003090632434090967,32.0,2.0,34.0,68.0,4.25,4,128,256
gaussian,256,64,32,2740101576,4,Q8.8,H16,16,group32,32,0.09784576156923941,0.13698029320321572,0.9906834830677544,0.0020565963962208673,0.00654388902787258,1.4182603196083208,1.4187354877626492,0.09779054554216275,0.13686851900978383,0.0035072980708336344,0.005865730759336353,0.0034221869279216954,0.003429381180441376,32.0,4.0,36.0,72.0,4.5,4,128,256
gaussian,256,64,32,2740101576,4,Q8.8,H16,16,group16,16,0.08516892181767304,0.11711021255040316,0.9930451378577589,0.0011234078364867944,0.00285062628021288,1.4175844149513859,1.4179927469843274,0.08502966056866372,0.117017546122105,0.003899394521920444,0.006221915019156095,0.0038410921001597784,0.0038446861838595616,32.0,8.0,40.0,80.0,5.0,4,128,256
gaussian,256,64,32,2740101576,4,Q8.8,H16,16,group8,8,0.0722069548607259,0.09911395751582296,0.9949216551234702,-0.0011336606613960014,0.0023292518930036125,1.416706958320151,1.4171965558253943,0.07204400686011281,0.09881594421782952,0.004473321235795418,0.006595577584883758,0.004413920560427045,0.004420517757733692,32.0,16.0,48.0,96.0,6.0,4,128,256
gaussian,256,64,32,2740101576,4,Q8.8,H32,32,group64,64,0.10825421724571369,0.1445852938601303,0.9897362658985698,8.858616772989544e-05,0.0068892031751721485,1.4179964825823759,1.417291285812552,0.10815974059870394,0.14423061449212277,0.0031115348244861994,0.006782115934183408,0.003140794601641814,0.003119643139832141,32.0,2.0,34.0,68.0,4.25,5,160,320
gaussian,256,64,32,2740101576,4,Q8.8,H32,32,group32,32,0.09660896382031103,0.13294441376218802,0.9910698179573321,-0.0002608631360592313,0.0011988493958338272,1.4174832457846127,1.4165962316292373,0.09653590441624295,0.13269575847522974,0.0034919800816451386,0.006101153936630355,0.0034547645339235503,0.0034515321166624924,32.0,4.0,36.0,72.0,4.5,5,160,320
gaussian,256,64,32,2740101576,4,Q8.8,H32,32,group16,16,0.08582344504833984,0.11698462944088374,0.9931261110305929,-0.00033654122182606396,-0.0007455808343784363,1.4168200722476745,1.4159514652889422,0.08574241234340144,0.11695892787270395,0.003951423845674946,0.006183891799462655,0.0038801052554359007,0.003876088794673905,32.0,8.0,40.0,80.0,5.0,5,160,320
gaussian,256,64,32,2740101576,4,Q8.8,H32,32,group8,8,0.07199692394151011,0.09466400484387438,0.9955820169425411,-0.00010358335299983169,-0.00037793086804128556,1.4159527592028238,1.415131728036891,0.07187770035675331,0.09500536278139067,0.004497401793567032,0.00683907783658637,0.004439062735618474,0.004419037961597827,32.0,16.0,48.0,96.0,6.0,5,160,320
gaussian,256,64,32,2740101576,4,Q8.8,H64,64,group64,64,0.1084919835777615,0.149465016507145,0.9888069634814143,-0.0002666463749268657,0.002161239925605183,1.4178756228291782,1.4186545793816143,0.10846875226291437,0.1492596329457618,0.003146983068464293,0.007318158626340155,0.003086741679073033,0.0031117544744038,32.0,2.0,34.0,68.0,4.25,6,192,384
gaussian,256,64,32,2740101576,4,Q8.8,H64,64,group32,32,0.09762970040178576,0.1328489805764795,0.9910728791505583,-0.0006017339867461552,0.003058539095528786,1.4171202140957988,1.4181286056728548,0.09755706267376517,0.13251732017120235,0.003410797782786987,0.0061410822026841585,0.0034212293676270326,0.0034477349289044963,32.0,4.0,36.0,72.0,4.5,6,192,384
gaussian,256,64,32,2740101576,4,Q8.8,H64,64,group16,16,0.08635141603076506,0.11692316083839994,0.9931014335033527,-0.00017240116327934643,0.004512744082561103,1.4163675782676386,1.4174938224380338,0.08624671665652409,0.11675132381202646,0.0038991251699422224,0.006074044082862678,0.0038482913455636226,0.0038620421298003658,32.0,8.0,40.0,80.0,5.0,6,192,384
gaussian,256,64,32,2740101576,4,Q8.8,H64,64,group8,8,0.07357530355310844,0.09978586831717849,0.9949319832506232,-0.0010577722523543557,0.004395750346498198,1.4156623617310842,1.416927622629011,0.07339333314801831,0.09946822847683887,0.004461444575077125,0.00654342681865146,0.00441806867379689,0.00443537386589891,32.0,16.0,48.0,96.0,6.0,6,192,384
gaussian,512,64,16,1624174056,4,Q8.8,none,1,group64,64,0.1072014642652279,0.15052313431560949,0.9888518852887825,8.21187565145554e-05,0.005759338428736098,0.10754382179888893,0.10780838019855488,0.10712524781404431,0.14975392457556336,0.003094779571626709,0.006638214969623516,0.003087666234699432,0.003072543393001907,32.0,2.0,34.0,68.0,4.25,0,0,0
gaussian,512,64,16,1624174056,4,Q8.8,none,1,group32,32,0.09742851406459763,0.1379100119486851,0.9904864295388944,-0.002101034544693854,0.007895170058274543,0.09700892931420661,0.09711903318346579,0.0973686986899476,0.1378488640870602,0.003479534071854417,0.006719313176878033,0.0034389064012150007,0.003401347863047671,32.0,4.0,36.0,72.0,4.5,0,0,0
gaussian,512,64,16,1624174056,4,Q8.8,none,1,group16,16,0.08559869455394946,0.11628720030629694,0.9932947970945878,-0.0012111894136901523,0.006405656231463453,0.0852878398897282,0.08526592736794436,0.0855233759041059,0.11600234649924576,0.003836772140819071,0.006604137460783452,0.0038629241914945518,0.003853732070717714,32.0,8.0,40.0,80.0,5.0,0,0,0
gaussian,512,64,16,1624174056,4,Q8.8,none,1,group8,8,0.07180919199289611,0.1011100211393037,0.9948967671837334,-0.00036720469453709894,-0.0006396223467031743,0.0718696637510171,0.07186294590879795,0.07166219402561447,0.10108555087600452,0.004373105769270103,0.006963524317155837,0.004441843357734879,0.004423197565686517,32.0,16.0,48.0,96.0,6.0,0,0,0
gaussian,512,64,16,1624174056,4,Q8.8,H4,4,group64,64,0.10754877528452463,0.16008988161847243,0.9876019137384001,-0.0008596095128308594,0.0066687156230199485,1.4189818017488642,1.4178940490533376,0.10742951690549755,0.15958934776010059,0.0031150316859288245,0.006926905161720623,0.0030850912591437354,0.0030795660225871615,32.0,2.0,34.0,68.0,4.25,2,64,128
gaussian,512,64,16,1624174056,4,Q8.8,H4,4,group32,32,0.09706433234948676,0.14430658183509856,0.9899453946122808,-0.0001824148697789364,0.0035637040614447334,1.4184962188030092,1.4173929214554135,0.09695414447332103,0.1433893658318379,0.003446468847326328,0.006655847953458914,0.003425561433213035,0.0034269183189753567,32.0,4.0,36.0,72.0,4.5,2,64,128
gaussian,512,64,16,1624174056,4,Q8.8,H4,4,group16,16,0.08637192566168538,0.12627698119015884,0.9920580499484213,0.00025456176834546466,0.001344374356081555,1.417883942992783,1.4165272574161512,0.08626179922131585,0.12560051267745315,0.003849186118165897,0.0067573430200774534,0.0038519233079985764,0.003848046986199638,32.0,8.0,40.0,80.0,5.0,2,64,128
gaussian,512,64,16,1624174056,4,Q8.8,H4,4,group8,8,0.07219676935603601,0.10254578216051631,0.9948425287014928,0.00030682132237913747,0.002562196427689115,1.4170908234520925,1.415911600613203,0.07208947849633059,0.10194967626116916,0.004389991336649193,0.007253503889985262,0.0044233619152301866,0.004412294551590619,32.0,16.0,48.0,96.0,6.0,2,64,128
gaussian,512,64,16,1624174056,4,Q8.8,H8,8,group64,64,0.10734400220159418,0.1567286938687435,0.9878423925828679,-0.0007361275384927873,0.0020106035547495507,1.4187134099751255,1.4191744667775563,0.10730063078332062,0.15658265797698356,0.0030842222057310183,0.006639857208819324,0.0031032442477224595,0.0031072837978465217,32.0,2.0,34.0,68.0,4.25,3,96,192
gaussian,512,64,16,1624174056,4,Q8.8,H8,8,group32,32,0.09570900944928233,0.13527248576542103,0.9909271743374415,9.968133697872594e-05,-0.003761060704631471,1.4179908711490046,1.4185932240107697,0.09564913661029022,0.13529738322119383,0.0033978461656756446,0.005990486899488676,0.0034188951663637703,0.0034392250361495796,32.0,4.0,36.0,72.0,4.5,3,96,192
gaussian,512,64,16,1624174056,4,Q8.8,H8,8,group16,16,0.08368482448723838,0.12294874302046148,0.992570743335692,-0.0006684502916041757,-0.0017758487581440322,1.4174138678805415,1.4177411225965761,0.08363228465217455,0.12268668092847766,0.003826732581574292,0.006380781286598283,0.0038490745130311485,0.0038745803947701704,32.0,8.0,40.0,80.0,5.0,3,96,192
gaussian,512,64,16,1624174056,4,Q8.8,H8,8,group8,8,0.07057282265911695,0.10354001071308794,0.9946817786260345,-7.922337485293307e-05,-0.0016667062337859567,1.4165489967515885,1.4171239223560597,0.07045554169453114,0.1032038493825372,0.00445963494626682,0.007011508541358443,0.004429806123775769,0.004444140328171749,32.0,16.0,48.0,96.0,6.0,3,96,192
gaussian,512,64,16,1624174056,4,Q8.8,H16,16,group64,64,0.10684453651484244,0.14824393839380248,0.9893012834669253,-0.0004710066318333047,-0.000758628424016252,1.417287389038844,1.4150200858223176,0.10682594987318303,0.14827650001076395,0.003106350357977851,0.007076025088424503,0.0030895709589331658,0.0031082327180892333,32.0,2.0,34.0,68.0,4.25,4,128,256
gaussian,512,64,16,1624174056,4,Q8.8,H16,16,group32,32,0.09619215287542089,0.13616402968440577,0.9908839587155235,-0.0012003561604046157,-0.00047948044659090213,1.416613134047485,1.4142349849668712,0.09613779058784261,0.13616612687925325,0.0034279057849310422,0.0061496757446797634,0.0034332706682782773,0.003438841042054806,32.0,4.0,36.0,72.0,4.5,4,128,256
gaussian,512,64,16,1624174056,4,Q8.8,H16,16,group16,16,0.08483952868248783,0.12139049824231793,0.9927455597306793,-0.0008051854761056664,-0.0017833069380235429,1.415915393034898,1.4136130904580102,0.08484458300375113,0.121176032749786,0.0038572489569516336,0.005960091963534068,0.0038546427966924548,0.0038685352258818586,32.0,8.0,40.0,80.0,5.0,4,128,256
gaussian,512,64,16,1624174056,4,Q8.8,H16,16,group8,8,0.07151574096317796,0.1037112681689173,0.9947113087896529,1.4013465858983782e-05,-0.0011876658144025331,1.4150899200903122,1.412869816056748,0.07143029511381173,0.10353272930581998,0.004395615703346476,0.0067820340560841835,0.004425273113576073,0.0044281595133969865,32.0,16.0,48.0,96.0,6.0,4,128,256
gaussian,512,64,16,1624174056,4,Q8.8,H32,32,group64,64,0.10737101028212596,0.16130209673915305,0.9873613051011749,-0.00017985043342512696,0.004901314147133958,1.4190641230548777,1.416962039706442,0.10730623847393132,0.16169972530277518,0.0031046332274104237,0.007086903349704224,0.003111230666302304,0.0031234328939423214,32.0,2.0,34.0,68.0,4.25,5,160,320
gaussian,512,64,16,1624174056,4,Q8.8,H32,32,group32,32,0.09804102455007616,0.14636778655237379,0.9895683324324138,-0.00024746140971735524,-0.0035106095170972765,1.4185142646712205,1.4163822057071787,0.09791504424580409,0.1468009731695021,0.00340799569296368,0.00640057162009001,0.0034301401335318418,0.003447937958001562,32.0,4.0,36.0,72.0,4.5,5,160,320
gaussian,512,64,16,1624174056,4,Q8.8,H32,32,group16,16,0.08557078978406947,0.12337679131885017,0.9925236465228433,7.493831053522548e-05,-0.001972786136527349,1.4176856010957681,1.4155629712802866,0.08549479459650151,0.12328535943220192,0.0038729515176515908,0.006881246287994263,0.003856453995990439,0.0038756805181804606,32.0,8.0,40.0,80.0,5.0,5,160,320
gaussian,512,64,16,1624174056,4,Q8.8,H32,32,group8,8,0.07189085727139052,0.10748271163830045,0.9941256704463076,-0.0007936674442478843,-0.0031823650013353697,1.4168392033118609,1.4149351052903487,0.07179168555152303,0.10685237229236848,0.004409206464130121,0.007214482187550973,0.004429680425574742,0.0044367665006348105,32.0,16.0,48.0,96.0,6.0,5,160,320
gaussian,512,64,16,1624174056,4,Q8.8,H64,64,group64,64,0.10732767260728118,0.15128268863027175,0.9888932212609401,-0.000727206665630219,0.0009155623129471632,1.4192190201371908,1.4180449137719247,0.10732019182567812,0.15149649718890368,0.0031015520806124543,0.006798577657542251,0.0031002186645063324,0.0031121858830905815,32.0,2.0,34.0,68.0,4.25,6,192,384
gaussian,512,64,16,1624174056,4,Q8.8,H64,64,group32,32,0.09600897356222943,0.13552439864759847,0.9908476269328317,0.0003965157940201302,0.00234194166922658,1.4185315028288854,1.4173887175667432,0.09597427190211193,0.1360628046703054,0.003405280408838568,0.006253025765964759,0.00342946035819955,0.0034284158303832554,32.0,4.0,36.0,72.0,4.5,6,192,384
gaussian,512,64,16,1624174056,4,Q8.8,H64,64,group16,16,0.0842544400997052,0.12321312931883598,0.9923449581541512,0.001602655059703192,0.002876529593022012,1.4176485210728575,1.416616054465682,0.08415196064833551,0.12333973278081042,0.0038486931827088557,0.006355318797569778,0.003853404954909082,0.003867149116476491,32.0,8.0,40.0,80.0,5.0,6,192,384
gaussian,512,64,16,1624174056,4,Q8.8,H64,64,group8,8,0.07089641420180878,0.11098552599139606,0.9936202584672504,-0.00021983043464357416,0.00186096249275432,1.4169349978410253,1.4159089923160517,0.07071422382937557,0.11039979026822527,0.004392363147531241,0.006878504012950533,0.004421574252730332,0.004413148805131665,32.0,16.0,48.0,96.0,6.0,6,192,384
gaussian,1024,64,8,672687743,4,Q8.8,none,1,group64,64,0.10801685854046277,0.15931498360189664,0.9876121647096868,-0.00034262646921488766,-0.005571220737666468,0.10752576464886764,0.10736995389741402,0.10794563362985288,0.15936286855396664,0.003086718354724231,0.006616389496755949,0.0030969744925712743,0.0031102841574501606,32.0,2.0,34.0,68.0,4.25,0,0,0
gaussian,1024,64,8,672687743,4,Q8.8,none,1,group32,32,0.09818092055320442,0.1421811634987635,0.9901143411658564,0.0004406489944006908,-0.004360903865437592,0.09703439491312975,0.09682159377329742,0.09815356403652975,0.1421596100839011,0.003402062454978499,0.0059345422254177705,0.003415228483680003,0.003445255726484639,32.0,4.0,36.0,72.0,4.5,0,0,0
gaussian,1024,64,8,672687743,4,Q8.8,none,1,group16,16,0.08694470780107026,0.11833712106570381,0.9927854557130025,0.0004994240390437186,-0.004431640962642039,0.08527670626890096,0.0850738326772262,0.08692901818781308,0.11783389443439851,0.003863889792026962,0.006242228826987229,0.0038443608121008616,0.0038713590458232493,32.0,8.0,40.0,80.0,5.0,0,0,0
gaussian,1024,64,8,672687743,4,Q8.8,none,1,group8,8,0.0736691869253222,0.09918691192881153,0.9950346910563626,-0.0006710412701940485,-0.0018483290553838931,0.07194094203236881,0.07173106351668757,0.07357411992901415,0.09860891845963093,0.004439283042830737,0.006905553356507436,0.00440777222889315,0.004435195177477553,32.0,16.0,48.0,96.0,6.0,0,0,0
gaussian,1024,64,8,672687743,4,Q8.8,H4,4,group64,64,0.10754736486158015,0.15829111016196634,0.9878480789207933,0.0006561902446125881,-0.0030220617839166173,1.4173570570915566,1.419442236058816,0.10746939569720401,0.15833596179746787,0.0031157277174986247,0.006757318068313776,0.0031204254245171125,0.0031085512884425404,32.0,2.0,34.0,68.0,4.25,2,64,128
gaussian,1024,64,8,672687743,4,Q8.8,H4,4,group32,32,0.09689082834385143,0.1424237757731867,0.9896127306252451,-0.0003336666243854864,-0.00626862277358457,1.4166746104688461,1.418808178410085,0.09683022462154958,0.14218173819826566,0.003429967272511156,0.00583366119225246,0.0034589635169819735,0.003427282779581279,32.0,4.0,36.0,72.0,4.5,2,64,128
gaussian,1024,64,8,672687743,4,Q8.8,H4,4,group16,16,0.08516941250398365,0.11543270068927326,0.9931934633319782,-0.0012328447417099036,-0.0032925629014227582,1.4162027057053108,1.4180291945566548,0.08514864973564083,0.1152244939336773,0.0038692763120243513,0.006545817508096361,0.0038822828099913803,0.0038581038839787234,32.0,8.0,40.0,80.0,5.0,2,64,128
gaussian,1024,64,8,672687743,4,Q8.8,H4,4,group8,8,0.0716276094586698,0.1010674755674622,0.9947249999236605,0.0006508384288701702,-0.004360546122548494,1.4154723561660263,1.4171283494635254,0.07155050958308123,0.10105798943836791,0.004450958284641141,0.006901577646404146,0.0044490815675664415,0.004428298047235949,32.0,16.0,48.0,96.0,6.0,2,64,128
gaussian,1024,64,8,672687743,4,Q8.8,H8,8,group64,64,0.10983024547312119,0.1538423352299529,0.9880889633184061,-0.0005766055707431591,0.011649696586539122,1.4202648795786401,1.4194631206194384,0.10983033373266073,0.15443247212598457,0.003107088270181881,0.006427943263012841,0.003110906312409164,0.003113973737872659,32.0,2.0,34.0,68.0,4.25,3,96,192
gaussian,1024,64,8,672687743,4,Q8.8,H8,8,group32,32,0.09851016793001109,0.13282886975413405,0.9912294430494917,-0.0002099395340245318,0.0024433073862244878,1.4195192979149758,1.4186605080307497,0.09846027115206112,0.13259017015200317,0.0034389275437700663,0.006498509243730601,0.0034298233288773718,0.0034403474292142326,32.0,4.0,36.0,72.0,4.5,3,96,192
gaussian,1024,64,8,672687743,4,Q8.8,H8,8,group16,16,0.08701890183741681,0.11966101365684814,0.9926265292357039,-8.952677724781572e-05,-0.0008216863915942433,1.418679404117365,1.417938309544653,0.08695058702201247,0.11913501693054686,0.0038636488472541543,0.006635543282942311,0.0038685235224447637,0.003872897083789577,32.0,8.0,40.0,80.0,5.0,3,96,192
gaussian,1024,64,8,672687743,4,Q8.8,H8,8,group8,8,0.0721456260559582,0.09930628998730591,0.9948581858231145,-0.0005259113909957702,-0.0049080050478996174,1.418087285884001,1.4171152717211581,0.07207834781553152,0.0991647145015801,0.004468286317286685,0.007334842398538581,0.004430504093621802,0.0044254318192046855,32.0,16.0,48.0,96.0,6.0,3,96,192
gaussian,1024,64,8,672687743,4,Q8.8,H16,16,group64,64,0.10869750178729498,0.1452549558132812,0.9893035796363157,-0.0002260413014445075,0.0044400062646570435,1.4186799639336176,1.4203832965084606,0.10862371565292786,0.14536590173314015,0.0031045924266581404,0.006609662408238223,0.0031468770250679093,0.0031043293033975496,32.0,2.0,34.0,68.0,4.25,4,128,256
gaussian,1024,64,8,672687743,4,Q8.8,H16,16,group32,32,0.09806898037723721,0.13459390203426208,0.9908045644234686,-0.00019259125478594477,0.010958805962007956,1.4181327401425818,1.4198399329937474,0.09800695507475078,0.13447240469971253,0.003449557448076044,0.006352228620217287,0.0034594389969660067,0.00343399714985691,32.0,4.0,36.0,72.0,4.5,4,128,256
gaussian,1024,64,8,672687743,4,Q8.8,H16,16,group16,16,0.08676564284682928,0.12029305382577635,0.9925704215687445,-0.0009545247368606592,-0.002345853242223126,1.4173430798377715,1.4191129101101447,0.08665824076599188,0.12017712238768823,0.0038753668882495177,0.006553175976772303,0.003886965825509203,0.003855074477740072,32.0,8.0,40.0,80.0,5.0,4,128,256
gaussian,1024,64,8,672687743,4,Q8.8,H16,16,group8,8,0.07209039320427058,0.1027666477479003,0.9947709381768073,-0.0008993567488717352,0.00035916414316971326,1.416581304720495,1.4184150978244436,0.07191720898651788,0.10265127494337926,0.004482051792910188,0.006898994995166397,0.00443967661578745,0.00442075974031553,32.0,16.0,48.0,96.0,6.0,4,128,256
gaussian,1024,64,8,672687743,4,Q8.8,H32,32,group64,64,0.1084581363275381,0.15049649783599411,0.988741469730109,-0.00040576613554992475,-0.003052360799698215,1.4147741089805,1.4166571837796889,0.10841995378463479,0.1503634112050785,0.0031099699199082422,0.007023316690027881,0.0030987297873941964,0.003113164994628573,32.0,2.0,34.0,68.0,4.25,5,160,320
gaussian,1024,64,8,672687743,4,Q8.8,H32,32,group32,32,0.0979297176290102,0.14140873983658256,0.9902872900756565,-0.0012394015546617744,0.0017293693629988928,1.4138117020762573,1.4160972561571818,0.09779945425173038,0.14138188726497147,0.0034669870665584033,0.006724600513595113,0.003434696287012839,0.003438468151687721,32.0,4.0,36.0,72.0,4.5,5,160,320
gaussian,1024,64,8,672687743,4,Q8.8,H32,32,group16,16,0.08528417511326505,0.1270852889268452,0.9917166756430695,-0.0007817475960806955,-0.005423237850445132,1.413164571802095,1.4154556781525571,0.0851446852137067,0.12721067071911846,0.003934932346683785,0.006583445963300246,0.003867133711864571,0.003858447331419567,32.0,8.0,40.0,80.0,5.0,5,160,320
gaussian,1024,64,8,672687743,4,Q8.8,H32,32,group8,8,0.07261491791053895,0.10667381914427194,0.9941922785629598,-0.001934842893989664,0.0004199655803893616,1.4125976887559173,1.4146122006410253,0.07252342770087924,0.10664199843158079,0.004512958368785339,0.0068429494874172325,0.004427920023056275,0.004426055126992328,32.0,16.0,48.0,96.0,6.0,5,160,320
gaussian,1024,64,8,672687743,4,Q8.8,H64,64,group64,64,0.10891377305827946,0.15750905362782094,0.9880868903904383,-0.0002690667976898409,-0.001911990223920167,1.4187126949525268,1.4179328101695132,0.10881242475526756,0.1570832152521822,0.003116626957011589,0.006949542997003108,0.0031125797249019122,0.003089922258978234,32.0,2.0,34.0,68.0,4.25,6,192,384
gaussian,1024,64,8,672687743,4,Q8.8,H64,64,group32,32,0.09715415357141488,0.13544070071609454,0.9907043869098593,0.0011354881033950512,0.0038693813208589114,1.4181550573284138,1.4173861400491918,0.09713492788074543,0.13518427461065088,0.0034296951387446165,0.006659578617234263,0.0034217643157502596,0.0034383252813418048,32.0,4.0,36.0,72.0,4.5,6,192,384
gaussian,1024,64,8,672687743,4,Q8.8,H64,64,group16,16,0.08630722901470674,0.11447501418600863,0.9932520215166942,-6.434741075632083e-05,0.0061071037021280744,1.4174424485759078,1.4165724488239733,0.08616480983811212,0.11385317604878471,0.0038916054432247466,0.0062000640505709,0.0038546181091023194,0.0038624446778124117,32.0,8.0,40.0,80.0,5.0,6,192,384
gaussian,1024,64,8,672687743,4,Q8.8,H64,64,group8,8,0.0729647682779112,0.09804149677858469,0.9950552645593396,0.0003669432111915764,0.0003714904514360046,1.4165937077437936,1.4159296950430278,0.07282787296222602,0.09748796637711087,0.004444844197406416,0.00658512120721516,0.0044314411807889085,0.00441813127641562,32.0,16.0,48.0,96.0,6.0,6,192,384
gaussian,2048,64,4,2949969645,4,Q8.8,none,1,group64,64,0.10718448325815157,0.13813112863970373,0.990880570523197,0.0018768248212005167,0.010662302639242576,0.10754190623911056,0.10732220867445073,0.10717268412099391,0.13848883280089466,0.0031057967452003264,0.006271087400212064,0.0031357647001548795,0.003113902677724463,32.0,2.0,34.0,68.0,4.25,0,0,0
gaussian,2048,64,4,2949969645,4,Q8.8,none,1,group32,32,0.09677225309205158,0.11950027610246472,0.993449320306169,0.00043752401894014856,0.017644863694319248,0.09702302404549581,0.09687834328643226,0.09670079499097389,0.11935050315982364,0.0034664251476122575,0.005909668961275452,0.0034409645712487865,0.0034410941108982346,32.0,4.0,36.0,72.0,4.5,0,0,0
gaussian,2048,64,4,2949969645,4,Q8.8,none,1,group16,16,0.08610854008883992,0.11655220570481836,0.9938088024526879,-0.000761234008468484,0.007003135384169834,0.08522099754757058,0.08514554160444207,0.08605462223679426,0.11580628023224032,0.003891101506397902,0.005633961863527141,0.0038702952396144144,0.0038533490496233916,32.0,8.0,40.0,80.0,5.0,0,0,0
gaussian,2048,64,4,2949969645,4,Q8.8,none,1,group8,8,0.07225596053752607,0.0953133885568845,0.9955705763651256,2.662925071335108e-05,0.0041475567259219364,0.07182969888863269,0.07175819359525702,0.0720920965252654,0.09537059651105645,0.004479005862911226,0.0063455572604432554,0.004435430486795342,0.004408580547371044,32.0,16.0,48.0,96.0,6.0,0,0,0
gaussian,2048,64,4,2949969645,4,Q8.8,H4,4,group64,64,0.10953344424734943,0.14326962163685186,0.9900451207605965,-0.0013258065003392775,0.005555245078570859,1.4180338242787198,1.41727513773111,0.10953336897940388,0.143972924870272,0.0030854261257790092,0.007152603794306323,0.0030800075233562564,0.0031099099390094454,32.0,2.0,34.0,68.0,4.25,2,64,128
gaussian,2048,64,4,2949969645,4,Q8.8,H4,4,group32,32,0.09947685876126884,0.13436815502355048,0.9910020025040147,-0.0005595538043720414,0.003300145978291518,1.4172205398150353,1.4165870325912924,0.09943358595684096,0.134393658366947,0.0034269215810250704,0.006676526596943248,0.003422007055121326,0.0034289156644592444,32.0,4.0,36.0,72.0,4.5,2,64,128
gaussian,2048,64,4,2949969645,4,Q8.8,H4,4,group16,16,0.08644792848036029,0.11590932024040887,0.9933013665258742,-0.00031795125488186775,0.011072156559567198,1.4165309295612325,1.4160189820309526,0.08634818857186272,0.11482629739024287,0.003840889418972612,0.0064554561526257775,0.0038628847035095276,0.0038661399727912384,32.0,8.0,40.0,80.0,5.0,2,64,128
gaussian,2048,64,4,2949969645,4,Q8.8,H4,4,group8,8,0.07312546238321954,0.09022370309721944,0.995950867075599,0.0005755321458925485,0.009757019419542509,1.4157048263785978,1.4153440991724822,0.07304446850370856,0.08951057636638342,0.004388487106369868,0.006839303547944547,0.004422906759179149,0.004438095551297871,32.0,16.0,48.0,96.0,6.0,2,64,128
gaussian,2048,64,4,2949969645,4,Q8.8,H8,8,group64,64,0.10939284010172952,0.14502598467064967,0.9891643748205639,-0.00016359745226555254,0.022703129852003966,1.4158039965634635,1.4208620087679291,0.10932200799626828,0.14455704146570486,0.0031204314029257144,0.007683828343394226,0.0031133167037424164,0.003107200920439488,32.0,2.0,34.0,68.0,4.25,3,96,192
gaussian,2048,64,4,2949969645,4,Q8.8,H8,8,group32,32,0.09829879349090563,0.1395121145194695,0.9900421328141945,-0.0011232259119907577,0.01192610538621961,1.4147154638560957,1.420230703229765,0.09830588676797664,0.13924314132707064,0.0034068993249681484,0.006818645342108677,0.003441762557885067,0.003429421742962659,32.0,4.0,36.0,72.0,4.5,3,96,192
gaussian,2048,64,4,2949969645,4,Q8.8,H8,8,group16,16,0.08593661390239046,0.11427216362497099,0.9933718048044307,-0.0009741614878990467,0.00397490585363148,1.4139832827035477,1.4196465308576798,0.0858919989321954,0.11394610672544409,0.0038590535918069644,0.0066179787861020325,0.003864760464263644,0.0038627577976367462,32.0,8.0,40.0,80.0,5.0,3,96,192
gaussian,2048,64,4,2949969645,4,Q8.8,H8,8,group8,8,0.07244625024595494,0.09463288037982388,0.9955674760611581,-0.001501576453402505,-0.001589492334251266,1.4133290176033333,1.4188459207902921,0.07232664840144275,0.09445045170273629,0.004507664356479312,0.0069280308815259616,0.004429231854116524,0.004428368602044514,32.0,16.0,48.0,96.0,6.0,3,96,192
gaussian,2048,64,4,2949969645,4,Q8.8,H16,16,group64,64,0.10920695806947038,0.13853305921919257,0.9905121441407236,-0.0010968285400721083,-0.00045733745502646187,1.4192678005135664,1.420458939741959,0.10922844180283516,0.13894913674650644,0.0030543253110762877,0.005977224426121456,0.0031070429859814583,0.0031120154391816243,32.0,2.0,34.0,68.0,4.25,4,128,256
gaussian,2048,64,4,2949969645,4,Q8.8,H16,16,group32,32,0.09812944624064736,0.12021242877897542,0.9930081883977933,-0.002409654137731268,0.00109126488161133,1.418455493446879,1.419626652808858,0.09811078827061198,0.12070794368947715,0.0034324843496383825,0.006134457387220879,0.003455773383162248,0.0034322285744925692,32.0,4.0,36.0,72.0,4.5,4,128,256
gaussian,2048,64,4,2949969645,4,Q8.8,H16,16,group16,16,0.08661695508447655,0.10785694138740394,0.9941992099935626,-0.0019658360647073513,0.0013702456983772943,1.4177714261544518,1.4190986523489242,0.08653435072636181,0.10855762235339055,0.0038753394245364145,0.006304607746800906,0.0038620124618452037,0.0038562216589644173,32.0,8.0,40.0,80.0,5.0,4,128,256
gaussian,2048,64,4,2949969645,4,Q8.8,H16,16,group8,8,0.07284637430465918,0.08929096383208511,0.995907348514119,-8.106554263330106e-05,0.007935533706023198,1.4170658105710712,1.418420083511823,0.07262718637464728,0.08885998217962122,0.004452402751741759,0.006324311317717458,0.004422466517369487,0.004424287342828661,32.0,16.0,48.0,96.0,6.0,4,128,256
gaussian,2048,64,4,2949969645,4,Q8.8,H32,32,group64,64,0.10775670155166947,0.1471346772332386,0.9889619076441988,0.0010730076729894857,0.011313726379206905,1.4185091163858103,1.4176834134881695,0.10772827671072557,0.148083688401901,0.0031420898260376942,0.007100877006180603,0.0031244199089812026,0.003090295648604858,32.0,2.0,34.0,68.0,4.25,5,160,320
gaussian,2048,64,4,2949969645,4,Q8.8,H32,32,group32,32,0.09844287124049977,0.12263511599602095,0.9924860850855304,-0.00024223214994582309,0.0035411304954715336,1.4177410475081453,1.4171256781018053,0.09835744447341759,0.12304090595590751,0.0034019621511081496,0.005745344770975871,0.003444476994035923,0.0034249457333289934,32.0,4.0,36.0,72.0,4.5,5,160,320
gaussian,2048,64,4,2949969645,4,Q8.8,H32,32,group16,16,0.08558549718571552,0.10789922429795064,0.9941307247115289,-0.0016129793627182366,0.007269220183668846,1.4170957412142557,1.416557995223313,0.08555879418264344,0.10834029621964346,0.0039061802328235074,0.006373024980408934,0.003867298069908121,0.0038503821044983903,32.0,8.0,40.0,80.0,5.0,5,160,320
gaussian,2048,64,4,2949969645,4,Q8.8,H32,32,group8,8,0.07295993472100819,0.09279087567309535,0.9957543340370156,-7.115520789154487e-05,0.005089761998854197,1.4162528441579039,1.4157287606371873,0.07286158719621808,0.09277430471100737,0.004495459823655677,0.006288040239123104,0.004433072800864094,0.004419668281941687,32.0,16.0,48.0,96.0,6.0,5,160,320
gaussian,2048,64,4,2949969645,4,Q8.8,H64,64,group64,64,0.10780688977630239,0.1371904843672302,0.9908439945173078,-0.000596361391422551,-0.011018710144397804,1.4185915260825879,1.4204415097728604,0.10777807696078293,0.13738722377878962,0.003111582004713165,0.006966577031621438,0.003109461990881505,0.0031069106242398443,32.0,2.0,34.0,68.0,4.25,6,192,384
gaussian,2048,64,4,2949969645,4,Q8.8,H64,64,group32,32,0.09780646271942993,0.12870218570357403,0.9918957829966958,3.6882509254823976e-05,0.004628854616982014,1.4179263592660305,1.419633896444105,0.09772396648433666,0.1278492248498763,0.0035144684157931566,0.006398536820713455,0.0034489503503455413,0.003421357869476305,32.0,4.0,36.0,72.0,4.5,6,192,384
gaussian,2048,64,4,2949969645,4,Q8.8,H64,64,group16,16,0.086852853982573,0.11487682823449633,0.9935364148255112,-0.00015293410906677546,0.005170131813306955,1.4173753385927563,1.4190228628160078,0.0868101725817477,0.1143541934061689,0.003901447748280184,0.006171083925120642,0.0038541329659470104,0.003840396998862304,32.0,8.0,40.0,80.0,5.0,6,192,384
gaussian,2048,64,4,2949969645,4,Q8.8,H64,64,group8,8,0.07191220869948603,0.08528791845177766,0.9964081528571661,0.0003856521386962601,0.0022396436014814826,1.416673383296263,1.4184013864590106,0.07185111752627636,0.0854361004046357,0.004498873226651803,0.006738225458147335,0.0044201891620074185,0.004425885132341099,32.0,16.0,48.0,96.0,6.0,6,192,384
gaussian,4096,64,4,2313326171,4,Q8.8,none,1,group64,64,0.10625877229957026,0.1689159980060205,0.9857855873040298,-0.0007499845701057021,0.01042127141552327,0.10786357902557472,0.10784232349018297,0.10621159066586007,0.16856523091221723,0.003090783485372249,0.008030785665571437,0.003095611691051296,0.00309234766081817,32.0,2.0,34.0,68.0,4.25,0,0,0
gaussian,4096,64,4,2313326171,4,Q8.8,none,1,group32,32,0.09756959861300121,0.14749252173601435,0.9892430843298132,3.635487270962924e-05,-0.001673973789895908,0.09724205721255803,0.09715265651601981,0.0975302958894022,0.14704024905194285,0.003415898833437598,0.006698286421407169,0.003427577947692004,0.0034383529586280103,32.0,4.0,36.0,72.0,4.5,0,0,0
gaussian,4096,64,4,2313326171,4,Q8.8,none,1,group16,16,0.08477167060154919,0.13043307738848056,0.991608963330073,0.0002085417581073414,0.0038719690207295533,0.08544347705472419,0.0853147757638056,0.08474081443619272,0.12986263494519618,0.0038436648996189185,0.0067969565651653996,0.003855739779933243,0.003859978349027501,32.0,8.0,40.0,80.0,5.0,0,0,0
gaussian,4096,64,4,2313326171,4,Q8.8,none,1,group8,8,0.07197626460797087,0.11003793994323004,0.9940752436700442,0.00027325193615345333,0.0013957109259065154,0.0719951938775816,0.07189621862763008,0.07187975130180457,0.11008979145917595,0.004385532570110507,0.007032242384967914,0.00442903658967389,0.00443436541467597,32.0,16.0,48.0,96.0,6.0,0,0,0
gaussian,4096,64,4,2313326171,4,Q8.8,H4,4,group64,64,0.10643232801803235,0.15884977945086218,0.9877722308981773,0.001011900347268849,0.004821544426165681,1.4191516524024128,1.4182044689436473,0.10634728899430451,0.1583948560575474,0.003089626481008516,0.007304946318504492,0.0031101172712216696,0.0030643332300015875,32.0,2.0,34.0,68.0,4.25,2,64,128
gaussian,4096,64,4,2313326171,4,Q8.8,H4,4,group32,32,0.09564132010627426,0.13518043936296698,0.9912119322501948,0.00035572618489673443,0.0015606113036461873,1.4184134736222043,1.4175885226074332,0.09557928020362619,0.13558439804429226,0.0034180191028924467,0.00719285231802145,0.0034420352964270946,0.0034162468520609226,32.0,4.0,36.0,72.0,4.5,2,64,128
gaussian,4096,64,4,2313326171,4,Q8.8,H4,4,group16,16,0.084141248354331,0.12697267270993473,0.9921172421896832,0.0006448999894737548,0.011717861364557013,1.417640275260284,1.4168192405004012,0.08403661033093748,0.127746188839293,0.003861587166902869,0.0068963592034094546,0.00385963617870243,0.0038576838929387583,32.0,8.0,40.0,80.0,5.0,2,64,128
gaussian,4096,64,4,2313326171,4,Q8.8,H4,4,group8,8,0.07130610774705458,0.10271756388379809,0.9947874018456331,0.0003541692293728062,-0.006613447231126945,1.4169856973025057,1.4159378881196623,0.0711914092021429,0.10338756388813491,0.004426301968683006,0.00760336719738116,0.004422318458226712,0.004423779173171312,32.0,16.0,48.0,96.0,6.0,2,64,128
gaussian,4096,64,4,2313326171,4,Q8.8,H8,8,group64,64,0.10695962514337605,0.16329387792437752,0.98720614219672,0.0007502265181957975,-0.012664713619984102,1.418814808606984,1.420017299373695,0.1069688558012929,0.16275113454492232,0.0030812018211574285,0.006660654493087102,0.0031017153048748854,0.003092539233586208,32.0,2.0,34.0,68.0,4.25,3,96,192
gaussian,4096,64,4,2313326171,4,Q8.8,H8,8,group32,32,0.0959790519814151,0.15177194884354372,0.9887779272512719,0.00038129946878970956,-0.008125662156822769,1.4180810314010683,1.4192195707702713,0.09593005698216799,0.15144594342660525,0.003437447842016064,0.006428215941533748,0.0034421595017744794,0.0034277849696459587,32.0,4.0,36.0,72.0,4.5,3,96,192
gaussian,4096,64,4,2313326171,4,Q8.8,H8,8,group16,16,0.08482868598013157,0.12928770607449805,0.9917330032775498,-0.0003231269696316503,-0.011515760426049366,1.417368512044085,1.4186264754481162,0.08472452533799145,0.12859080961885533,0.003845260087156805,0.0069393475191763185,0.003870701498331313,0.0038644930850765136,32.0,8.0,40.0,80.0,5.0,3,96,192
gaussian,4096,64,4,2313326171,4,Q8.8,H8,8,group8,8,0.07157583711859775,0.10533828300850295,0.9945487196869732,0.0006181982635865164,-0.008858643441534524,1.416575623430162,1.4177668790468305,0.07143464350502181,0.10549565571866186,0.004391090052989356,0.00725330966633157,0.004436727520934804,0.004423797089081181,32.0,16.0,48.0,96.0,6.0,3,96,192
gaussian,4096,64,4,2313326171,4,Q8.8,H16,16,group64,64,0.10591873482626378,0.17379330575584356,0.9848597809361002,-0.0007466741335158367,0.0021399236806530705,1.4206243288045803,1.4198487491467677,0.10587931284218938,0.17332522904623196,0.00308661901179699,0.008460308116310591,0.003114808270429229,0.0031002110246734615,32.0,2.0,34.0,68.0,4.25,4,128,256
gaussian,4096,64,4,2313326171,4,Q8.8,H16,16,group32,32,0.09632451504056427,0.1491495379444111,0.9891199104267895,-0.0010661236682916195,0.00373200973573034,1.4200837607648935,1.4190955140317334,0.09630162519603068,0.14935488669963481,0.003435837908740397,0.007230560557245763,0.0034415747792771972,0.0034235356453150827,32.0,4.0,36.0,72.0,4.5,4,128,256
gaussian,4096,64,4,2313326171,4,Q8.8,H16,16,group16,16,0.08432553637088748,0.13234879903370114,0.9917408394430249,-0.0005317778513176035,0.008303186662872669,1.4194656612338425,1.4182517280471623,0.0843178158435471,0.13203472396211652,0.003834206090288266,0.006566615727975766,0.0038614430649751563,0.0038531730084171855,32.0,8.0,40.0,80.0,5.0,4,128,256
gaussian,4096,64,4,2313326171,4,Q8.8,H16,16,group8,8,0.07157655938648962,0.11029670485245367,0.9940751734300579,-0.0002303704631503687,0.0017113649298810478,1.4186659294696597,1.4175764516183111,0.07150186859439216,0.10992241348143482,0.004436736436597338,0.0075393534542176,0.004437474661947532,0.004421110824428525,32.0,16.0,48.0,96.0,6.0,4,128,256
gaussian,4096,64,4,2313326171,4,Q8.8,H32,32,group64,64,0.10739757883667983,0.15666256515755822,0.9875330374535993,0.00010947538548790416,-0.015425292843166094,1.4181133396633836,1.419056867998689,0.10737011290925665,0.15552701707757,0.003126805303291246,0.008117330108158238,0.0031190728045838376,0.0031139315271758354,32.0,2.0,34.0,68.0,4.25,5,160,320
gaussian,4096,64,4,2313326171,4,Q8.8,H32,32,group32,32,0.09665619661676138,0.15036237243773118,0.9886701635258266,-0.0005094224179761674,-0.00638816335276041,1.4174764090627616,1.418402149926803,0.09662219061455163,0.14957550923209872,0.00345745001376474,0.007010431892673534,0.003447874038233272,0.0034454619821852306,32.0,4.0,36.0,72.0,4.5,5,160,320
gaussian,4096,64,4,2313326171,4,Q8.8,H32,32,group16,16,0.0849384593235023,0.12563687922499234,0.9921839071632015,-0.0005369767735546565,-0.007185696111404645,1.4166874354237264,1.4177094092181097,0.08488174424178994,0.12530936475781718,0.003859814861151682,0.0065935483469553415,0.0038640323614610225,0.0038669702534875087,32.0,8.0,40.0,80.0,5.0,5,160,320
gaussian,4096,64,4,2313326171,4,Q8.8,H32,32,group8,8,0.07170111835827707,0.1084508112286043,0.9940862999434331,-0.0008530941519303796,-0.004907003027172732,1.4160114463373614,1.4170328356699586,0.07158770373482244,0.10870222179428189,0.004353647463449766,0.006828694782845933,0.004429162383868132,0.004425136832038025,32.0,16.0,48.0,96.0,6.0,5,160,320
gaussian,4096,64,4,2313326171,4,Q8.8,H64,64,group64,64,0.10700397355646946,0.1609957769737708,0.9868567277899011,-7.158925764213395e-05,-0.00432751069440293,1.4174246293082733,1.4203519552334498,0.10696979548510252,0.16091560497495766,0.00308094003813315,0.007930880173508324,0.0031030487020511357,0.0031172894850124305,32.0,2.0,34.0,68.0,4.25,6,192,384
gaussian,4096,64,4,2313326171,4,Q8.8,H64,64,group32,32,0.09679237288195193,0.15684661900859026,0.9879848312417359,5.072255129533356e-05,0.0032681321300722906,1.416650681259374,1.419575878989817,0.09673904244305341,0.15682107614145518,0.003462473596462561,0.006664537667824709,0.0034353980511376728,0.0034368410983585547,32.0,4.0,36.0,72.0,4.5,6,192,384
gaussian,4096,64,4,2313326171,4,Q8.8,H64,64,group16,16,0.0846082099562999,0.1296085752777737,0.9918216747554973,-7.37934208211216e-05,-0.007289761596992794,1.4159412791738257,1.418836921717148,0.08452002222428373,0.1302149981560309,0.0038782948261048638,0.006911889921620787,0.003851947690007509,0.0038592334237091256,32.0,8.0,40.0,80.0,5.0,6,192,384
gaussian,4096,64,4,2313326171,4,Q8.8,H64,64,group8,8,0.07181465534017516,0.10076099018709181,0.9949327229320406,0.0005369864343621546,0.006374622456580013,1.4152385117498048,1.4181452676512505,0.07163497699937198,0.10141090793841351,0.0044212240649537235,0.007587730426266936,0.004415186236107678,0.004428450051937102,32.0,16.0,48.0,96.0,6.0,6,192,384
laplace,128,64,32,4068743483,4,Q8.8,none,1,group64,64,0.1402543394652093,0.17828744411039724,0.9840265417306924,-0.0031594121326504274,0.005407571722860557,0.13900882697686148,0.13881661343623072,0.14028356313658663,0.17836929453397898,0.0024780890494579197,0.004908370737356304,0.002451740653303495,0.0024674648692483802,32.0,2.0,34.0,68.0,4.25,0,0,0
laplace,128,64,32,4068743483,4,Q8.8,none,1,group32,32,0.12038826819638275,0.1560154118917811,0.9875074788834336,-0.0017114213500140424,-0.00116772280103407,0.11977661986182142,0.11970012700876112,0.12050586350800309,0.15606338683610615,0.0029261595616386655,0.0049302042459759676,0.0028833176481745095,0.0028600292606157803,32.0,4.0,36.0,72.0,4.5,0,0,0
laplace,128,64,32,4068743483,4,Q8.8,none,1,group16,16,0.10291200366944014,0.13227786590334595,0.991037645014092,-0.0022487492746873076,-0.0001976272854425953,0.10055627000578478,0.10034389004662284,0.10287853209713194,0.13202147116945478,0.0034206863290020054,0.005702444451052861,0.0033857148593623098,0.0033801734485475682,32.0,8.0,40.0,80.0,5.0,0,0,0
laplace,128,64,32,4068743483,4,Q8.8,none,1,group8,8,0.08152964582047603,0.10613395892003823,0.994276633458916,-0.001054073106773701,-0.0014407890494941042,0.0806319006848325,0.08055312400495716,0.08154435554589258,0.10628311325024886,0.0041272516376687565,0.006068530481378973,0.004038751692166327,0.004055773306254756,32.0,16.0,48.0,96.0,6.0,0,0,0
laplace,128,64,32,4068743483,4,Q8.8,H4,4,group64,64,0.11551495510957337,0.15939034092423335,0.9878863533192114,0.0007552787766717765,-0.004463679917225292,1.4234616101027302,1.4192633608658491,0.11553723737858203,0.15999235696319433,0.0028904807682504576,0.006248703249192625,0.0029353818654298328,0.0029136992433852187,32.0,2.0,34.0,68.0,4.25,2,64,128
laplace,128,64,32,4068743483,4,Q8.8,H4,4,group32,32,0.10370333994249384,0.1449688360371739,0.9899647380283632,-0.00010531811302535052,-0.004706211269133791,1.4223162215871084,1.4179906639169086,0.10363483603495234,0.1453498132455095,0.003402014582767897,0.0057150409777466755,0.003353720092961841,0.0033103671461969606,32.0,4.0,36.0,72.0,4.5,2,64,128
laplace,128,64,32,4068743483,4,Q8.8,H4,4,group16,16,0.08677036043529603,0.11803987262273727,0.9930295213168139,-0.0006875838255362454,-0.0007011053614753889,1.4211892529946766,1.4170605624577965,0.08651167239568011,0.11843557693480199,0.003889246621895852,0.0060105268431427565,0.0038468206789781354,0.0038046113334014226,32.0,8.0,40.0,80.0,5.0,2,64,128
laplace,128,64,32,4068743483,4,Q8.8,H4,4,group8,8,0.07146484511835467,0.09840425908208633,0.9953692242544483,0.00029397287205270293,6.187436368012719e-05,1.4203088483464372,1.416328382419441,0.07123898797224665,0.09831095801101568,0.004482318377158069,0.006440809201960885,0.0044963632352803765,0.004480344308816521,32.0,16.0,48.0,96.0,6.0,2,64,128
laplace,128,64,32,4068743483,4,Q8.8,H8,8,group64,64,0.11177984908746655,0.15469830158328685,0.9887609732000106,-0.002088247134815793,-0.003110867980344914,1.4198245497019624,1.420643223721272,0.11177199049683069,0.15474437317791,0.002996680440827293,0.0067922582991681866,0.0030208381979402836,0.003027066545071779,32.0,2.0,34.0,68.0,4.25,3,96,192
laplace,128,64,32,4068743483,4,Q8.8,H8,8,group32,32,0.09852468791710332,0.14077231141465202,0.990600721865823,-0.0009423674229762077,0.00029947597225397205,1.4189122216290464,1.4194087537533173,0.09843562147103949,0.14066041843318558,0.0034447361930275556,0.006098952133292161,0.0033890343221644682,0.0033930782846630283,32.0,4.0,36.0,72.0,4.5,3,96,192
laplace,128,64,32,4068743483,4,Q8.8,H8,8,group16,16,0.08501792812589092,0.11574943027332162,0.9933819820236636,-0.0009612232050092477,-0.0007121843842691385,1.4182420678944758,1.4187434686759384,0.08493701330361066,0.11526056213415162,0.003926402264723369,0.006370299761213444,0.0039031043265166754,0.003890358623321674,32.0,8.0,40.0,80.0,5.0,3,96,192
laplace,128,64,32,4068743483,4,Q8.8,H8,8,group8,8,0.07069732448224945,0.09281366802118221,0.9956405047106859,0.00025699669895749085,0.0012209946393832117,1.4174051058439474,1.4180166385655875,0.07052223943407188,0.0926396542439742,0.0046613669477707596,0.006854121138621601,0.004556591692681054,0.0045505848451001425,32.0,16.0,48.0,96.0,6.0,3,96,192
laplace,128,64,32,4068743483,4,Q8.8,H16,16,group64,64,0.10830061394183128,0.1540259640777135,0.9884841328154897,-0.0024019490125509178,0.006730360763255715,1.4219504597568462,1.419921674664748,0.10819354349791623,0.15368834925238006,0.00311425181915597,0.006359466313472543,0.0031027011871086634,0.003088824557212585,32.0,2.0,34.0,68.0,4.25,4,128,256
laplace,128,64,32,4068743483,4,Q8.8,H16,16,group32,32,0.09820353822813736,0.14008882367500866,0.9905611769473626,-0.0021568598536616944,0.007318933183536937,1.4211790152659318,1.4192936082121492,0.09815955371943437,0.1405026240672651,0.0035794160570285795,0.006528951618250163,0.003465391655539155,0.003479907299476979,32.0,4.0,36.0,72.0,4.5,4,128,256
laplace,128,64,32,4068743483,4,Q8.8,H16,16,group16,16,0.08350147638358688,0.11207515214048881,0.9936378381415643,0.0009382132038717688,0.0070398057948269,1.4204927029033723,1.4187136093751322,0.08339030180142433,0.11175581646370379,0.004005994950241312,0.006138501681094276,0.003942838130755911,0.003956275288545463,32.0,8.0,40.0,80.0,5.0,4,128,256
laplace,128,64,32,4068743483,4,Q8.8,H16,16,group8,8,0.07127355126402211,0.09483253192557588,0.9955127646777169,0.0025944457563056244,0.0029626465980959263,1.4195608852647992,1.418029254687274,0.07120204920236957,0.09423302985174843,0.004534504644724408,0.0065867851015027614,0.0044826024708165,0.004492432764651763,32.0,16.0,48.0,96.0,6.0,4,128,256
laplace,128,64,32,4068743483,4,Q8.8,H32,32,group64,64,0.11011577215616376,0.1524979770879812,0.9892254210644876,-0.0004534404435161106,-0.0025411547447783426,1.4173370904951965,1.4193607555576129,0.11008956723591971,0.15178449366569038,0.0031697815906547916,0.0074364153117008934,0.003111740399999716,0.003117381149452999,32.0,2.0,34.0,68.0,4.25,5,160,320
laplace,128,64,32,4068743483,4,Q8.8,H32,32,group32,32,0.09617876132498195,0.1378401083443649,0.9913184686246155,-0.002640053324498479,0.0057093582266474225,1.4166422974878856,1.4185104338071939,0.09618967203909985,0.13674912625735278,0.0036101089538523963,0.007779103810902865,0.0034963877801166537,0.0034910312827312194,32.0,4.0,36.0,72.0,4.5,5,160,320
laplace,128,64,32,4068743483,4,Q8.8,H32,32,group16,16,0.08456074508410873,0.12043054966577307,0.9931051953446863,-0.0007735253476330021,0.0007654915776452779,1.416023076885265,1.417940350354606,0.084430251921878,0.11990023074168649,0.003955286381417438,0.00675350771619963,0.0038978133146359323,0.003897638164162121,32.0,8.0,40.0,80.0,5.0,5,160,320
laplace,128,64,32,4068743483,4,Q8.8,H32,32,group8,8,0.07144462452136478,0.10076142583100318,0.9951097201710998,-0.001081576141789241,-0.0030080404510881044,1.4152719557173243,1.4171482981998194,0.07131209826047458,0.10042051634722954,0.004478106202002489,0.006469396300365355,0.004447240564630511,0.004461051854072393,32.0,16.0,48.0,96.0,6.0,5,160,320
laplace,128,64,32,4068743483,4,Q8.8,H64,64,group64,64,0.10710597574028598,0.1488781449697301,0.9892316866391588,0.001892639334969559,-0.002346694537634544,1.4166088882374928,1.4200957560591905,0.10706591757997785,0.1485737153951213,0.003134435885522863,0.0072841602477075875,0.0031486649298019366,0.0030894296004828087,32.0,2.0,34.0,68.0,4.25,6,192,384
laplace,128,64,32,4068743483,4,Q8.8,H64,64,group32,32,0.09603449255537644,0.1334676396983946,0.9910411404444428,0.0021499060890963237,0.0035476080336307204,1.4160684573884212,1.419441396826537,0.09587907995598105,0.1331045432136425,0.003497339756380724,0.006376610094944792,0.0034673032701230426,0.003445511940165166,32.0,4.0,36.0,72.0,4.5,6,192,384
laplace,128,64,32,4068743483,4,Q8.8,H64,64,group16,16,0.08556215376467201,0.11526587741768998,0.9933010144377918,0.00262840520375299,0.0005301132735537051,1.415380220025875,1.4188163182150595,0.08541471220221089,0.11521229642609028,0.0039132024602529306,0.006188097822291314,0.0038902104782828706,0.003878870499050292,32.0,8.0,40.0,80.0,5.0,6,192,384
laplace,128,64,32,4068743483,4,Q8.8,H64,64,group8,8,0.07200047036307965,0.0952201115946853,0.995445861604691,0.0017652980449958042,0.0023152308224287732,1.4149171757457732,1.418116292809331,0.07180057597516358,0.09484446127332882,0.004487101819036452,0.006633743340383363,0.0044561703379608335,0.004443838132792214,32.0,16.0,48.0,96.0,6.0,6,192,384
laplace,256,64,32,2713640311,4,Q8.8,none,1,group64,64,0.13780588564294338,0.19351138897796732,0.9808280442926756,0.0022952342515309516,-0.0005463327895390825,0.1389494793486957,0.13877522554784513,0.13777100772382675,0.19326104521487394,0.0024536763557485826,0.005511906365702639,0.0024622135072933857,0.0024576297822104204,32.0,2.0,34.0,68.0,4.25,0,0,0
laplace,256,64,32,2713640311,4,Q8.8,none,1,group32,32,0.11923712174749818,0.17722381224186468,0.9851071074591606,0.0009978620304064367,-0.00030795791001361707,0.11992905990515262,0.11985675217904095,0.119196700347257,0.17670853912551,0.0028295570480231813,0.005629785386485516,0.002855832158971137,0.0028576747666286795,32.0,4.0,36.0,72.0,4.5,0,0,0
laplace,256,64,32,2713640311,4,Q8.8,none,1,group16,16,0.09948756434423689,0.14163764237667464,0.9900180043850735,1.4062782829496475e-05,0.0025395112862441572,0.10055346812392597,0.10062514884250068,0.09949033427324322,0.1414470573778047,0.0033433170755258284,0.005545514078270254,0.0033810222417297022,0.003348810247234626,32.0,8.0,40.0,80.0,5.0,0,0,0
laplace,256,64,32,2713640311,4,Q8.8,none,1,group8,8,0.08016335915257136,0.11410657841360614,0.9934055595143194,-0.0001685830259463028,0.00199746279339337,0.08064518134561037,0.08078914950831774,0.08008100373635525,0.11386971431249295,0.0040527500236446305,0.0059347266691868236,0.004062520102002439,0.00403694927191778,32.0,16.0,48.0,96.0,6.0,0,0,0
laplace,256,64,32,2713640311,4,Q8.8,H4,4,group64,64,0.11543797069446624,0.1626189318645864,0.986407606884286,0.0005545002825425877,0.0009408269964582738,1.4202494169661792,1.4198986288155246,0.11536255026144955,0.16318617431915922,0.0028850036173672542,0.00799844423443658,0.0029190198626278794,0.0029041451468999504,32.0,2.0,34.0,68.0,4.25,2,64,128
laplace,256,64,32,2713640311,4,Q8.8,H4,4,group32,32,0.10326262666096885,0.14431151896256933,0.9891232464043684,-0.0012135072550617143,0.0025661509232962833,1.4190905102119966,1.4190596204709482,0.10317885846654289,0.14358221882658284,0.0032898546153990213,0.008133754321166174,0.0033240042774541376,0.0032983830990171376,32.0,4.0,36.0,72.0,4.5,2,64,128
laplace,256,64,32,2713640311,4,Q8.8,H4,4,group16,16,0.08637677632109458,0.11991555232094839,0.9925288301435298,0.0012609656233013881,0.0013212218370812034,1.4179691842659468,1.4180094258398996,0.08628180102449963,0.11950266493981909,0.0038102957353419943,0.007592740605659219,0.0038259675505313276,0.003825077687289801,32.0,8.0,40.0,80.0,5.0,2,64,128
laplace,256,64,32,2713640311,4,Q8.8,H4,4,group8,8,0.070755275886488,0.10059000900017971,0.9949364816017552,0.0005653621626702966,0.0004893834508839947,1.4170905430305956,1.4172378238991994,0.0706088787259885,0.09969535100075548,0.004436689198485042,0.007361469178410473,0.004479811208154995,0.004485254940129951,32.0,16.0,48.0,96.0,6.0,2,64,128
laplace,256,64,32,2713640311,4,Q8.8,H8,8,group64,64,0.11111819871230737,0.15291659604213395,0.9883777715016661,-0.0004141079025413972,0.0001913376742148686,1.4172150604744829,1.4174515102872183,0.11110615985540928,0.15273612697775146,0.0030257332255298054,0.006979992008540343,0.0030264343640094282,0.0030573740076559504,32.0,2.0,34.0,68.0,4.25,3,96,192
laplace,256,64,32,2713640311,4,Q8.8,H8,8,group32,32,0.0977794261508412,0.1351100963186587,0.9906905228898504,-0.0009788589732808576,-0.004479733850330647,1.416347599297235,1.416695558323536,0.09779571964647642,0.13489471775487558,0.0034107308641355906,0.007278625887772129,0.003407930566830325,0.003427653593971197,32.0,4.0,36.0,72.0,4.5,3,96,192
laplace,256,64,32,2713640311,4,Q8.8,H8,8,group16,16,0.08308672747431312,0.11789511166759446,0.9932630624885344,0.00025084523284584517,-0.0031262930433282746,1.415485867001062,1.415732385381943,0.08300701565817092,0.1177540951289877,0.0038904386746291503,0.006892567292754674,0.003907999314465921,0.003927257350497312,32.0,8.0,40.0,80.0,5.0,3,96,192
laplace,256,64,32,2713640311,4,Q8.8,H8,8,group8,8,0.0687694031372658,0.10292641460366246,0.9948277330000976,0.00034668299850529354,-0.0023619085400028708,1.4147123316676602,1.4149184378857866,0.06861046318274545,0.10294024891583416,0.004559460662781194,0.007641431746070744,0.004555315772730388,0.004576928001878875,32.0,16.0,48.0,96.0,6.0,3,96,192
laplace,256,64,32,2713640311,4,Q8.8,H16,16,group64,64,0.106686694747005,0.1475859655990224,0.9884457224547294,-0.0036938214971811013,-0.0003423954553744589,1.4179679546148023,1.418007278106808,0.10664473358809526,0.14793680798904826,0.0031003706573838425,0.007584831141611946,0.003108333759842821,0.0030937398517629066,32.0,2.0,34.0,68.0,4.25,4,128,256
laplace,256,64,32,2713640311,4,Q8.8,H16,16,group32,32,0.09522183905831834,0.1333645951488692,0.9909528100075523,-0.001154651420753544,-0.001635555549956744,1.417198035975394,1.4169924781173386,0.09517427551701381,0.1335358006814266,0.0034124481134974916,0.006389273906920137,0.0034666685593199337,0.003470485199010511,32.0,4.0,36.0,72.0,4.5,4,128,256
laplace,256,64,32,2713640311,4,Q8.8,H16,16,group16,16,0.08169966726359158,0.11207081938486917,0.9935099148274168,0.0005822258345351599,-5.930400901656046e-05,1.4165377891231665,1.416282124353533,0.08156415582462921,0.11176329629716208,0.003947581721354717,0.006652761811517725,0.003941215502090247,0.0039571481191911975,32.0,8.0,40.0,80.0,5.0,4,128,256
laplace,256,64,32,2713640311,4,Q8.8,H16,16,group8,8,0.07065796181064356,0.09920099301241012,0.9950313656822354,-0.00021342397719230523,0.0019876583856844963,1.415988528707595,1.4157192382136456,0.07051744341939105,0.09819571093740073,0.004491473091109128,0.007299489120831901,0.004490942166292987,0.004489816532378427,32.0,16.0,48.0,96.0,6.0,4,128,256
laplace,256,64,32,2713640311,4,Q8.8,H32,32,group64,64,0.10452926780504,0.1467160025272652,0.9887615434213302,0.0008485776864731986,-1.888939199933947e-05,1.4195921822238446,1.4190627960783735,0.10451031448309564,0.1467219993747827,0.003124851384927377,0.007249786821274882,0.0031362284959229915,0.003167420890348398,32.0,2.0,34.0,68.0,4.25,5,160,320
laplace,256,64,32,2713640311,4,Q8.8,H32,32,group32,32,0.09354623576331232,0.1269395057795274,0.9916013582300788,0.0011846790072895296,-0.00030152819883609057,1.4187914363312855,1.4181343701152793,0.09345141047244332,0.12725124036896274,0.0034672600426972687,0.0069134201775710065,0.0034882315363963597,0.0035277769590481437,32.0,4.0,36.0,72.0,4.5,5,160,320
laplace,256,64,32,2713640311,4,Q8.8,H32,32,group16,16,0.08296293723283313,0.11090657693671228,0.9934042769811875,0.001737788993327437,-0.0039601623512857285,1.4181021536914378,1.417618402232441,0.08284473757481109,0.11095051369103777,0.003907111784072538,0.006814835616015141,0.003926630247054096,0.003925255089008997,32.0,8.0,40.0,80.0,5.0,5,160,320
laplace,256,64,32,2713640311,4,Q8.8,H32,32,group8,8,0.07082634504767737,0.09781869080272425,0.994994355325668,8.112664027427237e-05,-0.0047950592051372075,1.4173293699485519,1.417022054440545,0.07067733269190003,0.09758861735292475,0.004402498050809904,0.006876631483922591,0.004455293880697655,0.004469321222995416,32.0,16.0,48.0,96.0,6.0,5,160,320
laplace,256,64,32,2713640311,4,Q8.8,H64,64,group64,64,0.10617131834062439,0.14797688825465172,0.9884704028674296,0.0007684752587627843,0.0033489306769758634,1.42009732749336,1.419916355534387,0.10613963845335656,0.14749757103211275,0.0031720801729771225,0.009217169696051084,0.003156495655665365,0.003152969928795185,32.0,2.0,34.0,68.0,4.25,6,192,384
laplace,256,64,32,2713640311,4,Q8.8,H64,64,group32,32,0.09625984879879944,0.1345986487320411,0.99055310166197,-0.00016549901736397503,0.0029598350106940837,1.419220617393012,1.4193445884314935,0.09612887830288121,0.13482567282642116,0.003440130859640167,0.008286094180704664,0.0034629731433900024,0.0034748382095617955,32.0,4.0,36.0,72.0,4.5,6,192,384
laplace,256,64,32,2713640311,4,Q8.8,H64,64,group16,16,0.08487560564290936,0.11447201788339438,0.9931981780952314,0.0010901079709737635,0.0009465303908714266,1.4185397791496526,1.4185460604295783,0.08471555907031984,0.11479990763007726,0.003855734847994987,0.008234946864065808,0.003893372732278238,0.003891443443546626,32.0,8.0,40.0,80.0,5.0,6,192,384
laplace,256,64,32,2713640311,4,Q8.8,H64,64,group8,8,0.07068194954552877,0.10029985598850669,0.9949993367620038,0.0003806493564096357,0.0011272386605398208,1.4179599345569602,1.4178058147448598,0.07040682463838041,0.10095800565881138,0.004447235915092073,0.008485158269525379,0.004456289759492346,0.004456004274852701,32.0,16.0,48.0,96.0,6.0,6,192,384
laplace,512,64,16,262271521,4,Q8.8,none,1,group64,64,0.13768910710205728,0.19797148062419764,0.9811991418448678,-0.0005179262197244048,0.003294900293468736,0.13849886728043406,0.13858013010615705,0.1376670443286965,0.19755502488887305,0.0024683549053305274,0.005537674445990405,0.0024535970317801706,0.0024628643991914502,32.0,2.0,34.0,68.0,4.25,0,0,0
laplace,512,64,16,262271521,4,Q8.8,none,1,group32,32,0.119101416426807,0.16155585444617604,0.9871112113705705,-0.002327305320941225,-0.007685424908469212,0.1195058913397632,0.11964054354693092,0.1190666269150061,0.1612693710762569,0.0028477203404049644,0.005323775756198886,0.002845856837299303,0.002856410687102311,32.0,4.0,36.0,72.0,4.5,0,0,0
laplace,512,64,16,262271521,4,Q8.8,none,1,group16,16,0.10110697516103957,0.14280973923837256,0.9899779317494923,-0.00010302360185088791,-0.00577110107463685,0.10027415696070555,0.10028284392710721,0.10100714480935293,0.14254617508231895,0.0033787136514439593,0.0055368905977432195,0.0033721192870341866,0.003373012983706703,32.0,8.0,40.0,80.0,5.0,0,0,0
laplace,512,64,16,262271521,4,Q8.8,none,1,group8,8,0.08113990157423412,0.11432660246430773,0.9935675153608061,0.0007937378304376669,-0.005800736100475828,0.08056832377818028,0.08058520952663119,0.0810374541341394,0.11388445060710979,0.004054403018801338,0.0064396763979253455,0.004062824000518784,0.00405663702482833,32.0,16.0,48.0,96.0,6.0,0,0,0
laplace,512,64,16,262271521,4,Q8.8,H4,4,group64,64,0.11607195402832203,0.17024785756987262,0.9860114465305272,-0.00033412781121597914,-0.0021830544602839913,1.4182124890994552,1.4198655882143982,0.11608959214112026,0.1697494953643097,0.0028836469128706286,0.0067455299988075845,0.0028980360967733134,0.0029278815842372855,32.0,2.0,34.0,68.0,4.25,2,64,128
laplace,512,64,16,262271521,4,Q8.8,H4,4,group32,32,0.10158504410502224,0.1386524156115804,0.9903652915693851,-0.0003483877206273566,0.0008835122976169659,1.417490975293597,1.4187567406249737,0.10153090685880271,0.13860426250701982,0.003270687412870115,0.005787626698479061,0.0032836564099404256,0.003322069690534842,32.0,4.0,36.0,72.0,4.5,2,64,128
laplace,512,64,16,262271521,4,Q8.8,H4,4,group16,16,0.08587803337284834,0.1232011171175098,0.9926575026812131,-0.0014259867386887852,-0.0017167217203638496,1.4165502018331282,1.417765658089185,0.08580643475244211,0.12347386947090079,0.0037633497268432254,0.0055642140439400994,0.0037934951470726896,0.0038392261140820293,32.0,8.0,40.0,80.0,5.0,2,64,128
laplace,512,64,16,262271521,4,Q8.8,H4,4,group8,8,0.07003196743049757,0.09418501629499104,0.9956040848922314,-0.0008987562657459158,-0.0008604911138062964,1.4156179572725096,1.4167787006200285,0.0699862630326297,0.09403072883191453,0.004447167874772085,0.006509401396764492,0.004461270958965846,0.004490683833591393,32.0,16.0,48.0,96.0,6.0,2,64,128
laplace,512,64,16,262271521,4,Q8.8,H8,8,group64,64,0.11148719065604908,0.1536361108296617,0.9881844006063676,0.0004887050023035227,-7.927576077130288e-05,1.4189618741204664,1.421600912142919,0.11145576354035014,0.15385115992283588,0.002996619225433029,0.0077553132845539115,0.0030014000465364557,0.0030203616530959146,32.0,2.0,34.0,68.0,4.25,3,96,192
laplace,512,64,16,262271521,4,Q8.8,H8,8,group32,32,0.0982648430564107,0.13627823738685851,0.9907719246151379,0.001130939099500411,0.0020064770200364677,1.4179781663653948,1.420598382286034,0.09818016996007446,0.13575787892851807,0.0034105078522770455,0.007764377447704727,0.0034106512427886384,0.0034069845125038935,32.0,4.0,36.0,72.0,4.5,3,96,192
laplace,512,64,16,262271521,4,Q8.8,H8,8,group16,16,0.08537009150240615,0.12046771187551279,0.9928864495047959,0.0005505501623254918,-0.0009118055430614658,1.4172717707219533,1.4199633512070673,0.08532364761154322,0.1206935192714501,0.003951276090712719,0.007209806940614924,0.0039048033468261386,0.003903873817858952,32.0,8.0,40.0,80.0,5.0,3,96,192
laplace,512,64,16,262271521,4,Q8.8,H8,8,group8,8,0.06943904770505573,0.09620555282864204,0.9954475019652923,7.597157793456492e-05,4.785941254151122e-06,1.4163437555506733,1.4191584879281112,0.0693306278465303,0.09557974448425245,0.004553868516546506,0.007160610897207051,0.004550281829878471,0.00455792962042124,32.0,16.0,48.0,96.0,6.0,3,96,192
laplace,512,64,16,262271521,4,Q8.8,H16,16,group64,64,0.10702588531751424,0.15231445610361072,0.9885896577525639,-0.0008489704086494781,-0.0026186258814404565,1.4201719313676293,1.417923880857547,0.10702031647270428,0.15230202906522564,0.00309460610467297,0.007514753913378683,0.0030935526846823905,0.003120392122415588,32.0,2.0,34.0,68.0,4.25,4,128,256
laplace,512,64,16,262271521,4,Q8.8,H16,16,group32,32,0.09534014965801593,0.13791796354955171,0.9909410325118418,0.00018438290301083058,0.00025133376654439275,1.4193966372604498,1.4172984694680446,0.09528389747086112,0.13790051237387171,0.0034477429275565474,0.006696580129018213,0.0034652588420499334,0.0034887894242347384,32.0,4.0,36.0,72.0,4.5,4,128,256
laplace,512,64,16,262271521,4,Q8.8,H16,16,group16,16,0.08288400623609303,0.11646917797455618,0.9933240486181689,0.0007545956896623117,-0.0012982078884468066,1.4187128168258458,1.4166692495195174,0.08281542480210298,0.11606488363140466,0.00397147828992382,0.006995400252577323,0.003949884240206576,0.003962789772402288,32.0,8.0,40.0,80.0,5.0,4,128,256
laplace,512,64,16,262271521,4,Q8.8,H16,16,group8,8,0.07073316798346878,0.09829025085397194,0.9953087571799539,0.0007815040562685435,0.0028024445798189982,1.418209203467027,1.415945373940643,0.07059778288019246,0.09795144686259953,0.004547682537570504,0.007415617995984743,0.004482759004909627,0.004499041824162485,32.0,16.0,48.0,96.0,6.0,4,128,256
laplace,512,64,16,262271521,4,Q8.8,H32,32,group64,64,0.10751831420972884,0.15972449936787442,0.9890828368505205,0.0005726955332515468,-0.003910283834307212,1.4200257811637194,1.4192686344993684,0.10738628962757568,0.15881227346040827,0.0031181812231475437,0.00742149753926004,0.0031557481696894312,0.003112165774965996,32.0,2.0,34.0,68.0,4.25,5,160,320
laplace,512,64,16,262271521,4,Q8.8,H32,32,group32,32,0.09493955473287996,0.1399081601672867,0.9910938878995255,-0.0005557410950491169,-0.00020884726303476358,1.419339234424735,1.4185943336288505,0.0948157451692254,0.13922887657297942,0.0035334708153067834,0.006819457359745134,0.003500377560545744,0.003481592018649928,32.0,4.0,36.0,72.0,4.5,5,160,320
laplace,512,64,16,262271521,4,Q8.8,H32,32,group16,16,0.08387687466286124,0.12149322250504867,0.9932391395345399,-0.0002265457603630057,0.003221618900186097,1.4185461615490074,1.4178218701039904,0.08381612449804576,0.12143174927396343,0.003909720870342509,0.006380021186903714,0.0039105195139668885,0.0038930975570447566,32.0,8.0,40.0,80.0,5.0,5,160,320
laplace,512,64,16,262271521,4,Q8.8,H32,32,group8,8,0.0710275975787583,0.09708743252949388,0.995510646708482,1.7511326832871418e-05,1.1383751048494427e-05,1.4176947248141414,1.4171164032848198,0.07097058329595778,0.0970458269047099,0.0044103151629668914,0.006764200616289916,0.004459041793612794,0.004450048892820289,32.0,16.0,48.0,96.0,6.0,5,160,320
laplace,512,64,16,262271521,4,Q8.8,H64,64,group64,64,0.10727120511037135,0.15170339098475255,0.9887631346640424,0.0006159560268421515,-0.0013555284259536254,1.419511587198518,1.4160589584119105,0.10721816462994661,0.15239430764191014,0.0031532075769236377,0.00784366202300722,0.00313587431337978,0.0031431437686053345,32.0,2.0,34.0,68.0,4.25,6,192,384
laplace,512,64,16,262271521,4,Q8.8,H64,64,group32,32,0.09668002545816343,0.1297287944761444,0.991602938611709,-0.0001144465615374198,-0.003910663985335805,1.4188625107772157,1.4154543562863082,0.0966725063731458,0.12999465385819767,0.0034426739734356045,0.006903901819595759,0.0034503639893691835,0.0034396306681400844,32.0,4.0,36.0,72.0,4.5,6,192,384
laplace,512,64,16,262271521,4,Q8.8,H64,64,group16,16,0.08467590907017236,0.11602740519442355,0.9933479194587481,0.00016480127432047346,-0.002071802681676811,1.4181276332201798,1.4148247462640176,0.0846534054685541,0.11593180646076133,0.003885364905871913,0.006423032886225335,0.003875200893085714,0.003865672953937965,32.0,8.0,40.0,80.0,5.0,6,192,384
laplace,512,64,16,262271521,4,Q8.8,H64,64,group8,8,0.0710907487578141,0.09772663395805382,0.9953445812816722,-0.0002949047408848161,-0.002421649355736539,1.4174812865444482,1.4141189618407823,0.07095764367275459,0.0980338660566682,0.0044444832752189205,0.006254032112767481,0.00444615809688993,0.004438247988613877,32.0,16.0,48.0,96.0,6.0,6,192,384
laplace,1024,64,8,68742706,4,Q8.8,none,1,group64,64,0.14177949920437924,0.19455316604386225,0.9815872180522273,-3.562174609151424e-05,-0.0017171366535315383,0.13830142270841764,0.13858702097003253,0.14178662079119023,0.19486317452419238,0.0024698407110312084,0.006061865992298405,0.002480891530436398,0.0024694731646948526,32.0,2.0,34.0,68.0,4.25,0,0,0
laplace,1024,64,8,68742706,4,Q8.8,none,1,group32,32,0.12235433753365735,0.17564963918527202,0.9849258980133584,0.00042008652937897486,0.0023130755989915837,0.11948423901517209,0.11957114117909634,0.1223160665836457,0.17567004706052608,0.0028589448854955068,0.0055496848257260275,0.0028554179787176224,0.0028727968481136075,32.0,4.0,36.0,72.0,4.5,0,0,0
laplace,1024,64,8,68742706,4,Q8.8,none,1,group16,16,0.10170113141491902,0.15148329907253003,0.9891209305632295,0.001883518309409747,-0.0009478574037300585,0.10034628560450456,0.10031594266365411,0.10158714163401603,0.15094761933202425,0.0033134137988680523,0.005942858530924916,0.0033749723372082795,0.003375920047040434,32.0,8.0,40.0,80.0,5.0,0,0,0
laplace,1024,64,8,68742706,4,Q8.8,none,1,group8,8,0.08235626762467871,0.12693670757996242,0.9923273469280225,0.0013764954767412233,0.004734873827365496,0.08063537813220101,0.08066340227038055,0.08229710374777241,0.12654095728899886,0.004130472953035594,0.006748893956328782,0.004054235634420368,0.0040423982462027205,32.0,16.0,48.0,96.0,6.0,0,0,0
laplace,1024,64,8,68742706,4,Q8.8,H4,4,group64,64,0.11865533538942896,0.18576889003483468,0.9832039042614515,0.001526174009574073,0.008749997538648198,1.417172396567033,1.4165719052798704,0.11859761002256594,0.1851252773549174,0.0029404394328419376,0.0068594179854962025,0.0029139351481415297,0.002934229646489624,32.0,2.0,34.0,68.0,4.25,2,64,128
laplace,1024,64,8,68742706,4,Q8.8,H4,4,group32,32,0.10469573140531303,0.1494584131342313,0.9889516487596217,-0.0003752493159542363,0.004449978926219723,1.4161763590661924,1.4156334670280517,0.10461805739172797,0.14883568954010243,0.0033658634193265338,0.006767816349109607,0.0033067454037056018,0.0033325968557414375,32.0,4.0,36.0,72.0,4.5,2,64,128
laplace,1024,64,8,68742706,4,Q8.8,H4,4,group16,16,0.08877980151858869,0.13643581342569755,0.9910985173508041,0.0005937659090456644,0.0015502560792144294,1.4153177052937536,1.4147348014219048,0.08881077862763422,0.1360067919109927,0.003858913691085953,0.006833026794323971,0.003818176692872646,0.0038185846129564476,32.0,8.0,40.0,80.0,5.0,2,64,128
laplace,1024,64,8,68742706,4,Q8.8,H4,4,group8,8,0.07258972932294537,0.10447199860241055,0.9946771564245886,0.0013894129185605582,0.003268903756787038,1.4144691933154196,1.4138929183470674,0.0724635879854062,0.10359608863491505,0.004544195206732518,0.0073985534463952875,0.004477676644516333,0.00448184458938091,32.0,16.0,48.0,96.0,6.0,2,64,128
laplace,1024,64,8,68742706,4,Q8.8,H8,8,group64,64,0.11443394744514664,0.16059333795329134,0.9873180602784887,0.00037001760052531084,0.004838160094444581,1.4195824300688653,1.4206717550063377,0.1143631722980591,0.16016924600999968,0.0030067659172138455,0.00737052168856761,0.0030198770292155334,0.003041643438663243,32.0,2.0,34.0,68.0,4.25,3,96,192
laplace,1024,64,8,68742706,4,Q8.8,H8,8,group32,32,0.10010188994007019,0.1462633608931072,0.9893205005657435,0.00043321918369849005,-0.0012363920521391235,1.4185991515262828,1.4195953373426118,0.1000543495760955,0.1456455856177729,0.0034695816648592204,0.007600282581165249,0.0034222476447997832,0.0034306764854601674,32.0,4.0,36.0,72.0,4.5,3,96,192
laplace,1024,64,8,68742706,4,Q8.8,H8,8,group16,16,0.08433898808560264,0.12209915467457469,0.9926507392133047,0.0005514540945338179,-0.0035041402056850014,1.4176991604133025,1.4186553932480872,0.08424728357699343,0.12171353318377805,0.003972016545317755,0.008066488082058825,0.0039039494402714568,0.003907250465750021,32.0,8.0,40.0,80.0,5.0,3,96,192
laplace,1024,64,8,68742706,4,Q8.8,H8,8,group8,8,0.06969651014369165,0.10409654986979085,0.9946476175030348,6.158124240240215e-05,-0.0006507518332713796,1.4169584670489739,1.4178290228183048,0.06959300630131653,0.10333397515973672,0.004532708222329574,0.008164132852321204,0.004559939802123201,0.004558426924436356,32.0,16.0,48.0,96.0,6.0,3,96,192
laplace,1024,64,8,68742706,4,Q8.8,H16,16,group64,64,0.11148672081435809,0.16291786743179565,0.9869021268645025,0.00018182565639334713,0.00020978237481236245,1.4187958894072816,1.4230641932608619,0.11150657210982384,0.16326423909266088,0.0030911025693542565,0.007129996563415017,0.0030717134492867534,0.003088899399381293,32.0,2.0,34.0,68.0,4.25,4,128,256
laplace,1024,64,8,68742706,4,Q8.8,H16,16,group32,32,0.09875480297816856,0.14015262419102173,0.990377530026417,0.000988304171957776,0.008574241284434509,1.4180602529508208,1.422273018206317,0.09869618516643701,0.14019854246935062,0.0034838109517983168,0.006607087076733943,0.003465561205305881,0.0034605449062477785,32.0,4.0,36.0,72.0,4.5,4,128,256
laplace,1024,64,8,68742706,4,Q8.8,H16,16,group16,16,0.08530038795824474,0.12073931775099632,0.9928475201193208,0.0012963963850957955,0.007902876471175449,1.4172919450674413,1.42147594451452,0.08523756894735758,0.12044713577904005,0.003960683918051248,0.006402602946175769,0.0039594676814542805,0.003945401686108395,32.0,8.0,40.0,80.0,5.0,4,128,256
laplace,1024,64,8,68742706,4,Q8.8,H16,16,group8,8,0.07167610610687487,0.11010928246300013,0.9940109172695257,0.0015574495278823722,0.00594489777955005,1.4165582024591776,1.4209598183586947,0.07156436880068179,0.1098250582839007,0.004511606778747948,0.00696430456095739,0.004488434360388456,0.004482715480260077,32.0,16.0,48.0,96.0,6.0,4,128,256
laplace,1024,64,8,68742706,4,Q8.8,H32,32,group64,64,0.10736079686985057,0.16544463657205818,0.9863419000140757,0.00011956953167579603,-0.000614386798188146,1.4175176719098286,1.416829185099731,0.10736374836985374,0.16546434834383486,0.003134562023474398,0.007552183873779206,0.0031351597747041665,0.0031228810037368278,32.0,2.0,34.0,68.0,4.25,5,160,320
laplace,1024,64,8,68742706,4,Q8.8,H32,32,group32,32,0.09681563951940583,0.1408995485144299,0.9899652041502727,-0.0004553484463444453,0.0009609344722120967,1.4169193271668474,1.4161269697699745,0.09670816675246095,0.14106186532055878,0.0035315478153462613,0.006810691868164117,0.0035035395631690396,0.0034961191256278022,32.0,4.0,36.0,72.0,4.5,5,160,320
laplace,1024,64,8,68742706,4,Q8.8,H32,32,group16,16,0.08552625430201244,0.11857461877573774,0.9928601038908247,-0.0009434967931677537,0.006548455960408896,1.4163762819039347,1.415477996080882,0.08544106469387565,0.11848667520926613,0.003934062648048873,0.0069895481761601,0.003912316639630184,0.0038993326057661904,32.0,8.0,40.0,80.0,5.0,5,160,320
laplace,1024,64,8,68742706,4,Q8.8,H32,32,group8,8,0.07231895487979798,0.1099003404155847,0.993934383075892,-0.0003728858580041038,0.0018162325131439842,1.4156645791526665,1.4148824204476245,0.0721647009599933,0.10931434855045909,0.004476420394475023,0.00704907162749089,0.004461911767486186,0.004448886265086424,32.0,16.0,48.0,96.0,6.0,5,160,320
laplace,1024,64,8,68742706,4,Q8.8,H64,64,group64,64,0.10831818506004785,0.1543827755138225,0.9884031043626853,0.0006212480528909702,0.001019526364231344,1.4176953245341812,1.418544822863421,0.10824658246494714,0.15417045376060168,0.0031619437001241093,0.00878220800487948,0.003149711042409294,0.0031366731334541327,32.0,2.0,34.0,68.0,4.25,6,192,384
laplace,1024,64,8,68742706,4,Q8.8,H64,64,group32,32,0.09767674006023222,0.14508375782729913,0.9896318937675932,0.0008646163854081663,0.008375785876361397,1.4168752647786498,1.4176782521760918,0.09757296847063132,0.144353842502124,0.0034621431732110327,0.007820428608669456,0.00348156322777325,0.0034649289343590376,32.0,4.0,36.0,72.0,4.5,6,192,384
laplace,1024,64,8,68742706,4,Q8.8,H64,64,group16,16,0.08558042929703721,0.12951460210182583,0.991941602968768,0.0011785611981728781,0.0027189086247732626,1.4162637854460116,1.4171392201623612,0.08552822395227062,0.1280667095696119,0.003903452899654675,0.008234823103479446,0.003889059334239283,0.003881771145649635,32.0,8.0,40.0,80.0,5.0,6,192,384
laplace,1024,64,8,68742706,4,Q8.8,H64,64,group8,8,0.07145965659007868,0.10614072499532845,0.9944429389339077,0.0004135234364859607,0.001190569427245053,1.4156364600469384,1.4164814394277365,0.07129461378892141,0.10522962894915501,0.004516100628698449,0.008257408573228093,0.004440677034813557,0.0044449440269889,32.0,16.0,48.0,96.0,6.0,6,192,384
laplace,2048,64,4,2585751733,4,Q8.8,none,1,group64,64,0.14170757263820835,0.18933169922328363,0.9816957887351357,-0.0010188560947586814,-0.005857618333933627,0.13844992718616933,0.13825086077423054,0.1416829855733397,0.18916249060631027,0.0024450271623560884,0.005554136057854082,0.0024731625148316705,0.0024554781291004687,32.0,2.0,34.0,68.0,4.25,0,0,0
laplace,2048,64,4,2585751733,4,Q8.8,none,1,group32,32,0.1223263375999182,0.16012932295205676,0.9870051437123891,-0.0012331924097930395,0.004875515104489919,0.11951863498888256,0.11939763389712965,0.12229503796039048,0.15966723587229154,0.002860963109791287,0.0053537013320531165,0.00286891408574895,0.002855743102603838,32.0,4.0,36.0,72.0,4.5,0,0,0
laplace,2048,64,4,2585751733,4,Q8.8,none,1,group16,16,0.100753729470511,0.15116731771019484,0.9885179971181838,-0.0021169536691571836,-9.659891861096815e-05,0.10034475819441387,0.10019630581097051,0.10074844434763525,0.15116904621592703,0.0034515579750298694,0.005546298075214298,0.0033731973263292094,0.0033722738884918602,32.0,8.0,40.0,80.0,5.0,0,0,0
laplace,2048,64,4,2585751733,4,Q8.8,none,1,group8,8,0.08196373591042513,0.11604745749287339,0.9932712970806882,-0.0025594689800441657,-0.0022493299261076554,0.08066119683506738,0.08057287475573394,0.0818984677884787,0.11553651591982986,0.004072287062935031,0.0061312607897321516,0.004047252752173005,0.004043865734808545,32.0,16.0,48.0,96.0,6.0,0,0,0
laplace,2048,64,4,2585751733,4,Q8.8,H4,4,group64,64,0.11762773394547073,0.17492782736340312,0.9849348876204105,-0.0008530163212277238,0.005963626018915913,1.421647952282858,1.4172600186777229,0.11762205252030708,0.1742881696723287,0.002886674965095654,0.006836274957684886,0.0028944950055738343,0.002923122867527234,32.0,2.0,34.0,68.0,4.25,2,64,128
laplace,2048,64,4,2585751733,4,Q8.8,H4,4,group32,32,0.10215381265986656,0.1477240289372401,0.9892458269195046,-0.0006173977771771817,0.005559128693021259,1.4207138879443757,1.416271279437652,0.10211993258954226,0.14793511026311437,0.0033155608687597364,0.006846971063131815,0.0033132918308287555,0.0033176988982866287,32.0,4.0,36.0,72.0,4.5,2,64,128
laplace,2048,64,4,2585751733,4,Q8.8,H4,4,group16,16,0.08803366408674408,0.1253692779380516,0.9920466990575396,0.00020201340680879343,0.007504350368666862,1.4199566028298658,1.4155890293642055,0.08794588942316227,0.12562754414819444,0.0038833076317694405,0.006853213505836381,0.0038247233724164687,0.003828986277296477,32.0,8.0,40.0,80.0,5.0,2,64,128
laplace,2048,64,4,2585751733,4,Q8.8,H4,4,group8,8,0.07130984854761709,0.10604963822818349,0.9942545145043142,0.00020558870780440516,0.003474061088445254,1.4190771259482986,1.4146534100836072,0.07114214311013765,0.10699280042304489,0.0045261818011817475,0.007697104776998722,0.004479352342121498,0.004482553011801699,32.0,16.0,48.0,96.0,6.0,2,64,128
laplace,2048,64,4,2585751733,4,Q8.8,H8,8,group64,64,0.11150855730394708,0.16077498203411367,0.9860873302176585,-0.00046372176276644164,0.0070810981600071925,1.4173814526625788,1.4196582067402226,0.11147005276015691,0.16027275246704087,0.0029944992887655174,0.006385438823147139,0.0030126616763811688,0.0030376833585861137,32.0,2.0,34.0,68.0,4.25,3,96,192
laplace,2048,64,4,2585751733,4,Q8.8,H8,8,group32,32,0.09837525582324998,0.1411783453057037,0.9899248547532941,-0.0007311132148496614,0.011083942029397716,1.416589676786985,1.4186399467493205,0.09829269219895669,0.140530107831491,0.0034097226277317993,0.005563152920126287,0.0034022142903123082,0.0034291875070062866,32.0,4.0,36.0,72.0,4.5,3,96,192
laplace,2048,64,4,2585751733,4,Q8.8,H8,8,group16,16,0.08434401891587276,0.1203078519525787,0.9924868543488334,-0.0005781359930782666,0.007363599476924398,1.4157304629578225,1.418034341469643,0.08414302126823996,0.11959745884550428,0.00394398508804895,0.006613263758261349,0.003905976050462205,0.00390902305559687,32.0,8.0,40.0,80.0,5.0,3,96,192
laplace,2048,64,4,2585751733,4,Q8.8,H8,8,group8,8,0.07009454800333392,0.09378002222137441,0.9957757821161277,-0.0003827731004813411,-0.0008101475703561621,1.4149660742498396,1.4172341808559574,0.06976735833523276,0.09394445836678407,0.004559493759098557,0.006618564676949479,0.004549925737705266,0.00456358202095709,32.0,16.0,48.0,96.0,6.0,3,96,192
laplace,2048,64,4,2585751733,4,Q8.8,H16,16,group64,64,0.10945634313185755,0.17455486265378212,0.9847693967976718,-0.0008663730701644958,-0.014398890888747856,1.4182089047187278,1.418605723225457,0.10943107047899503,0.17434900118937657,0.003101791857061601,0.007153714992318435,0.0031113237022575777,0.0030962803573150407,32.0,2.0,34.0,68.0,4.25,4,128,256
laplace,2048,64,4,2585751733,4,Q8.8,H16,16,group32,32,0.09766743073069044,0.14110889177685898,0.9901525318367419,-0.0017280878094943066,-0.007565776218909371,1.4175448982871388,1.4178584394261935,0.09760686710261142,0.1402039541362699,0.0034789251562702106,0.007074070213075932,0.003478946120222159,0.003467222717843689,32.0,4.0,36.0,72.0,4.5,4,128,256
laplace,2048,64,4,2585751733,4,Q8.8,H16,16,group16,16,0.08363400788086188,0.1311388671878543,0.9913462834138046,-0.0012692207944705147,0.00607242253304827,1.4168492456129635,1.4170466712635832,0.08348723665913454,0.13092108495064692,0.003935493116706721,0.006712421086746905,0.003949774962407974,0.003955155238491328,32.0,8.0,40.0,80.0,5.0,4,128,256
laplace,2048,64,4,2585751733,4,Q8.8,H16,16,group8,8,0.0708021576722288,0.0958742411002098,0.9954175389347264,-0.0006062011271408903,-0.00042143934657592894,1.4160397007031793,1.4164241641931126,0.0705800843719412,0.09457253517173664,0.0044780217265924455,0.007290934514476602,0.004477539524200119,0.0044932275991433224,32.0,16.0,48.0,96.0,6.0,4,128,256
laplace,2048,64,4,2585751733,4,Q8.8,H32,32,group64,64,0.10714931424776132,0.17331889470097597,0.9854764887186965,0.0002442686510240521,0.014161445270166677,1.418959745669255,1.4168018074712811,0.1070751904248328,0.17346323672915534,0.003141369146859678,0.007667672858156113,0.00315317076631408,0.0031275824530956056,32.0,2.0,34.0,68.0,4.25,5,160,320
laplace,2048,64,4,2585751733,4,Q8.8,H32,32,group32,32,0.09715982965080475,0.1525644205204017,0.9883038295794992,0.0017818691817221267,0.012132343995190217,1.4182888230240376,1.4160146649971233,0.09713300610304006,0.15229413379687795,0.003532807283317946,0.007178632073284897,0.003537464430536054,0.0034940226722259323,32.0,4.0,36.0,72.0,4.5,5,160,320
laplace,2048,64,4,2585751733,4,Q8.8,H32,32,group16,16,0.08584638013557841,0.13528736928247734,0.991046227308539,0.0012179929830875267,0.0031614618301925488,1.4174924920217324,1.4153665676416618,0.0857420268709521,0.1357209826897979,0.003946153050164298,0.007085342498946709,0.003933604435355621,0.003912296105483505,32.0,8.0,40.0,80.0,5.0,5,160,320
laplace,2048,64,4,2585751733,4,Q8.8,H32,32,group8,8,0.07213772746622983,0.11141469126062983,0.9939316353251537,-0.00025783825381616473,0.0022077185905875116,1.416896528296076,1.4147665247739258,0.0720318761100776,0.11105510834401906,0.0044596872514246185,0.0071384554576103066,0.004469302072680212,0.004454553481972458,32.0,16.0,48.0,96.0,6.0,5,160,320
laplace,2048,64,4,2585751733,4,Q8.8,H64,64,group64,64,0.10745780929714469,0.16312930479480303,0.9868417787874384,-0.0021512960105868244,0.002534952346801118,1.4184811610019417,1.4178232317649009,0.10747380415496416,0.16326908766452347,0.0031350241619095428,0.00813518056217209,0.003123956410904599,0.003174618041650665,32.0,2.0,34.0,68.0,4.25,6,192,384
laplace,2048,64,4,2585751733,4,Q8.8,H64,64,group32,32,0.09817555236295118,0.14009933399735386,0.9901496621111441,-0.0010450979710347355,0.003914880509395184,1.417906884356311,1.417193606499294,0.09806861285571619,0.13958075246183552,0.0034987576156152,0.006156064994541031,0.0034463161670650953,0.003481943397391942,32.0,4.0,36.0,72.0,4.5,6,192,384
laplace,2048,64,4,2585751733,4,Q8.8,H64,64,group16,16,0.08563106795259147,0.13330324762882498,0.9910288043090627,-0.0009630721078502841,0.009376612255559049,1.4172630053869486,1.4164680267392837,0.08556005352396412,0.13294092685614292,0.003914740243652852,0.006560760456105173,0.0038768636364951087,0.0039026997036359138,32.0,8.0,40.0,80.0,5.0,6,192,384
laplace,2048,64,4,2585751733,4,Q8.8,H64,64,group8,8,0.07206650269132897,0.1035660127997085,0.9944190946116177,-0.00159489055282351,0.007180035764458169,1.4167043115006788,1.4157288881040897,0.07190684236602805,0.10352815217770203,0.004455604691441321,0.006929337330380576,0.004429563030367528,0.004455722941917243,32.0,16.0,48.0,96.0,6.0,6,192,384
laplace,4096,64,4,3936203934,4,Q8.8,none,1,group64,64,0.14060359670450198,0.2004059321237346,0.9799144820082729,-0.000123465957751618,-0.008558857353369895,0.13827167475630298,0.13899616734518846,0.14055184614401237,0.19956877844189688,0.0024567745961334183,0.005842943815652168,0.002459349956731412,0.0024441427801625546,32.0,2.0,34.0,68.0,4.25,0,0,0
laplace,4096,64,4,3936203934,4,Q8.8,none,1,group32,32,0.12183230413108166,0.18848111079301683,0.9831572715991305,0.00048732129778314307,-0.0041103481576116735,0.11945133955408162,0.11979823235776246,0.12177596824782917,0.18810053457783454,0.0028680722755809553,0.005682452557322629,0.002861856237789612,0.00286410534249577,32.0,4.0,36.0,72.0,4.5,0,0,0
laplace,4096,64,4,3936203934,4,Q8.8,none,1,group16,16,0.10236124001220816,0.16132118189573733,0.9873693456418835,-0.0003831909786881982,0.016996746048518304,0.10030847520621748,0.10040756412688458,0.1023306118368814,0.16123500957260908,0.0033733662179027896,0.005646868850651797,0.003375516382076391,0.0033767355452731054,32.0,8.0,40.0,80.0,5.0,0,0,0
laplace,4096,64,4,3936203934,4,Q8.8,none,1,group8,8,0.08230987503085636,0.11446246048074994,0.9932892499108789,0.000107609102748705,0.012224224020472635,0.08065627758977022,0.08069254058929681,0.08220253093121396,0.11433076148969845,0.004092614812888526,0.0062918414378895495,0.004055636788070419,0.004047803938259929,32.0,16.0,48.0,96.0,6.0,0,0,0
laplace,4096,64,4,3936203934,4,Q8.8,H4,4,group64,64,0.11734457337105723,0.16570840022704358,0.9865958783952117,-6.477702838349439e-05,-0.012573901307070052,1.4167907438741427,1.4191108942707542,0.11728524778999472,0.16627629529419735,0.0029312318241126933,0.007707217078609991,0.0029277190829216436,0.0029220771520305816,32.0,2.0,34.0,68.0,4.25,2,64,128
laplace,4096,64,4,3936203934,4,Q8.8,H4,4,group32,32,0.10208221402770096,0.13285035471706075,0.9911902268155757,-0.001104518284888309,0.007991832818435548,1.4156360596331425,1.4180654393284633,0.10203064103030327,0.13360271815762095,0.003342033324438615,0.0066671258448299225,0.003323529174767343,0.0033136723508923297,32.0,4.0,36.0,72.0,4.5,2,64,128
laplace,4096,64,4,3936203934,4,Q8.8,H4,4,group16,16,0.08866654082965233,0.12902889107321455,0.9916286771671581,-0.0016137953502056478,0.0012041114116141665,1.4148827428318875,1.4170805927260128,0.08852715918475616,0.1288759629812326,0.0038436393790412444,0.007070244923229232,0.0038362991243705855,0.0038130567267408186,32.0,8.0,40.0,80.0,5.0,2,64,128
laplace,4096,64,4,3936203934,4,Q8.8,H4,4,group8,8,0.07179552962078918,0.09655344050578901,0.995288474184767,-0.0006386883300323195,0.006143042694471887,1.4138839426865797,1.4162984851094642,0.07166130593912262,0.09613646203353791,0.0045120231223865865,0.006930803859341899,0.004496142251528797,0.004481072461656066,32.0,16.0,48.0,96.0,6.0,2,64,128
laplace,4096,64,4,3936203934,4,Q8.8,H8,8,group64,64,0.11191743562959275,0.16977648870501075,0.9852759327616398,-0.000471035407762149,0.009784613706474104,1.421808432245703,1.4177897307491882,0.11189766559570336,0.1692426835036109,0.0030377871292511867,0.0073229287320168614,0.0030347907720912905,0.0030229212271930253,32.0,2.0,34.0,68.0,4.25,3,96,192
laplace,4096,64,4,3936203934,4,Q8.8,H8,8,group32,32,0.0996847572768921,0.14036502648049204,0.9898499929505257,-0.001177236381306744,-0.004678255297486835,1.4209189277709433,1.416963274235097,0.0996345063858973,0.14004401145341214,0.0034714275067526607,0.006276577876541556,0.003429854438956964,0.0034126688713900597,32.0,4.0,36.0,72.0,4.5,3,96,192
laplace,4096,64,4,3936203934,4,Q8.8,H8,8,group16,16,0.08505957547052799,0.11999675464183884,0.9929096912033288,-0.0010617943049064905,0.008775426660588928,1.420131295892428,1.4161621441924406,0.08497936926092246,0.11944606402113168,0.003970605542245221,0.007349140554927681,0.00391627666171894,0.003907508410358048,32.0,8.0,40.0,80.0,5.0,3,96,192
laplace,4096,64,4,3936203934,4,Q8.8,H8,8,group8,8,0.07016128849527768,0.09413473528809913,0.9952736304323492,-0.0008032038083783627,0.0026795355900349786,1.4194145753323406,1.4153785201896278,0.07004076127102132,0.09443946279046012,0.004570643636642792,0.007560058130814679,0.004564543932423071,0.004551613369977963,32.0,16.0,48.0,96.0,6.0,3,96,192
laplace,4096,64,4,3936203934,4,Q8.8,H16,16,group64,64,0.10918267217944873,0.15804065053525898,0.987696696526241,0.0006646720364092895,0.00044749743244799954,1.4177182989252346,1.4166930912188314,0.1091392599284779,0.15836687883494383,0.0031009778368789255,0.007478595942406916,0.003095584757585881,0.0030813876910687544,32.0,2.0,34.0,68.0,4.25,4,128,256
laplace,4096,64,4,3936203934,4,Q8.8,H16,16,group32,32,0.09685848379726093,0.13628379624208523,0.9907943981055198,0.000768373086140899,-0.007007915183792901,1.4170636718465375,1.4158968452091536,0.09679690787631909,0.13568365118639636,0.003465155017006609,0.007018489086608735,0.0034705483718401667,0.0034644474316234113,32.0,4.0,36.0,72.0,4.5,4,128,256
laplace,4096,64,4,3936203934,4,Q8.8,H16,16,group16,16,0.08404393466716245,0.1185343362593102,0.9929835219630386,-5.7200330820229895e-05,0.0032004025690245347,1.4163176011245637,1.4151861651424624,0.08395016846695562,0.11884950992960847,0.003962959364547265,0.0068968758858491104,0.003958219406973038,0.0039506127642669605,32.0,8.0,40.0,80.0,5.0,4,128,256
laplace,4096,64,4,3936203934,4,Q8.8,H16,16,group8,8,0.07179937504764143,0.09998659273605726,0.9949323502803727,-0.00027564249130629875,-0.0036912127666424385,1.4156747391545872,1.4144741242456318,0.07166764322976991,0.10009836216716439,0.004546704738818237,0.006906032090693435,0.004494246544192003,0.004489085901353111,32.0,16.0,48.0,96.0,6.0,4,128,256
laplace,4096,64,4,3936203934,4,Q8.8,H32,32,group64,64,0.10760189113766871,0.151788149223405,0.9886246319234527,-0.0004317813285452647,-0.0006435525009246616,1.418549680801436,1.4197848267497308,0.1075660438462216,0.15093347376258098,0.0031266936997551386,0.006405152861127345,0.003147291607583713,0.0031447004775871086,32.0,2.0,34.0,68.0,4.25,5,160,320
laplace,4096,64,4,3936203934,4,Q8.8,H32,32,group32,32,0.09592417016799705,0.12909299185082956,0.9915688961858518,0.000504441711872735,0.0009051172543046766,1.4176774547606175,1.4189379057305884,0.09588587192963262,0.128615363925387,0.003534462678296638,0.00689361869977693,0.0035173132619854743,0.003514047425228114,32.0,4.0,36.0,72.0,4.5,5,160,320
laplace,4096,64,4,3936203934,4,Q8.8,H32,32,group16,16,0.08488768268506533,0.11159562571042093,0.9936696205719533,0.00039398193295190747,0.010275541981325034,1.4171675712744893,1.4184137679238602,0.08481950796836844,0.11143947602101914,0.00396844135247873,0.006430522788943062,0.003927982331457638,0.0039157299402330075,32.0,8.0,40.0,80.0,5.0,5,160,320
laplace,4096,64,4,3936203934,4,Q8.8,H32,32,group8,8,0.07183970818545211,0.0944042257909383,0.9954344120909195,-0.0009309251395472869,0.0010612897518165563,1.4165093766884604,1.4177313159385971,0.07171813414229128,0.09426234898007627,0.0045783185670240905,0.0068251692627852014,0.0044751140946963875,0.004459388608130158,32.0,16.0,48.0,96.0,6.0,5,160,320
laplace,4096,64,4,3936203934,4,Q8.8,H64,64,group64,64,0.10810443970493637,0.15063028945608406,0.9883295019827333,0.0010060672784531072,-0.018815116452889684,1.4205533398123154,1.419581735425847,0.10808497092533614,0.1512823580939921,0.0031306189575145654,0.0072303804676615725,0.003137430506155935,0.003149630916093651,32.0,2.0,34.0,68.0,4.25,6,192,384
laplace,4096,64,4,3936203934,4,Q8.8,H64,64,group32,32,0.09763817701754861,0.1245766501636231,0.9918714952390982,0.0005529575792172669,-0.008909817784901365,1.4197292310724594,1.4187911326243174,0.0975775219074479,0.12486524402592748,0.0035153202641814547,0.006523975754875617,0.003457535565060243,0.0034594660594860793,32.0,4.0,36.0,72.0,4.5,6,192,384
laplace,4096,64,4,3936203934,4,Q8.8,H64,64,group16,16,0.08579567451605657,0.10882536146658203,0.9942238435428427,1.1452692679433495e-05,-0.008589350055291574,1.4190191531010474,1.418230218050955,0.08566413237872107,0.1090170857547267,0.003933914565857353,0.006181909153244905,0.0038834411175987914,0.0038683626957103155,32.0,8.0,40.0,80.0,5.0,6,192,384
laplace,4096,64,4,3936203934,4,Q8.8,H64,64,group8,8,0.07248170891564534,0.10235526055389793,0.9946008382417417,-0.0002387034382472708,-0.0072390886416983736,1.4184077644623694,1.417445588423817,0.07227548081727267,0.10141700083196056,0.0044941327345645295,0.006576544378505807,0.004437021470893881,0.004434184118643022,32.0,16.0,48.0,96.0,6.0,6,192,384
student_t_df3,128,64,32,2994312498,4,Q8.8,none,1,group64,64,0.1642419258938971,0.23041366764635887,0.9746095641286925,-0.0026829310443064465,-0.00014783071675742593,0.16493783179356145,0.16595866555833275,0.16420374331014673,0.22997161179169406,0.0022145061684035643,0.004643673001391403,0.002205527266906975,0.002147701661117136,32.0,2.0,34.0,68.0,4.25,0,0,0
student_t_df3,128,64,32,2994312498,4,Q8.8,none,1,group32,32,0.13579472601316342,0.19034135159838556,0.9831775357846266,0.0004830095933630768,-0.001393439447443835,0.13531435182964555,0.13623766688194655,0.1357341583366896,0.1901250662220527,0.0026800442978768676,0.005121930950585785,0.0027162522825114064,0.0026453273237376923,32.0,4.0,36.0,72.0,4.5,0,0,0
student_t_df3,128,64,32,2994312498,4,Q8.8,none,1,group16,16,0.10815973447404324,0.15035025419435588,0.9889920447736584,0.00039384672639732727,-0.004000941886872575,0.10870041850325247,0.10913795483380828,0.10811039393604521,0.1499745735397102,0.0032987945104446894,0.00537340418776446,0.003302591468263068,0.003274220676544467,32.0,8.0,40.0,80.0,5.0,0,0,0
student_t_df3,128,64,32,2994312498,4,Q8.8,none,1,group8,8,0.08455908537297192,0.1141361192568429,0.993637814809127,0.0007613807219000358,-0.000583860703314956,0.08423728031396598,0.08428867170163667,0.08438323553368533,0.1139353353828402,0.004184110327042472,0.0062265858938258326,0.004071212769727518,0.0040409052789487305,32.0,16.0,48.0,96.0,6.0,0,0,0
student_t_df3,128,64,32,2994312498,4,Q8.8,H4,4,group64,64,0.12329471730254156,0.17439538163060125,0.9854149491271442,0.0014676146827101268,-0.005557144822620142,1.420924684165685,1.4211819229705909,0.1233263957722434,0.1755057500756669,0.0027038958663959966,0.006215918094055768,0.002773966217660232,0.0027581616714172645,32.0,2.0,34.0,68.0,4.25,2,64,128
student_t_df3,128,64,32,2994312498,4,Q8.8,H4,4,group32,32,0.10669229606245989,0.14377152608918434,0.9900282621011303,0.0008776664057284088,-0.0028659105086875974,1.4194131307352826,1.4196681514276297,0.1067499510695086,0.14397868878766154,0.003224763695888216,0.0067704132435791285,0.0032464650931170918,0.00321918626516989,32.0,4.0,36.0,72.0,4.5,2,64,128
student_t_df3,128,64,32,2994312498,4,Q8.8,H4,4,group16,16,0.08719749847254492,0.1222516804629292,0.9927685052109843,0.0016884328147450743,-0.0015596604516477167,1.418433283831825,1.4184727357106643,0.08720631592386956,0.12235834512060612,0.0037806955138559003,0.008195921539863043,0.0037955547724022338,0.0037780912189783657,32.0,8.0,40.0,80.0,5.0,2,64,128
student_t_df3,128,64,32,2994312498,4,Q8.8,H4,4,group8,8,0.06984532043062626,0.09724122924405273,0.9953211699577189,0.00016180601561046964,0.0023549252992180096,1.4176091505183799,1.4175853707842214,0.06973203939649202,0.09638735517075431,0.004440509049853081,0.007815860604209407,0.004475205942174168,0.004468791814139937,32.0,16.0,48.0,96.0,6.0,2,64,128
student_t_df3,128,64,32,2994312498,4,Q8.8,H8,8,group64,64,0.1116311496347047,0.16459536317580697,0.9879098072112993,0.001970240675977758,-0.006696615443653977,1.4228984135899452,1.4217781246448047,0.11164024250288171,0.16449281143149988,0.002960762203841173,0.006787015410722622,0.002952848252527105,0.002995957057143478,32.0,2.0,34.0,68.0,4.25,3,96,192
student_t_df3,128,64,32,2994312498,4,Q8.8,H8,8,group32,32,0.09900245464351506,0.13909848287224888,0.9911225544989908,-0.000244645986926857,-0.0039477830991433175,1.421757403025872,1.4207246381358591,0.0990129368090817,0.13846015336583808,0.003407191287090808,0.006840981330363528,0.0033932549302708725,0.00345490659263092,32.0,4.0,36.0,72.0,4.5,3,96,192
student_t_df3,128,64,32,2994312498,4,Q8.8,H8,8,group16,16,0.08394499346259446,0.11471376858217719,0.993852164517728,0.0008972781650640042,-0.00039015671450492724,1.4209004728222874,1.4198613622020313,0.08387885431423611,0.11479055362715064,0.003896973010645265,0.007081341687168571,0.0039428745116237215,0.00394071622843695,32.0,8.0,40.0,80.0,5.0,3,96,192
student_t_df3,128,64,32,2994312498,4,Q8.8,H8,8,group8,8,0.06804876355967145,0.09206678720911086,0.9959853551847482,0.00043610731599147336,-0.001310931448745466,1.4200969248485371,1.4189646805703895,0.06800391815091417,0.09237923418786638,0.004579367179404985,0.007488453506064865,0.004595388986603588,0.004607124297826886,32.0,16.0,48.0,96.0,6.0,3,96,192
student_t_df3,128,64,32,2994312498,4,Q8.8,H16,16,group64,64,0.10837408558804221,0.14834672941789664,0.9890266674448731,-0.0014566802122089539,-0.007418111415839815,1.4199035146217531,1.4159597407209734,0.10827392896685321,0.14812129006657251,0.0031768002288479805,0.006705525122161832,0.0031245379806534813,0.0031053800197593856,32.0,2.0,34.0,68.0,4.25,4,128,256
student_t_df3,128,64,32,2994312498,4,Q8.8,H16,16,group32,32,0.09433711060877475,0.13105808542733904,0.9913321814825211,0.0004135433825081326,-0.00240311819492064,1.4189552606935845,1.414852699221662,0.09427595480227838,0.13160446066713627,0.0035448709613234435,0.006557405682319623,0.003525296402659566,0.0035377605836597304,32.0,4.0,36.0,72.0,4.5,4,128,256
student_t_df3,128,64,32,2994312498,4,Q8.8,H16,16,group16,16,0.07987442855894136,0.11159226064796533,0.9938149511611414,-0.00010389766063033444,0.000297851626115403,1.4181144967903188,1.414155258668539,0.0796825582517126,0.11158368049690953,0.004076122620687385,0.006961299298183542,0.004029940984033211,0.004042763868126584,32.0,8.0,40.0,80.0,5.0,4,128,256
student_t_df3,128,64,32,2994312498,4,Q8.8,H16,16,group8,8,0.06866276267044005,0.10397123282864774,0.9948484797175987,-0.00012074516358857392,-0.0006363038004722335,1.417615265761998,1.4134787740930117,0.06848422359078568,0.10443727125511121,0.004498868447539241,0.007259478438306837,0.00457979981060162,0.004568637030446861,32.0,16.0,48.0,96.0,6.0,4,128,256
student_t_df3,128,64,32,2994312498,4,Q8.8,H32,32,group64,64,0.10440761306068763,0.13513301983730613,0.9907884926340127,-0.0012906643986644547,-0.0008396874959152671,1.4167061531861578,1.4167203846811054,0.10436416371626564,0.13522828711934018,0.0031531762505562387,0.007602080471413389,0.0031740081441782976,0.003173864963613965,32.0,2.0,34.0,68.0,4.25,5,160,320
student_t_df3,128,64,32,2994312498,4,Q8.8,H32,32,group32,32,0.09260263288026732,0.12563493711614784,0.9921076478094965,-0.0018969651536176607,0.001181122680378785,1.4163564581862842,1.4157576051333767,0.09251468051993565,0.1251354284151235,0.003548343030123261,0.0066572243488629956,0.0035946795555287835,0.003543386109209532,32.0,4.0,36.0,72.0,4.5,5,160,320
student_t_df3,128,64,32,2994312498,4,Q8.8,H32,32,group16,16,0.08442295817974504,0.11709416335485469,0.9934605492087318,-0.0011635192390894828,0.001780298516537297,1.4158859585995849,1.4155017460671988,0.08432614907814745,0.11712615453005554,0.0040083411917631135,0.006435953071752443,0.003996682747830017,0.003961098714275868,32.0,8.0,40.0,80.0,5.0,5,160,320
student_t_df3,128,64,32,2994312498,4,Q8.8,H32,32,group8,8,0.07020254557064784,0.1036804786466112,0.9951865272108225,-0.0004075914468650734,0.00020978761876384215,1.4150995167310758,1.4148816891701783,0.07010433760969384,0.10318531091427284,0.004572451941411572,0.00690121563286852,0.004521386695579266,0.004496109560411448,32.0,16.0,48.0,96.0,6.0,5,160,320
student_t_df3,128,64,32,2994312498,4,Q8.8,H64,64,group64,64,0.10504941719351056,0.14420709983244073,0.9901026080485311,0.001336874798214241,-0.001152510132521833,1.4191147177800194,1.4167113517771033,0.10502362843858312,0.14380208578666712,0.0031577436606923547,0.007146465936018918,0.003201440540953923,0.0032171357896439105,32.0,2.0,34.0,68.0,4.25,6,192,384
student_t_df3,128,64,32,2994312498,4,Q8.8,H64,64,group32,32,0.09529158907959594,0.1330752216835463,0.9917154178851995,0.0018182400855862762,-0.00388515534105677,1.4184555635455953,1.4164163067014848,0.09531508875955806,0.13283227685759216,0.0034881376203975477,0.005815050012932641,0.003529507662766837,0.003533429795573063,32.0,4.0,36.0,72.0,4.5,6,192,384
student_t_df3,128,64,32,2994312498,4,Q8.8,H64,64,group16,16,0.08299146636776902,0.11446310115184152,0.9939411701935281,0.0006796229047629849,-0.003846739253283958,1.4181234395409923,1.4160083010085398,0.0829042947256126,0.11404803586971494,0.003940602525583643,0.006045206869176561,0.003929997479006687,0.003943849279852123,32.0,8.0,40.0,80.0,5.0,6,192,384
student_t_df3,128,64,32,2994312498,4,Q8.8,H64,64,group8,8,0.07168603190996127,0.0985535881006548,0.995320971089424,0.0007460714370912313,-0.0046041201350935515,1.417311963556652,1.415496886034193,0.07151541666817093,0.09826447614387278,0.0044046154257476626,0.006417829863241743,0.004482864510536562,0.004489097506747016,32.0,16.0,48.0,96.0,6.0,6,192,384
student_t_df3,256,64,32,1512390611,4,Q8.8,none,1,group64,64,0.1635594291837075,0.20917518377703437,0.9760888924951101,-0.0033859805879373457,0.0001014090018445059,0.16476842320303844,0.16534445482719684,0.16354106399413842,0.20807015569059084,0.0022228433099873404,0.005291039062320876,0.0022113516615572784,0.002195313049766656,32.0,2.0,34.0,68.0,4.25,0,0,0
student_t_df3,256,64,32,1512390611,4,Q8.8,none,1,group32,32,0.13396568128494893,0.1624363249139473,0.9840673621412998,-0.0022728049499139867,0.0009385198468102014,0.13525689138647243,0.1354984210206955,0.133967000645319,0.16199695700555952,0.002695226991872995,0.004860533870313565,0.002715544534157714,0.0026971030302855325,32.0,4.0,36.0,72.0,4.5,0,0,0
student_t_df3,256,64,32,1512390611,4,Q8.8,none,1,group16,16,0.10766527616646515,0.13323336794722707,0.9896897213345937,0.0005755008946077801,0.0014330890727152167,0.10859801930615741,0.10871892435916349,0.10755842867342318,0.13317873494396917,0.00327802201457899,0.005151694863307153,0.00332831791533898,0.003316817428361624,32.0,8.0,40.0,80.0,5.0,0,0,0
student_t_df3,256,64,32,1512390611,4,Q8.8,none,1,group8,8,0.08394664902867503,0.10521864873528462,0.9932615862228172,0.0003110018950450774,-0.0022949455367509666,0.08443759024124786,0.08427496442344122,0.08381963662066566,0.10501496396211893,0.003997220787104979,0.005485314812200047,0.004067473674118052,0.004054704364419652,32.0,16.0,48.0,96.0,6.0,0,0,0
student_t_df3,256,64,32,1512390611,4,Q8.8,H4,4,group64,64,0.11978415864091799,0.1566238428436103,0.9860699960038037,0.001045689693393321,-0.0006635468861120304,1.4180596761198259,1.4189451810507892,0.11973264102858126,0.15569414443469967,0.002763864485006216,0.0068046447996293665,0.0027910442949435166,0.002779690748268794,32.0,2.0,34.0,68.0,4.25,2,64,128
student_t_df3,256,64,32,1512390611,4,Q8.8,H4,4,group32,32,0.10286342029429692,0.14889446453955008,0.9894059557163501,0.0003285068165672724,-0.00041720064289027216,1.4167845910517347,1.4173965787134524,0.10279340724640158,0.14665056516160774,0.0032672788731633443,0.008099786556324704,0.00324352658558782,0.003240576967694263,32.0,4.0,36.0,72.0,4.5,2,64,128
student_t_df3,256,64,32,1512390611,4,Q8.8,H4,4,group16,16,0.08583664055097497,0.12064074037328247,0.9927546200921324,0.0014129682996924095,-0.0019542540687008327,1.4157025050718306,1.416133951394917,0.08571917928379578,0.11855351384627957,0.0037500976189782766,0.008334558755413423,0.003790529763034738,0.003799325247902096,32.0,8.0,40.0,80.0,5.0,2,64,128
student_t_df3,256,64,32,1512390611,4,Q8.8,H4,4,group8,8,0.06923238766697042,0.1096834078681106,0.9952474020795654,0.001611710727446452,-0.004260599422293226,1.4147571963113494,1.4153139468603835,0.06909445852547923,0.10786668598267245,0.004373254735915057,0.007994665287479764,0.004472563447613927,0.004486091981705568,32.0,16.0,48.0,96.0,6.0,2,64,128
student_t_df3,256,64,32,1512390611,4,Q8.8,H8,8,group64,64,0.11407445520218278,0.14683406313907957,0.9870450462118872,-0.0018389085783733156,0.004190883724616296,1.420191212458358,1.4195934851694816,0.1140436239709931,0.14478282778371118,0.0029114084826657766,0.008555150068266746,0.0029655936054362605,0.002963104263150639,32.0,2.0,34.0,68.0,4.25,3,96,192
student_t_df3,256,64,32,1512390611,4,Q8.8,H8,8,group32,32,0.09774507320950582,0.12084375923994285,0.9910833199538115,-0.0009206422774509223,0.0030853840129663043,1.419118261830182,1.418519674465831,0.09767244895378523,0.11955081289959929,0.003372771856922518,0.007542274086462344,0.003414777106943798,0.0034007711838236598,32.0,4.0,36.0,72.0,4.5,3,96,192
student_t_df3,256,64,32,1512390611,4,Q8.8,H8,8,group16,16,0.08217027068012205,0.10102808047386648,0.99357756372683,-0.0005902218700593425,-0.0020971314005437673,1.4180626640872402,1.4175995485008153,0.08197599744504173,0.10001681753771448,0.003865112400667159,0.00783934827340426,0.003923750893885453,0.003926980266424696,32.0,8.0,40.0,80.0,5.0,3,96,192
student_t_df3,256,64,32,1512390611,4,Q8.8,H8,8,group8,8,0.06663327377123941,0.08914672772573869,0.9954352464550359,9.36622418178018e-06,-0.001733029106633008,1.4172209771470614,1.416819016924808,0.06642439364716347,0.0885641146887195,0.0045192163986487585,0.008094995658038525,0.004583830223148729,0.004583733989506928,32.0,16.0,48.0,96.0,6.0,3,96,192
student_t_df3,256,64,32,1512390611,4,Q8.8,H16,16,group64,64,0.10704377349068091,0.1618805119448277,0.9878410473041952,-0.0010268389710685554,-0.0001327333818167699,1.4196966149561538,1.4181055034839423,0.10692205499376654,0.15883098146999877,0.003061644074558915,0.009630771515450706,0.0030674720016370225,0.0030926327058214487,32.0,2.0,34.0,68.0,4.25,4,128,256
student_t_df3,256,64,32,1512390611,4,Q8.8,H16,16,group32,32,0.0935646878965027,0.1358160395592741,0.9910194242488974,0.00020203775486553745,-7.69124422776565e-05,1.4186031589368073,1.417177602156536,0.09349184314786205,0.13345042619161626,0.0034796299934288974,0.010239961492042584,0.0035100107088077066,0.0035163011149074268,32.0,4.0,36.0,72.0,4.5,4,128,256
student_t_df3,256,64,32,1512390611,4,Q8.8,H16,16,group16,16,0.07922233826379176,0.12225416815306096,0.9935427950268653,4.690642324542715e-05,-5.496733939152671e-06,1.4177099322972972,1.416344176361355,0.07909276061468605,0.11967605298982897,0.003944220377126996,0.00875399541007771,0.004009125796886843,0.004016468836415608,32.0,8.0,40.0,80.0,5.0,4,128,256
student_t_df3,256,64,32,1512390611,4,Q8.8,H16,16,group8,8,0.06870527541733888,0.10151893963507362,0.9950063330654806,0.0004560084142361794,0.0044313833320286395,1.4172061274651886,1.415721522378972,0.06851413525042502,0.09991796954404492,0.004487504211258727,0.007300380633854476,0.004544229600644429,0.004551431286929572,32.0,16.0,48.0,96.0,6.0,4,128,256
student_t_df3,256,64,32,1512390611,4,Q8.8,H32,32,group64,64,0.10351503367338735,0.14758214673556266,0.989047928186071,-0.001158385637952443,0.00018368608772233042,1.4194097702303157,1.418149363389737,0.10348030461242054,0.14659568261185807,0.0031704338260510273,0.01047943612340353,0.003148660230194001,0.0031995159087366853,32.0,2.0,34.0,68.0,4.25,5,160,320
student_t_df3,256,64,32,1512390611,4,Q8.8,H32,32,group32,32,0.09050524067737353,0.12273016170458426,0.9918140295004572,-0.0012892612695520938,-0.0019178901215626658,1.4185523304949832,1.4173429789623664,0.09039739373129574,0.12262712929299274,0.0035268453281957924,0.00977490709158897,0.003543038543916283,0.003605750889159352,32.0,4.0,36.0,72.0,4.5,5,160,320
student_t_df3,256,64,32,1512390611,4,Q8.8,H32,32,group16,16,0.079283765084538,0.1076174139692869,0.9938305268389703,-0.001761081206508258,-0.0023279540618380873,1.4178105638245229,1.416761887662524,0.07918009870676788,0.10822450316975245,0.003832210640818395,0.007100619995499526,0.0039573709952710635,0.003988264884384667,32.0,8.0,40.0,80.0,5.0,5,160,320
student_t_df3,256,64,32,1512390611,4,Q8.8,H32,32,group8,8,0.06882601944409679,0.08978037249383869,0.9954655625199482,-0.0012371240129654992,-6.570173093789688e-05,1.4173090557578572,1.4159531744514462,0.06868444102209642,0.0884122058905078,0.004481365007502358,0.009558484059453747,0.004512439933520047,0.004515210114862469,32.0,16.0,48.0,96.0,6.0,5,160,320
student_t_df3,256,64,32,1512390611,4,Q8.8,H64,64,group64,64,0.10184848171579261,0.13353145954040102,0.9892218129584045,-0.0005663107374753619,0.002363272302189326,1.4207140192717584,1.419795285284394,0.10183243230815169,0.13192579368593146,0.0032564673254635254,0.009131296562677745,0.003258885626452295,0.0032348906467687772,32.0,2.0,34.0,68.0,4.25,6,192,384
student_t_df3,256,64,32,1512390611,4,Q8.8,H64,64,group32,32,0.09240229376826616,0.12193791214285703,0.990875769179898,-0.0005610156318646518,0.003067024492160346,1.420064842011568,1.4191773666715959,0.09241500140576996,0.12213413331756615,0.0035377792376111443,0.006054670057978948,0.003568958555242659,0.003534757259633883,32.0,4.0,36.0,72.0,4.5,6,192,384
student_t_df3,256,64,32,1512390611,4,Q8.8,H64,64,group16,16,0.08111758616651507,0.10418593933990775,0.993023203645776,0.0005636584095222869,0.0030123119101892076,1.4195937723726224,1.4185680852675466,0.081108656564504,0.10417918392228746,0.003908472954821644,0.006452799389424515,0.003959781433118767,0.0039455077360022565,32.0,8.0,40.0,80.0,5.0,6,192,384
student_t_df3,256,64,32,1512390611,4,Q8.8,H64,64,group8,8,0.0684233796947208,0.08817178587710692,0.9951359711407517,0.00030739934204473485,-0.0014949366875772782,1.41868535799473,1.4178467634419072,0.06830113229318134,0.08759001763203639,0.00446468814520875,0.006429984451939601,0.00449969175978439,0.004485825100921315,32.0,16.0,48.0,96.0,6.0,6,192,384
student_t_df3,512,64,16,4244135126,4,Q8.8,none,1,group64,64,0.16822414316730927,0.19312028688526064,0.9731100061395221,-0.0034793688735858712,-0.008439762694832218,0.16550859080059233,0.16453698492362034,0.1681875161709779,0.19243895726537882,0.002187462020981879,0.006307942307800547,0.0021860803869122275,0.0022107448833116362,32.0,2.0,34.0,68.0,4.25,0,0,0
student_t_df3,512,64,16,4244135126,4,Q8.8,none,1,group32,32,0.1365087980464233,0.18875519295569976,0.9817239160276023,-0.0043635433305543965,0.0077001188459737396,0.13567651928015445,0.1350634709722771,0.13646291260668786,0.18666278335433065,0.0027023362815527534,0.005513856059831005,0.0026937303873762735,0.002708869768349999,32.0,4.0,36.0,72.0,4.5,0,0,0
student_t_df3,512,64,16,4244135126,4,Q8.8,none,1,group16,16,0.1108392149054525,0.134119002142217,0.9894470337739832,-0.0014896862766251497,-0.0013441607702497544,0.10874720882227057,0.10851130640331048,0.11074942297084707,0.1329029953836678,0.003287325470506658,0.005289013678804655,0.0033043699616618024,0.0033077825910660967,32.0,8.0,40.0,80.0,5.0,0,0,0
student_t_df3,512,64,16,4244135126,4,Q8.8,none,1,group8,8,0.08690302816317591,0.10473560690294013,0.9933238322462374,0.000849697023322263,0.0005749152355680713,0.08438304548317041,0.0841175282562483,0.08675423389591672,0.1040256158193638,0.004004919478543026,0.005794321543401878,0.0040584181692299316,0.004055338747502179,32.0,16.0,48.0,96.0,6.0,0,0,0
student_t_df3,512,64,16,4244135126,4,Q8.8,H4,4,group64,64,0.123953587364496,0.1507583412639263,0.986250724897122,0.003559315628200816,-0.001004119909196831,1.4187725659976442,1.4228637736856604,0.12394527472649976,0.1537684295375565,0.0027890993339673297,0.008510577493084731,0.002777902448243823,0.00276248386957238,32.0,2.0,34.0,68.0,4.25,2,64,128
student_t_df3,512,64,16,4244135126,4,Q8.8,H4,4,group32,32,0.10601420695739334,0.1354437619894469,0.9889152513602574,0.0006090138260544966,-0.0078013963870754025,1.4175332490506292,1.4216242669815449,0.10604552310970394,0.1358839642361748,0.00329493887316974,0.005610530939213902,0.003248643784462519,0.003235946879559005,32.0,4.0,36.0,72.0,4.5,2,64,128
student_t_df3,512,64,16,4244135126,4,Q8.8,H4,4,group16,16,0.08790861246256088,0.10768723700891247,0.9925357115680472,-0.0002496529251084058,-0.0033142263112741323,1.4164463746873692,1.4205263526425187,0.08785903893078831,0.10844798545265599,0.0038612920443362067,0.005973643874590832,0.003800165713032117,0.003805359590155154,32.0,8.0,40.0,80.0,5.0,2,64,128
student_t_df3,512,64,16,4244135126,4,Q8.8,H4,4,group8,8,0.07091636636748724,0.08607553380936105,0.9950530786871628,-0.0003983679833800435,0.003490920414923226,1.4155999726988195,1.4196219347785752,0.0707784332319877,0.08622819398846254,0.0045272795393758855,0.007399808516794623,0.004481787855832821,0.004497291741326007,32.0,16.0,48.0,96.0,6.0,2,64,128
student_t_df3,512,64,16,4244135126,4,Q8.8,H8,8,group64,64,0.11292841409686895,0.14563681679088608,0.9862561388824591,0.0002804709475392176,0.003687477009667744,1.422752441501164,1.4162770069227297,0.11291270003703552,0.1451603806808721,0.003006926520261706,0.00533541570700845,0.0030031201514166377,0.002972173286651973,32.0,2.0,34.0,68.0,4.25,3,96,192
student_t_df3,512,64,16,4244135126,4,Q8.8,H8,8,group32,32,0.09835916289685066,0.12351407990291888,0.9906641802356012,-0.0012937106735839835,-0.0023752148599524925,1.4216144460724027,1.4154198299761562,0.09829036991787014,0.1237158144511893,0.0034430549991741333,0.005544417336477455,0.0034306024390804153,0.0034004079133599604,32.0,4.0,36.0,72.0,4.5,3,96,192
student_t_df3,512,64,16,4244135126,4,Q8.8,H8,8,group16,16,0.08264552110244691,0.11696920471543466,0.9934082783645433,-0.0016722632696472954,-0.0005290013126720458,1.4206269550532713,1.4144629490085545,0.08247495019562011,0.11666168436101562,0.003951621193783012,0.005918155244686714,0.00395536823386808,0.003946113004028689,32.0,8.0,40.0,80.0,5.0,3,96,192
student_t_df3,512,64,16,4244135126,4,Q8.8,H8,8,group8,8,0.06794997155761595,0.10138821176772754,0.9955436207660318,0.00011551164995854955,0.0001290412782803416,1.4197886338024033,1.4137052057007413,0.06785861869488757,0.10170571874277921,0.004728407802035942,0.006628176353771334,0.0046110749191459735,0.004593837588392537,32.0,16.0,48.0,96.0,6.0,3,96,192
student_t_df3,512,64,16,4244135126,4,Q8.8,H16,16,group64,64,0.11062311706792202,0.13879845335125793,0.9898147561335149,-0.001678555541625575,-0.0024262009096823966,1.415689298296835,1.4182721392049684,0.11057228648052286,0.13190714020716485,0.003039057749655969,0.016490272117353294,0.0030652575955980245,0.0031337237070727104,32.0,2.0,34.0,68.0,4.25,4,128,256
student_t_df3,512,64,16,4244135126,4,Q8.8,H16,16,group32,32,0.09527113712188776,0.12305248792224391,0.9921028149760278,-0.00024048455254675174,0.0024665786076924767,1.414801992704253,1.417237982365673,0.0952036719516205,0.11835028380452188,0.0034965284783429677,0.01324309632735792,0.0035078725582382716,0.003514886934582387,32.0,4.0,36.0,72.0,4.5,4,128,256
student_t_df3,512,64,16,4244135126,4,Q8.8,H16,16,group16,16,0.08010361151848307,0.12094130662839524,0.9939413262148232,0.00014836691240921,-0.0022632045654178996,1.413975182698306,1.4164935791665787,0.08002882304660242,0.11299862713098786,0.004010139217354542,0.014930801380870294,0.004031499326324226,0.0040172123931211876,32.0,8.0,40.0,80.0,5.0,4,128,256
student_t_df3,512,64,16,4244135126,4,Q8.8,H16,16,group8,8,0.0692256445418474,0.0850637427615203,0.9950559830960348,-0.0008333574221842112,0.0023997593730778633,1.413380020227552,1.4160860812930265,0.0690538972437188,0.08426913329398014,0.004609241097313493,0.007096253315874492,0.004556178178174148,0.004553491634599063,32.0,16.0,48.0,96.0,6.0,4,128,256
student_t_df3,512,64,16,4244135126,4,Q8.8,H32,32,group64,64,0.10594247056914466,0.15742989711205904,0.9890047307300118,0.0012816674925532014,-0.009647577537032373,1.4201539558718541,1.4192987642931878,0.1059325454106328,0.14912827413329538,0.00322237784337715,0.016719131698406248,0.003179054695353508,0.0031792666446916274,32.0,2.0,34.0,68.0,4.25,5,160,320
student_t_df3,512,64,16,4244135126,4,Q8.8,H32,32,group32,32,0.09270903166446774,0.1383097493477755,0.9923335451769366,0.0005732572219530001,-0.0041353547869129766,1.4194619396032035,1.4185900618391116,0.09265690148436449,0.13019235911057966,0.0036260499163148613,0.015124053348232644,0.0035672964851647376,0.003589886546814898,32.0,4.0,36.0,72.0,4.5,5,160,320
student_t_df3,512,64,16,4244135126,4,Q8.8,H32,32,group16,16,0.08325118963165994,0.09987356723339225,0.994148577290434,0.0008191800941665243,-0.0006745973728104234,1.4189223821666688,1.417858788896838,0.08319410880547759,0.0965383402107457,0.004068472832748187,0.011148940609647422,0.003975749007134781,0.003979431234013662,32.0,8.0,40.0,80.0,5.0,5,160,320
student_t_df3,512,64,16,4244135126,4,Q8.8,H32,32,group8,8,0.0702475080573435,0.08708631036055438,0.9956340689083198,0.000261814937640379,0.0014470289647463112,1.418116808791441,1.4173372882492343,0.07012698064180949,0.08620410766790723,0.004626452125743308,0.006937434570782442,0.004523372013689293,0.004507161560357253,32.0,16.0,48.0,96.0,6.0,5,160,320
student_t_df3,512,64,16,4244135126,4,Q8.8,H64,64,group64,64,0.10444472012663711,0.1251017401582605,0.9901628911998863,0.0007455990728459915,0.001618511194087415,1.4174008439481427,1.4159605962059014,0.10446512269082905,0.1254399379447499,0.003180213107799626,0.00996829514326457,0.0032201589520189796,0.003213158229885518,32.0,2.0,34.0,68.0,4.25,6,192,384
student_t_df3,512,64,16,4244135126,4,Q8.8,H64,64,group32,32,0.0948047384399838,0.1333507387593119,0.9910862353450707,0.0008339779188717187,0.0021139724358574747,1.416780523435346,1.4153378929690965,0.09475367315971542,0.13822105457543638,0.0035266922477343293,0.010946022583337513,0.003544859955924132,0.0035395595376761235,32.0,4.0,36.0,72.0,4.5,6,192,384
student_t_df3,512,64,16,4244135126,4,Q8.8,H64,64,group16,16,0.08353167168943056,0.0987999627155885,0.9938774489694566,-0.0004404064587179677,0.0012256095518547398,1.4162575964373187,1.4146822719852423,0.0834573425367583,0.09872217236677816,0.003995684529504755,0.005561442470914042,0.003948724438782418,0.003950332867589232,32.0,8.0,40.0,80.0,5.0,6,192,384
student_t_df3,512,64,16,4244135126,4,Q8.8,H64,64,group8,8,0.07147758103724347,0.08938623859315539,0.9951866149933609,7.84903881233914e-06,0.0003466922408413069,1.4154800141537904,1.414178094335456,0.07133297883122264,0.08948767093763371,0.004551926469822265,0.005998126021794089,0.0045045467728467405,0.004490556876336117,32.0,16.0,48.0,96.0,6.0,6,192,384
student_t_df3,1024,64,8,635416609,4,Q8.8,none,1,group64,64,0.16617546479847353,0.22784940801519002,0.9759992141305732,0.0007980444014515167,-0.010820734218622447,0.16553059725744562,0.1656023437591035,0.1661816450949304,0.22752802673918082,0.0021926122639084407,0.0061080473677136505,0.002170540090314611,0.0021811070261787344,32.0,2.0,34.0,68.0,4.25,0,0,0
student_t_df3,1024,64,8,635416609,4,Q8.8,none,1,group32,32,0.13462459824798398,0.19478936206233782,0.983054868493195,0.0008574339437024935,-0.008039846952809489,0.13575925111008857,0.1356838643038952,0.1345960155150779,0.19503060319000867,0.002687064139779679,0.006295962427601307,0.0026812854892547446,0.002688614840173883,32.0,4.0,36.0,72.0,4.5,0,0,0
student_t_df3,1024,64,8,635416609,4,Q8.8,none,1,group16,16,0.10845706216227548,0.1584413041821833,0.9888035848714203,0.00011025753063403018,-0.004556628006166202,0.10898700100993483,0.10880450487589559,0.10842836009902762,0.15919075019681195,0.003282972430102048,0.00689375159316597,0.0033007763514525767,0.003320747037544003,32.0,8.0,40.0,80.0,5.0,0,0,0
student_t_df3,1024,64,8,635416609,4,Q8.8,none,1,group8,8,0.08381228144637416,0.12230843708746966,0.9930302744148956,-0.00016018482432906994,0.0029134355651580525,0.08442422220782632,0.08433688424936692,0.08373072847323024,0.12233690833965331,0.004022412134610795,0.007419807435099848,0.004055356898581527,0.0040573876546561635,32.0,16.0,48.0,96.0,6.0,0,0,0
student_t_df3,1024,64,8,635416609,4,Q8.8,H4,4,group64,64,0.12258726247327642,0.162754087805343,0.9873509584964518,-0.0021446875194743595,0.002710339321459049,1.4190587162159567,1.4194996999305014,0.12254341816830061,0.16269210902646045,0.0028225615570786054,0.009953427729659303,0.0027862023698155265,0.002782775112388219,32.0,2.0,34.0,68.0,4.25,2,64,128
student_t_df3,1024,64,8,635416609,4,Q8.8,H4,4,group32,32,0.10498872576403354,0.15495011351206314,0.9893831932258511,-0.0017181029624416893,0.010024811058941143,1.4175651805001956,1.4180023404452495,0.10489737722360114,0.15349330561315994,0.0032179054520501396,0.00813034773127477,0.003232687246545979,0.003234733560727744,32.0,4.0,36.0,72.0,4.5,2,64,128
student_t_df3,1024,64,8,635416609,4,Q8.8,H4,4,group16,16,0.08644400738761551,0.13338253529225094,0.9922697018226012,-0.000279808108148079,0.007903651415026256,1.416323461399737,1.4168177619670383,0.08636318855023978,0.13187544600138634,0.0037430003615975,0.008155194316591043,0.003794962367518391,0.003793345605387839,32.0,8.0,40.0,80.0,5.0,2,64,128
student_t_df3,1024,64,8,635416609,4,Q8.8,H4,4,group8,8,0.06982574153888545,0.1227554080662254,0.9938885449537171,0.00026205347931373393,0.011735932100575813,1.4153956652017896,1.415908443797,0.06969025053230661,0.12049003711735459,0.004427724056953624,0.007889283462049113,0.004479381726662199,0.004479012555447399,32.0,16.0,48.0,96.0,6.0,2,64,128
student_t_df3,1024,64,8,635416609,4,Q8.8,H8,8,group64,64,0.11431487091269543,0.16540423386374895,0.9867062180578625,-0.002102063532412964,-0.011802391640503763,1.4201991866365156,1.419877845283976,0.11430049141665442,0.16441069843185818,0.0029412884870932414,0.009304233880161949,0.0029442412704168597,0.0029867424608263876,32.0,2.0,34.0,68.0,4.25,3,96,192
student_t_df3,1024,64,8,635416609,4,Q8.8,H8,8,group32,32,0.0980569299671225,0.15683090986368875,0.9885391945781359,-0.0009887047758892309,-0.01146772640723958,1.4191430831788412,1.4191221846766167,0.09798059730920136,0.15464876457717217,0.003386477853071361,0.010353850260178607,0.0033685602448164653,0.003435806434409902,32.0,4.0,36.0,72.0,4.5,3,96,192
student_t_df3,1024,64,8,635416609,4,Q8.8,H8,8,group16,16,0.08308051309053625,0.12636307271584632,0.9920955371932711,-5.626181449468683e-05,-0.010294971548599508,1.418165144853882,1.4182324847855945,0.0830249986143543,0.12537655211282356,0.0038423967736291656,0.009046124539841589,0.003906979780442404,0.003964205096322215,32.0,8.0,40.0,80.0,5.0,3,96,192
student_t_df3,1024,64,8,635416609,4,Q8.8,H8,8,group8,8,0.06767598944411247,0.10246039091946643,0.9949854264315456,-0.0025773596307401268,-0.009919577336968055,1.4172766415673006,1.4174584299722046,0.06749245460126141,0.10176543061248206,0.004465291256965778,0.008821439500943716,0.0045669783155244436,0.004617359209857802,32.0,16.0,48.0,96.0,6.0,3,96,192
student_t_df3,1024,64,8,635416609,4,Q8.8,H16,16,group64,64,0.10825737351616405,0.14221735070711586,0.9899240756615842,3.872062912326777e-05,0.008143555703535565,1.4191022634815198,1.416786094163035,0.1082071664745505,0.14148728229988072,0.003081524086848375,0.007288677912502431,0.00311620210235008,0.0030906339399237913,32.0,2.0,34.0,68.0,4.25,4,128,256
student_t_df3,1024,64,8,635416609,4,Q8.8,H16,16,group32,32,0.09454313082871461,0.1324392240263122,0.991507728692165,-0.001284506864749701,0.0024308580571092368,1.4181446322300122,1.4158794816920666,0.09447850542291686,0.13168887159992793,0.0034821182782859435,0.008167061309975117,0.0035296674271210154,0.0035230947613255764,32.0,4.0,36.0,72.0,4.5,4,128,256
student_t_df3,1024,64,8,635416609,4,Q8.8,H16,16,group16,16,0.0797173130487413,0.11858933525239077,0.9935632338989415,-0.0016013314413203144,0.0011062206344267303,1.417419253776748,1.415120655372443,0.07966785986822177,0.1181778876027212,0.004011966171379497,0.007580378497728103,0.004030021962734081,0.004031616327024834,32.0,8.0,40.0,80.0,5.0,4,128,256
student_t_df3,1024,64,8,635416609,4,Q8.8,H16,16,group8,8,0.06809378128886202,0.10472347378235303,0.9949045014578375,-0.0005051449254072948,0.008555929463543431,1.4167797934305604,1.4143391205011904,0.06800633581586238,0.10339634397140339,0.004546848223872832,0.008447369642882962,0.004561653048457448,0.004571505909178459,32.0,16.0,48.0,96.0,6.0,4,128,256
student_t_df3,1024,64,8,635416609,4,Q8.8,H32,32,group64,64,0.10396383726890454,0.1555166836502043,0.9889429936340677,-0.0009746143294160638,0.005477036218656296,1.417611217884902,1.4195524340516061,0.10393031108554475,0.15510199700099947,0.0031413659519595183,0.007742012139215366,0.003165556025403438,0.0031987697292537942,32.0,2.0,34.0,68.0,4.25,5,160,320
student_t_df3,1024,64,8,635416609,4,Q8.8,H32,32,group32,32,0.09170704872373671,0.13390584635152958,0.9921410061903677,0.0007551898286433904,0.0047480361046456886,1.416717975574153,1.418663872467309,0.09163405759130264,0.1344183270732788,0.0035568221284333575,0.007149842165821619,0.0035928194997782922,0.003600073952995574,32.0,4.0,36.0,72.0,4.5,5,160,320
student_t_df3,1024,64,8,635416609,4,Q8.8,H32,32,group16,16,0.08217269149802617,0.11930596068079294,0.9935056338518323,0.0003072688559604118,0.00135368318511275,1.416283123463931,1.4178781572724204,0.08215459463927706,0.12007290509285361,0.003950834790603954,0.007471209796701325,0.003988552132416465,0.003989914522330404,32.0,8.0,40.0,80.0,5.0,5,160,320
student_t_df3,1024,64,8,635416609,4,Q8.8,H32,32,group8,8,0.06955008380212545,0.10217533579153808,0.9953280152140517,2.274101576271405e-05,0.0061643690191764515,1.4156020990332556,1.4170789459374638,0.06949955179093893,0.1026203257661394,0.004497214296358508,0.0071608521066024835,0.004524937793643484,0.004524129015693667,32.0,16.0,48.0,96.0,6.0,5,160,320
student_t_df3,1024,64,8,635416609,4,Q8.8,H64,64,group64,64,0.1037013350002427,0.14477860488801383,0.9916762503971086,0.0025353538051926558,0.0055515205778917075,1.4190384696867266,1.4176908702156064,0.10362532830356784,0.1468373302388887,0.0032047975943722386,0.01034237673429724,0.0032214029427685923,0.003215274785707208,32.0,2.0,34.0,68.0,4.25,6,192,384
student_t_df3,1024,64,8,635416609,4,Q8.8,H64,64,group32,32,0.09334921860128055,0.14239073714784825,0.9913845496419296,0.0008954404559766176,-0.002004040708437569,1.4183436691827003,1.4171580500658565,0.09327351110713782,0.1431299637148527,0.0035291387919274696,0.008217613452098165,0.0035330852256021386,0.003553131356216734,32.0,4.0,36.0,72.0,4.5,6,192,384
student_t_df3,1024,64,8,635416609,4,Q8.8,H64,64,group16,16,0.08211064527012102,0.11977155952803278,0.9933669049457047,0.0007342231005294548,-0.0026566725978004716,1.417957525147326,1.4165597528245244,0.08201846174300367,0.11911826702173588,0.00387835885808553,0.00824776640557299,0.003944520934623444,0.003951130665557517,32.0,8.0,40.0,80.0,5.0,6,192,384
student_t_df3,1024,64,8,635416609,4,Q8.8,H64,64,group8,8,0.06980319659654798,0.1048177252803728,0.9949278829824745,0.0010203303821672601,0.0034915232663598633,1.4171758759122834,1.415987309034103,0.06970067639007539,0.10478420973411899,0.0044076674537097136,0.007239849834957323,0.004484610650045217,0.004478909684906544,32.0,16.0,48.0,96.0,6.0,6,192,384
student_t_df3,2048,64,4,1496681395,4,Q8.8,none,1,group64,64,0.16583800014704178,0.2375512075014096,0.9714689729272608,-0.0014108417754924278,0.008287489353844407,0.16629357800624003,0.16487615622382493,0.16582772284591385,0.23707155754341314,0.0022020937975109475,0.005450532573588493,0.002174842842862589,0.0021867304666727187,32.0,2.0,34.0,68.0,4.25,0,0,0
student_t_df3,2048,64,4,1496681395,4,Q8.8,none,1,group32,32,0.1355410428856663,0.2125016039543022,0.9771169756499456,-0.0016328850267505746,0.014594748492653924,0.13610859972677317,0.13553025263530502,0.13545824246518381,0.2122743048210788,0.002713077706251403,0.00587184309727835,0.0026927657394276764,0.002680232790103849,32.0,4.0,36.0,72.0,4.5,0,0,0
student_t_df3,2048,64,4,1496681395,4,Q8.8,none,1,group16,16,0.1086077903207722,0.15564882898798638,0.9879811994550608,-0.0011824706066090628,0.01100838857330679,0.10904654369096906,0.10870423225858368,0.1085563808281721,0.15539569911181003,0.0032884890131096916,0.006051032635505142,0.003308216949844372,0.00331844206063553,32.0,8.0,40.0,80.0,5.0,0,0,0
student_t_df3,2048,64,4,1496681395,4,Q8.8,none,1,group8,8,0.08425343503681156,0.11554087738204243,0.9934061384451485,-0.0013373510592166885,0.00388615404027905,0.08440396042260682,0.08436345744637948,0.08418947726620175,0.1163262770270627,0.004112417491568312,0.006874799426096235,0.004051006039539337,0.004071409789337874,32.0,16.0,48.0,96.0,6.0,0,0,0
student_t_df3,2048,64,4,1496681395,4,Q8.8,H4,4,group64,64,0.12261577069180589,0.1722950162095239,0.9853084442476814,-0.00035991970004825216,0.007837927635134169,1.417616042323306,1.4199955755105165,0.1225765475585685,0.17237324359763473,0.0028072710555743998,0.007209510178148277,0.0027850419156913724,0.0027701198507669323,32.0,2.0,34.0,68.0,4.25,2,64,128
student_t_df3,2048,64,4,1496681395,4,Q8.8,H4,4,group32,32,0.10358318345609756,0.15511225138400736,0.9884248976594852,0.00038664347838221464,-0.0021436554569218506,1.4162307672713967,1.418822311573432,0.10356033419381781,0.15405350244684596,0.0033168747268704766,0.007113448277526205,0.0032495248059292207,0.003246474880018452,32.0,4.0,36.0,72.0,4.5,2,64,128
student_t_df3,2048,64,4,1496681395,4,Q8.8,H4,4,group16,16,0.08544700776970597,0.13569898129161,0.9911381851487309,6.4480548279735e-05,0.004090643077452101,1.4150133672736105,1.4175792580119542,0.08529698106254685,0.1355842163506395,0.003901977870157943,0.007529245938356024,0.0038043319048136123,0.0037863966042704245,32.0,8.0,40.0,80.0,5.0,2,64,128
student_t_df3,2048,64,4,1496681395,4,Q8.8,H4,4,group8,8,0.06889555768858989,0.10773243377764993,0.9942867606373845,-0.0006897232628901773,-0.003450607933581535,1.414005120825706,1.4167714150093784,0.06873262132208456,0.1071896344867426,0.0045263493053483,0.007920755435268436,0.0044917617517626785,0.00447486933218834,32.0,16.0,48.0,96.0,6.0,2,64,128
student_t_df3,2048,64,4,1496681395,4,Q8.8,H8,8,group64,64,0.1125224095940947,0.16231235492671137,0.9868643545970417,-0.0008153100644229885,-0.005226495655036776,1.415603201602282,1.417187390514648,0.11254156024050058,0.16218111276945518,0.002983832437320958,0.008212808800809619,0.0029644511552386773,0.0030206087995519474,32.0,2.0,34.0,68.0,4.25,3,96,192
student_t_df3,2048,64,4,1496681395,4,Q8.8,H8,8,group32,32,0.09691652614145373,0.14633902746577154,0.9893324840383142,-0.0015573850666268131,-0.002718927624756624,1.4146870818986932,1.4160846124062925,0.09694181237660689,0.146104721200651,0.003484243305248118,0.00794290782649193,0.0034205191150692782,0.003430595403139515,32.0,4.0,36.0,72.0,4.5,3,96,192
student_t_df3,2048,64,4,1496681395,4,Q8.8,H8,8,group16,16,0.08171623473862863,0.1161611329765508,0.9933990203751528,-0.0010218833444823915,-0.0035734651569907065,1.413773504541824,1.415176669365554,0.08165395089128231,0.11626022901718021,0.003963187575714338,0.00769761148978558,0.003932935810551279,0.003961183533186554,32.0,8.0,40.0,80.0,5.0,3,96,192
student_t_df3,2048,64,4,1496681395,4,Q8.8,H8,8,group8,8,0.06685138501140551,0.09629214297178082,0.9954194855185763,-0.0005681653162325057,0.002366997068253775,1.4128888476404644,1.414241784768885,0.06680523042155394,0.095848467849341,0.004647397061073025,0.008534732488019644,0.004597663930936459,0.004608219772465102,32.0,16.0,48.0,96.0,6.0,3,96,192
student_t_df3,2048,64,4,1496681395,4,Q8.8,H16,16,group64,64,0.10811181816965457,0.15702164595329365,0.9877026613266029,1.0728279998518169e-05,0.010561647188073165,1.418826760056345,1.4168562140766912,0.10803039461323635,0.15693717745257085,0.0030926198788803093,0.00796397067272289,0.00311236079739592,0.0031045956319591408,32.0,2.0,34.0,68.0,4.25,4,128,256
student_t_df3,2048,64,4,1496681395,4,Q8.8,H16,16,group32,32,0.09464127030938396,0.13471945984149636,0.9911745859475468,0.0005560650807759376,0.002876620463657571,1.4181809096166218,1.4160637982463091,0.09454833482525066,0.13401937095500202,0.0034726762050121033,0.007052645359098838,0.003533836359075818,0.0035217577801758414,32.0,4.0,36.0,72.0,4.5,4,128,256
student_t_df3,2048,64,4,1496681395,4,Q8.8,H16,16,group16,16,0.07988908206390409,0.11406415503857281,0.9935583533528046,0.0015787106802222339,0.0076404780052943865,1.417432746913677,1.4152408861314087,0.07977059230878547,0.1130169950017687,0.003996799607299089,0.007482492199069028,0.0040380163019987075,0.00403671322642943,32.0,8.0,40.0,80.0,5.0,4,128,256
student_t_df3,2048,64,4,1496681395,4,Q8.8,H16,16,group8,8,0.068579068033056,0.10095292659433584,0.994965526495952,0.00015793754629528844,0.00276834671202614,1.4168066856924237,1.4147192623091625,0.06840851531334183,0.1005795099444293,0.004491377214853866,0.007054212848698291,0.004553891828362336,0.00456247570065348,32.0,16.0,48.0,96.0,6.0,4,128,256
student_t_df3,2048,64,4,1496681395,4,Q8.8,H32,32,group64,64,0.10614268676205085,0.1639522007614912,0.9866162286649647,0.0029250230329110447,-0.003983062490203994,1.418494744608323,1.4192118407709842,0.10609783293404879,0.16378199967213322,0.0031763337460359777,0.009067143883993893,0.003182322448902191,0.0032196415769912058,32.0,2.0,34.0,68.0,4.25,5,160,320
student_t_df3,2048,64,4,1496681395,4,Q8.8,H32,32,group32,32,0.0921085128118494,0.14172622752168756,0.989869936070089,0.0008309067000064265,0.006356535502279965,1.417813842436734,1.4183400532350292,0.09209305383929864,0.14182157877311033,0.003559352969335637,0.006970560811068655,0.0035683813149919837,0.0035900373533124573,32.0,4.0,36.0,72.0,4.5,5,160,320
student_t_df3,2048,64,4,1496681395,4,Q8.8,H32,32,group16,16,0.08233921111062331,0.12026296282043138,0.9928429217922923,0.0005825496875225227,-0.007739818256137076,1.417140967193031,1.4177756201769354,0.0822141178299711,0.11926964467666018,0.003900168114684843,0.007320959009844938,0.003954670540593439,0.003982331995365873,32.0,8.0,40.0,80.0,5.0,5,160,320
student_t_df3,2048,64,4,1496681395,4,Q8.8,H32,32,group8,8,0.06994697777402456,0.09577444871424029,0.9955793207079783,-0.0009463632120109138,-0.0015661326688257418,1.416556094986411,1.4172188960360068,0.06977260213734003,0.09583427162799486,0.004454412000470226,0.006963011217184894,0.0045013933705472225,0.0045220550956451624,32.0,16.0,48.0,96.0,6.0,5,160,320
student_t_df3,2048,64,4,1496681395,4,Q8.8,H64,64,group64,64,0.10379537596962488,0.1433790417956008,0.9901121296454982,-0.0017233029237950744,-0.011393635038027,1.4200671033140084,1.4187020290761168,0.10372510588784829,0.1441473537237661,0.0031978138973425157,0.0075837492524695625,0.0032338036153215215,0.003248911598758633,32.0,2.0,34.0,68.0,4.25,6,192,384
student_t_df3,2048,64,4,1496681395,4,Q8.8,H64,64,group32,32,0.09407514473191089,0.138446368658676,0.9904799110221412,-0.0014566921565806312,-0.0029734466724177138,1.4199186915267523,1.4182666779308726,0.09395844634914755,0.13837887787230282,0.0035324002973568538,0.007090860370873269,0.00354493163356062,0.003536309501080777,32.0,4.0,36.0,72.0,4.5,6,192,384
student_t_df3,2048,64,4,1496681395,4,Q8.8,H64,64,group16,16,0.08313291639640406,0.1220414145929678,0.9925654904135346,-0.0016105687107876043,-0.0045089998539810045,1.4192153290239757,1.4177399844727576,0.08300491742801215,0.12248807006072873,0.003925163665034345,0.007301808401478471,0.003954098381902089,0.003941680023358963,32.0,8.0,40.0,80.0,5.0,6,192,384
student_t_df3,2048,64,4,1496681395,4,Q8.8,H64,64,group8,8,0.07115000418806908,0.09543445043348728,0.995448964315695,-0.00033952392088879035,-0.007973919888209105,1.4184513729148696,1.4170439442274358,0.07097204348121719,0.09557603473681782,0.004489709075956736,0.007668387249566025,0.004485386572207991,0.00448323049215694,32.0,16.0,48.0,96.0,6.0,6,192,384
student_t_df3,4096,64,4,3368285290,4,Q8.8,none,1,group64,64,0.16535235602747614,0.24237077746571836,0.9721902164987271,0.00086292884349724,-0.002060291772346496,0.1658672316792543,0.16521487370667465,0.16531867342353387,0.24288988949485849,0.0021936700929463316,0.004653214971084214,0.002193715875656293,0.002200427244010463,32.0,2.0,34.0,68.0,4.25,0,0,0
student_t_df3,4096,64,4,3368285290,4,Q8.8,none,1,group32,32,0.13563427729361816,0.18409441366667145,0.9819530750365557,0.0006130074022834808,-0.008475291204493727,0.13587825960689676,0.13545921651731693,0.13556805600252828,0.18426570158922953,0.002674857302832348,0.004734097726228597,0.0027031579008282305,0.002689384369036241,32.0,4.0,36.0,72.0,4.5,0,0,0
student_t_df3,4096,64,4,3368285290,4,Q8.8,none,1,group16,16,0.10834833821434069,0.15126610188393264,0.9879903573576518,0.0010684158983504033,0.009642718153570406,0.10889979765836068,0.10861936283709814,0.10824819840910604,0.15215930328265861,0.0032870904770535615,0.005351276268653638,0.003307452670607858,0.0033058441269207157,32.0,8.0,40.0,80.0,5.0,0,0,0
student_t_df3,4096,64,4,3368285290,4,Q8.8,none,1,group8,8,0.08362548350224792,0.11521084982451864,0.993013232045242,0.000351541764322872,0.0003412918103432753,0.08436635457013225,0.08430048670421603,0.08349233082295074,0.11617886186855472,0.0040342562335696965,0.008096466363755097,0.004058966731879477,0.0040682005986394,32.0,16.0,48.0,96.0,6.0,0,0,0
student_t_df3,4096,64,4,3368285290,4,Q8.8,H4,4,group64,64,0.12172334691540501,0.1719375032798165,0.9847385091408934,-0.00041440752532119924,-0.013723299772524167,1.4210029844729917,1.4191940187077015,0.12165193235029895,0.17071265926849982,0.0027591709301745555,0.007516550614965552,0.0027781371133001045,0.002768243293780919,32.0,2.0,34.0,68.0,4.25,2,64,128
student_t_df3,4096,64,4,3368285290,4,Q8.8,H4,4,group32,32,0.10420135222842565,0.15914542715332147,0.9878044025037209,-0.0003626065631797013,-0.002063225886528349,1.4196173416917188,1.4179377168678724,0.1041425115635312,0.15753078206441934,0.00322532847691657,0.007855122023980393,0.003252693160840536,0.0032215566350064693,32.0,4.0,36.0,72.0,4.5,2,64,128
student_t_df3,4096,64,4,3368285290,4,Q8.8,H4,4,group16,16,0.08665224778205867,0.13623013478589233,0.9915236035754551,-0.0003847329809837115,-0.0013838459452718578,1.4184886543435749,1.4167841225187068,0.08655795353916818,0.13351117893150205,0.0037607830789733324,0.008132566398777082,0.0038053983302145647,0.003793947070543511,32.0,8.0,40.0,80.0,5.0,2,64,128
student_t_df3,4096,64,4,3368285290,4,Q8.8,H4,4,group8,8,0.07003484196029174,0.12390608030729867,0.9932245418211539,0.00010397961233197594,0.0005181865353395927,1.4175879260798476,1.4159579948361793,0.06989552281765672,0.12143625006749113,0.004424286960518263,0.008977286242329635,0.0044823443860712376,0.0044828824037491735,32.0,16.0,48.0,96.0,6.0,2,64,128
student_t_df3,4096,64,4,3368285290,4,Q8.8,H8,8,group64,64,0.11227357803939908,0.1510384771605405,0.9887459416233083,-0.0005556592830358195,0.015634888959124862,1.418026125779286,1.419166400667958,0.11218519920316286,0.1533143261920408,0.002977130241566619,0.009137980227096032,0.002969990045785387,0.002973241739666131,32.0,2.0,34.0,68.0,4.25,3,96,192
student_t_df3,4096,64,4,3368285290,4,Q8.8,H8,8,group32,32,0.0973032318611846,0.1417552406738865,0.9906778053459091,0.00013513002304093772,-0.0011903016856625109,1.4169845492604562,1.4180854508613276,0.09721915337404982,0.14415065426303597,0.003376591252997216,0.00822920916390514,0.003418403705203792,0.003403665943150863,32.0,4.0,36.0,72.0,4.5,3,96,192
student_t_df3,4096,64,4,3368285290,4,Q8.8,H8,8,group16,16,0.08290829585214823,0.1345985150405002,0.9913219797219681,7.997817103573869e-05,-0.0004427519373431333,1.4161064824785108,1.4172418555533284,0.08276588925250708,0.1364243050867253,0.003917066957577995,0.008326805768534397,0.003946582910688372,0.003928535951940064,32.0,8.0,40.0,80.0,5.0,3,96,192
student_t_df3,4096,64,4,3368285290,4,Q8.8,H8,8,group8,8,0.06690113111097586,0.09665608799908909,0.9954389408607905,0.0003175752480560903,-0.0001263628764663754,1.415403651003497,1.4164132200424877,0.06670161219291426,0.09878128966032894,0.00453694988887587,0.01038092709181542,0.004592766063563205,0.004595463340435008,32.0,16.0,48.0,96.0,6.0,3,96,192
student_t_df3,4096,64,4,3368285290,4,Q8.8,H16,16,group64,64,0.10678724686480807,0.15326494556414497,0.9889806488805781,-4.137238843433753e-05,-0.00657487021483004,1.4181882141243234,1.4176140945015212,0.10671444590670154,0.15470849019607683,0.003101342437253924,0.01249377360362121,0.003087945206912869,0.003119043833815957,32.0,2.0,34.0,68.0,4.25,4,128,256
student_t_df3,4096,64,4,3368285290,4,Q8.8,H16,16,group32,32,0.09326363943789609,0.12923931116098455,0.9915739201593572,-6.431638156306443e-05,-0.0073288375178942305,1.4173731032188135,1.4169018771095516,0.09319826204980089,0.13194047709202644,0.0035262777781668825,0.012712096703806214,0.0035087688795546928,0.0035118481835980917,32.0,4.0,36.0,72.0,4.5,4,128,256
student_t_df3,4096,64,4,3368285290,4,Q8.8,H16,16,group16,16,0.08022141866082197,0.11947329143851448,0.9935483472727963,-0.0008674899261667656,-0.0006526852711551904,1.4165641733894194,1.4160364914313666,0.08009868739096766,0.12288489433156634,0.003985175313637099,0.01160299943030486,0.00402189729837359,0.004014722736512438,32.0,8.0,40.0,80.0,5.0,4,128,256
student_t_df3,4096,64,4,3368285290,4,Q8.8,H16,16,group8,8,0.06866030581928367,0.09092618402883583,0.9959343298381489,-0.0005369998745931106,-0.000801291060918917,1.4160468144031824,1.4154146585944365,0.06853794894194408,0.09230092869525075,0.004456538899577638,0.010132146885199478,0.0045443436005406825,0.004539157799672805,32.0,16.0,48.0,96.0,6.0,4,128,256
student_t_df3,4096,64,4,3368285290,4,Q8.8,H32,32,group64,64,0.10475588596910414,0.14405893713600695,0.9903558919660993,0.0004619503375524007,0.00257490027894224,1.4184047846791528,1.4188187367303575,0.10473639480738364,0.14190051831210782,0.0031723937630279203,0.010524024120855522,0.00318261947885405,0.0031705680678484945,32.0,2.0,34.0,68.0,4.25,5,160,320
student_t_df3,4096,64,4,3368285290,4,Q8.8,H32,32,group32,32,0.09295092049821382,0.126926990123847,0.9926318966852392,1.2635555094964736e-05,0.004529504168457316,1.4176141823031414,1.4180513812548259,0.09284539088019489,0.125798548180255,0.0035689191952589443,0.01126726804583034,0.0035789246073926503,0.0035757453046343897,32.0,4.0,36.0,72.0,4.5,5,160,320
student_t_df3,4096,64,4,3368285290,4,Q8.8,H32,32,group16,16,0.08197951650133382,0.10464766223107849,0.9947771657813486,0.00024851822057086033,-0.0021459396273507056,1.4168880289537702,1.4173709063731579,0.08189914105512014,0.10434125413585839,0.004036004016839107,0.007010387253605526,0.003978133541639447,0.003978760207161343,32.0,8.0,40.0,80.0,5.0,5,160,320
student_t_df3,4096,64,4,3368285290,4,Q8.8,H32,32,group8,8,0.07039966621370967,0.09512867328077775,0.9955496430533719,0.00025955747343152553,0.004549600651951976,1.4162032945096155,1.416643932673981,0.07022095280305067,0.0953604723549101,0.004548816045356387,0.007828596553706674,0.004518871257149376,0.004515597222535775,32.0,16.0,48.0,96.0,6.0,5,160,320
student_t_df3,4096,64,4,3368285290,4,Q8.8,H64,64,group64,64,0.10271928011284863,0.14378237883954065,0.9892538697052495,0.0003250218429895253,0.003826526453373446,1.4180646927653677,1.4183226562852895,0.1026918371628152,0.1439761356147877,0.0032356355496729644,0.015160394524549425,0.0032317832704851566,0.0032246613827010004,32.0,2.0,34.0,68.0,4.25,6,192,384
student_t_df3,4096,64,4,3368285290,4,Q8.8,H64,64,group32,32,0.09445329295980413,0.12418223317868923,0.9918363852701179,0.0006486124186639136,-0.0020446869028505053,1.4173971966400907,1.4178243858268205,0.09441273168761917,0.1230033575611881,0.003516549972674775,0.010775467000498777,0.0035425727738305148,0.0035409149316124725,32.0,4.0,36.0,72.0,4.5,6,192,384
student_t_df3,4096,64,4,3368285290,4,Q8.8,H64,64,group16,16,0.08184213765569494,0.121352772899867,0.9923242742404118,0.00031295812337098336,0.0048081978880885464,1.4168239523619475,1.417201490979589,0.08174478181458798,0.1196442317160373,0.003913727945874237,0.010012929167107233,0.003949651769455506,0.003941211485988358,32.0,8.0,40.0,80.0,5.0,6,192,384
student_t_df3,4096,64,4,3368285290,4,Q8.8,H64,64,group8,8,0.06994840326251553,0.10456471496428284,0.9945073773132558,6.23826379842649e-05,0.00739235601116075,1.4161857301288256,1.416468519418603,0.06979753122127316,0.10411393645125648,0.004514236285684461,0.00862514936564578,0.004496619216319865,0.004484781013460813,32.0,16.0,48.0,96.0,6.0,6,192,384
sparse_outliers_0p1pct_x25,128,64,32,2535115307,4,Q8.8,none,1,group64,64,0.11815295251040935,0.1569243151019239,0.9873989615332304,0.0005262148061316879,0.0008156941742084727,0.11941348218671895,0.12056856128190226,0.11816896431994052,0.15735050652901372,0.0029808763378266355,0.006126168079741986,0.003053207642059654,0.003027627231871146,32.0,2.0,34.0,68.0,4.25,0,0,0
sparse_outliers_0p1pct_x25,128,64,32,2535115307,4,Q8.8,none,1,group32,32,0.10257120679638855,0.13521329337532711,0.9909001855093356,0.0003442352109771022,0.0008168323681672728,0.10297514093332856,0.10366336417961737,0.10248718287608735,0.13471940507565835,0.0033543049041863515,0.006133304420185271,0.0034062087137841346,0.003384114715295651,32.0,4.0,36.0,72.0,4.5,0,0,0
sparse_outliers_0p1pct_x25,128,64,32,2535115307,4,Q8.8,none,1,group16,16,0.08626350630718743,0.1195909835175396,0.9926348261961604,0.0011918734176171162,-0.002221631105730316,0.08796146687596366,0.08835781143530556,0.08607395188608573,0.11939087180558033,0.0037452291380593535,0.006256627153602528,0.003839163235826516,0.0038345270651367123,32.0,8.0,40.0,80.0,5.0,0,0,0
sparse_outliers_0p1pct_x25,128,64,32,2535115307,4,Q8.8,none,1,group8,8,0.07374186810110339,0.100085148431675,0.9947505038297811,0.0007778736922749182,-0.0017553885828613044,0.07304394290185601,0.0730712801528422,0.07354012158111171,0.09989342077611008,0.004405706388344999,0.0064902392454437435,0.004419291717299598,0.004401534821993283,32.0,16.0,48.0,96.0,6.0,0,0,0
sparse_outliers_0p1pct_x25,128,64,32,2535115307,4,Q8.8,H4,4,group64,64,0.109711694208165,0.15198852374042193,0.9885862419715143,-0.0027053087397779555,0.0012097185150445322,1.4191231709358827,1.4189690383827194,0.10967849315800712,0.15213038245263413,0.003082533705296346,0.006459009406990606,0.0030772337272003056,0.0030324450514806565,32.0,2.0,34.0,68.0,4.25,2,64,128
sparse_outliers_0p1pct_x25,128,64,32,2535115307,4,Q8.8,H4,4,group32,32,0.09819484974525965,0.1322453856004082,0.9910467831604999,-0.0035818525327755454,0.003987192061398967,1.4183399766540128,1.4180366866903125,0.09812887585578854,0.13212057508179068,0.0034293601302868523,0.005808065966051672,0.0034306280010561463,0.0033963793347323535,32.0,4.0,36.0,72.0,4.5,2,64,128
sparse_outliers_0p1pct_x25,128,64,32,2535115307,4,Q8.8,H4,4,group16,16,0.08325614601617995,0.11664294970630222,0.9927903223930532,-0.00040151380720898806,0.004052556761162926,1.417373702115134,1.417119041646994,0.08316009835508334,0.11652418762269043,0.003874316745068821,0.006170758153806146,0.0038672120139380873,0.0038503300913274576,32.0,8.0,40.0,80.0,5.0,2,64,128
sparse_outliers_0p1pct_x25,128,64,32,2535115307,4,Q8.8,H4,4,group8,8,0.07011638844979232,0.09627338385690946,0.995362587750221,-0.001172605256496808,0.004141458107285522,1.416627921741795,1.4163060243817052,0.06993807413802373,0.09680960834092238,0.004435843188611026,0.0065297903850112925,0.0044450847427849995,0.004431310402416917,32.0,16.0,48.0,96.0,6.0,2,64,128
sparse_outliers_0p1pct_x25,128,64,32,2535115307,4,Q8.8,H8,8,group64,64,0.10922560847564226,0.1543716230515724,0.9883272293229604,0.0009593447577212608,-0.002270240412446329,1.419628935289621,1.418369103723092,0.10912295941035169,0.15303966008778178,0.0030724746172098973,0.006475940074708307,0.0030641292990180795,0.0030612701610245124,32.0,2.0,34.0,68.0,4.25,3,96,192
sparse_outliers_0p1pct_x25,128,64,32,2535115307,4,Q8.8,H8,8,group32,32,0.09730841580904936,0.13960784554333058,0.9903538342324593,0.0027008193747818667,-0.004476024285903132,1.41896614603681,1.4176491017750765,0.09719983086305563,0.1388380513214046,0.0033980983395615733,0.006108646683593674,0.0033976236463107734,0.0034259277591758325,32.0,4.0,36.0,72.0,4.5,3,96,192
sparse_outliers_0p1pct_x25,128,64,32,2535115307,4,Q8.8,H8,8,group16,16,0.08389195778041109,0.1220744605835069,0.9925677086100531,0.0020166720152426532,-0.0028226773870907483,1.418273788351551,1.4165693730211903,0.0838062546407477,0.12155671482156241,0.003771067073936984,0.005801637306656613,0.0038320199002800804,0.0038565781249028674,32.0,8.0,40.0,80.0,5.0,3,96,192
sparse_outliers_0p1pct_x25,128,64,32,2535115307,4,Q8.8,H8,8,group8,8,0.0709960298553297,0.10131684659000809,0.9947747930809836,-0.00042440210560840087,-0.004768736675001198,1.4177650264754766,1.4159500091021147,0.07075655102364768,0.100842733728764,0.004359399761592362,0.006346428009648618,0.004406040624725605,0.004438286966620166,32.0,16.0,48.0,96.0,6.0,3,96,192
sparse_outliers_0p1pct_x25,128,64,32,2535115307,4,Q8.8,H16,16,group64,64,0.10537554832754775,0.14781762131787402,0.9891151853852573,0.0009380523605802222,0.0009922274427408538,1.4190316938605554,1.4162801986447946,0.10530171698340719,0.14714357680635043,0.003094553756276546,0.007236502001360304,0.0031462447266334026,0.003077482002832515,32.0,2.0,34.0,68.0,4.25,4,128,256
sparse_outliers_0p1pct_x25,128,64,32,2535115307,4,Q8.8,H16,16,group32,32,0.09589697320012895,0.12951780922231812,0.9913999654585468,0.0023322255451655523,0.003515668566375301,1.4185110807789458,1.4154404058243835,0.09576411188836942,0.12903687648000328,0.0034158333717578923,0.0064296186318094604,0.0034798369240870105,0.0034257679088174706,32.0,4.0,36.0,72.0,4.5,4,128,256
sparse_outliers_0p1pct_x25,128,64,32,2535115307,4,Q8.8,H16,16,group16,16,0.08385355637698838,0.11633896551178607,0.9931427890667314,0.00034450235296243023,0.0023069591619177404,1.4178087932004353,1.4148656559876613,0.08376353556763451,0.11602550102161768,0.0038829528763742373,0.0060443537216584246,0.003915822604084332,0.0038776707955753245,32.0,8.0,40.0,80.0,5.0,4,128,256
sparse_outliers_0p1pct_x25,128,64,32,2535115307,4,Q8.8,H16,16,group8,8,0.07042226486495462,0.0988146963953311,0.99497075486866,0.00012057973195152683,0.002303101495867044,1.416962582742633,1.4140399627720839,0.07035274645119446,0.0984602578407886,0.004434191606295248,0.0063725900931398,0.004473095576424893,0.004450790753859839,32.0,16.0,48.0,96.0,6.0,4,128,256
sparse_outliers_0p1pct_x25,128,64,32,2535115307,4,Q8.8,H32,32,group64,64,0.10537107478110158,0.15291757042764395,0.9894994043579908,0.0018115402486578724,0.003736839129747375,1.4187973991638962,1.4184710790892383,0.10534017520440571,0.15372316432732433,0.003183437341315926,0.0073695505067917265,0.0031955544243460273,0.003191858734847934,32.0,2.0,34.0,68.0,4.25,5,160,320
sparse_outliers_0p1pct_x25,128,64,32,2535115307,4,Q8.8,H32,32,group32,32,0.09504094046157334,0.13184156974023856,0.9913646192463539,0.0018259886267588937,0.0025663260303290017,1.4182763309931143,1.4179383639357332,0.09496989251871531,0.13211188362843812,0.0034762908246427486,0.006610944240444789,0.0035192885493145485,0.00350385175480213,32.0,4.0,36.0,72.0,4.5,5,160,320
sparse_outliers_0p1pct_x25,128,64,32,2535115307,4,Q8.8,H32,32,group16,16,0.08372546159942211,0.11588898333281572,0.9931409369757996,-0.0009982447933110728,0.004029496905918943,1.4174298565838923,1.4171469355620516,0.08358852865665858,0.11578951221569218,0.0038947622103117324,0.005992160006594523,0.0039049149317180866,0.003927830707668385,32.0,8.0,40.0,80.0,5.0,5,160,320
sparse_outliers_0p1pct_x25,128,64,32,2535115307,4,Q8.8,H32,32,group8,8,0.070850546221989,0.09564118715969663,0.9953545019547819,-0.001710677013744585,0.000430665578596624,1.4167255871320696,1.4164359685579477,0.07067458894171857,0.09574820480474476,0.004359027725772014,0.006433725081829679,0.004467960425959696,0.004474780338805505,32.0,16.0,48.0,96.0,6.0,5,160,320
sparse_outliers_0p1pct_x25,128,64,32,2535115307,4,Q8.8,H64,64,group64,64,0.10541077306621824,0.1490828132455743,0.9891381471132712,0.0009384538497710416,0.0006574704540930753,1.4193821635970174,1.4197652934955223,0.10539692650074041,0.1496709328733821,0.0032459175445061525,0.0069022424056480606,0.003233666371287128,0.003184754887396546,32.0,2.0,34.0,68.0,4.25,6,192,384
sparse_outliers_0p1pct_x25,128,64,32,2535115307,4,Q8.8,H64,64,group32,32,0.09347553962339046,0.13694576737564848,0.9909764533723806,4.25499302557245e-05,0.0012805170185192438,1.4183952760204352,1.4190269812360916,0.09345764000656578,0.13754509604008058,0.0034904775453839867,0.00599474451781315,0.003536255819328755,0.0035287891257861875,32.0,4.0,36.0,72.0,4.5,6,192,384
sparse_outliers_0p1pct_x25,128,64,32,2535115307,4,Q8.8,H64,64,group16,16,0.08329742002276805,0.11722051388396204,0.9930276138939287,0.00015571921440153357,-0.003985970856326766,1.417930520934033,1.4184466837158516,0.08322598325990065,0.11711637444071124,0.0038735850570536137,0.005971633604417147,0.003933050989571358,0.003927532502619455,32.0,8.0,40.0,80.0,5.0,6,192,384
sparse_outliers_0p1pct_x25,128,64,32,2535115307,4,Q8.8,H64,64,group8,8,0.07028546298221239,0.09894651056049564,0.9952577939484366,-0.0006835703273536724,-0.0030664900347502394,1.4169724881548134,1.417916005374707,0.07016860624301216,0.09892906228219087,0.00447017856057361,0.0064972661254592634,0.004501199483379151,0.004469305574873176,32.0,16.0,48.0,96.0,6.0,6,192,384
sparse_outliers_0p1pct_x25,256,64,32,1481893800,4,Q8.8,none,1,group64,64,0.11802344736924067,0.16833918744913595,0.9864092511287027,8.881805311693047e-05,-0.003661101688152472,0.1191445913647105,0.11969892251699935,0.11793280069227559,0.16784174624033193,0.00301840547296605,0.00692161053921412,0.0030177744540408396,0.003003912867538573,32.0,2.0,34.0,68.0,4.25,0,0,0
sparse_outliers_0p1pct_x25,256,64,32,1481893800,4,Q8.8,none,1,group32,32,0.10179284549301987,0.1431562419579684,0.9901753535204987,0.00027633011612793824,-0.0031529935007541246,0.10276671679736399,0.10308680986337543,0.1016933301336568,0.14304726271547757,0.0033259528622560787,0.006088195801329262,0.0034082462535746697,0.003369240703098642,32.0,4.0,36.0,72.0,4.5,0,0,0
sparse_outliers_0p1pct_x25,256,64,32,1481893800,4,Q8.8,none,1,group16,16,0.08729289324592915,0.12573818188526453,0.9923934841988549,-0.001197003884294945,-0.0008250898121688052,0.08785319380080388,0.08796526182244821,0.08716949440027273,0.12542279732944406,0.003749995320218904,0.006275475343085802,0.0038578819182009338,0.003826623863274183,32.0,8.0,40.0,80.0,5.0,0,0,0
sparse_outliers_0p1pct_x25,256,64,32,1481893800,4,Q8.8,none,1,group8,8,0.0721052769944057,0.10528037599291935,0.9944397885451486,0.00034486682233162265,-0.0021338734746717053,0.07279000837582049,0.07280890826273798,0.0719549742337187,0.10484746158002851,0.0043119847597812,0.006782350293429163,0.004426668170976761,0.004403168655391693,32.0,16.0,48.0,96.0,6.0,0,0,0
sparse_outliers_0p1pct_x25,256,64,32,1481893800,4,Q8.8,H4,4,group64,64,0.110636711093628,0.15246484589120038,0.9881739623756852,-0.0021744041841671377,0.0012315730607417774,1.4182649273333745,1.4197321236341018,0.11063991444637172,0.15238577273729445,0.0031287978227674765,0.007659425034826269,0.003068059707205062,0.0030489168735901564,32.0,2.0,34.0,68.0,4.25,2,64,128
sparse_outliers_0p1pct_x25,256,64,32,1481893800,4,Q8.8,H4,4,group32,32,0.09652056052319807,0.13874978445683828,0.9905752139272669,0.00040455306375669804,0.0014550860316122896,1.417558840791094,1.4188270533876846,0.09645839023420812,0.1386402461811456,0.0033654281163581143,0.006859225469238799,0.0034163136267828667,0.0034093662708092306,32.0,4.0,36.0,72.0,4.5,2,64,128
sparse_outliers_0p1pct_x25,256,64,32,1481893800,4,Q8.8,H4,4,group16,16,0.08405705579811719,0.12459230729256003,0.9927075270676294,-0.0013040807451223351,0.00021754106885866413,1.4167639617552208,1.4182728082895406,0.0840058958177142,0.12491472967626643,0.0038125071322207852,0.006441592484733333,0.0038670167359445913,0.003850094531105493,32.0,8.0,40.0,80.0,5.0,2,64,128
sparse_outliers_0p1pct_x25,256,64,32,1481893800,4,Q8.8,H4,4,group8,8,0.07058366964479902,0.10455316058014986,0.9947898228389945,-9.99239425648317e-05,-0.0002938379229680554,1.4159073415380445,1.4174468157591682,0.07051993405172619,0.10469890183236327,0.004410723091677179,0.007350927034350093,0.004438416617299755,0.004432414066466874,32.0,16.0,48.0,96.0,6.0,2,64,128
sparse_outliers_0p1pct_x25,256,64,32,1481893800,4,Q8.8,H8,8,group64,64,0.1052414554212665,0.14848962676841548,0.9892425054163354,0.0011509432471787367,0.0012958117889430565,1.4172335099678568,1.4219049362650131,0.10519181543494374,0.14800255669669832,0.003099704465117114,0.008280584865885966,0.003102393920181316,0.003075598562286748,32.0,2.0,34.0,68.0,4.25,3,96,192
sparse_outliers_0p1pct_x25,256,64,32,1481893800,4,Q8.8,H8,8,group32,32,0.09560999736496317,0.1420353181641167,0.9902541542882148,0.00010108619401249813,0.0006832515236528911,1.4165142431101618,1.4209833133643934,0.09552282133613464,0.14159561629054948,0.003427002369251846,0.006924099684818792,0.0034507958300321116,0.003442063489892037,32.0,4.0,36.0,72.0,4.5,3,96,192
sparse_outliers_0p1pct_x25,256,64,32,1481893800,4,Q8.8,H8,8,group16,16,0.0837936749310748,0.12094912813598205,0.9928892923077919,-0.0006847656877408825,0.0016072299458041194,1.4157379416716558,1.420296962888327,0.08364193282592544,0.12087207187091285,0.0038271001849039207,0.006153723041934291,0.003885611862348226,0.003882546630051692,32.0,8.0,40.0,80.0,5.0,3,96,192
sparse_outliers_0p1pct_x25,256,64,32,1481893800,4,Q8.8,H8,8,group8,8,0.07011892090940873,0.10160832007102363,0.9949473609670622,-0.0010955805987687894,-0.0009243990287857071,1.4148689833263688,1.4196551060042002,0.06996770456737532,0.10180106337338908,0.004427739964232297,0.006496449141528219,0.004441893984067576,0.004443819040597881,32.0,16.0,48.0,96.0,6.0,3,96,192
sparse_outliers_0p1pct_x25,256,64,32,1481893800,4,Q8.8,H16,16,group64,64,0.10620479088417599,0.15176258111450922,0.9886833188662834,0.0013673838979176762,-0.00676550496038033,1.4195471115587517,1.416081833984222,0.1061658311465772,0.15175036930874902,0.00313854345677499,0.00761443948431764,0.00311178962794512,0.0030896339364489644,32.0,2.0,34.0,68.0,4.25,4,128,256
sparse_outliers_0p1pct_x25,256,64,32,1481893800,4,Q8.8,H16,16,group32,32,0.0963106365050325,0.13600926160169724,0.990961750105583,0.0003050283952782887,0.00044246825840342627,1.4186185136993004,1.4153697373767633,0.09627326771219621,0.13647314088929471,0.0034728995908274224,0.007080631230680209,0.003462497562876216,0.003464450921776924,32.0,4.0,36.0,72.0,4.5,4,128,256
sparse_outliers_0p1pct_x25,256,64,32,1481893800,4,Q8.8,H16,16,group16,16,0.08438293568262258,0.1243644909148555,0.9924567988738214,0.00035384541599097424,-0.0003245101454752334,1.4180106970079815,1.4147051060225917,0.08429775005863832,0.12453121896438397,0.0038927280811651174,0.007353331025875688,0.0038950026470073867,0.0039002384400649943,32.0,8.0,40.0,80.0,5.0,4,128,256
sparse_outliers_0p1pct_x25,256,64,32,1481893800,4,Q8.8,H16,16,group8,8,0.0704530691677196,0.09960320805635377,0.9951319251720416,0.0002342598679624324,0.001201219852458384,1.4173810239183828,1.41389381732198,0.07033465000124295,0.09921516805947896,0.004397154290241761,0.007117449372113052,0.004470599047519938,0.004454949585888239,32.0,16.0,48.0,96.0,6.0,4,128,256
sparse_outliers_0p1pct_x25,256,64,32,1481893800,4,Q8.8,H32,32,group64,64,0.10581397824542088,0.15062374352496735,0.9889120045449528,-0.0012493079588687813,-0.0019136267673777634,1.4184801161554168,1.419565099580367,0.10583126946811172,0.15100809337309126,0.0031640515909396854,0.007462898097376075,0.003152845266426791,0.0031561836363394827,32.0,2.0,34.0,68.0,4.25,5,160,320
sparse_outliers_0p1pct_x25,256,64,32,1481893800,4,Q8.8,H32,32,group32,32,0.09352165705253421,0.1385613376658232,0.9906421221761955,-0.000618589016401073,-0.0026598005084991143,1.4178022099377,1.4189474711948604,0.09349202381950106,0.13843686119325976,0.003458036369678925,0.006630459247137505,0.003483045330581031,0.003482311502428426,32.0,4.0,36.0,72.0,4.5,5,160,320
sparse_outliers_0p1pct_x25,256,64,32,1481893800,4,Q8.8,H32,32,group16,16,0.08310086764264187,0.11953135766148132,0.993037593944393,-3.134960866364983e-05,0.00016962358693327237,1.4173160040902968,1.4184167980792843,0.08305239107796147,0.11925032863642378,0.00387922994738518,0.006570746133668004,0.0039016763759660137,0.003910085152432122,32.0,8.0,40.0,80.0,5.0,5,160,320
sparse_outliers_0p1pct_x25,256,64,32,1481893800,4,Q8.8,H32,32,group8,8,0.07034440229123948,0.09910420604218766,0.9951332849209001,0.00030495756417502995,-0.0012105859624197554,1.4166173733277092,1.4175308810503944,0.07019633811872872,0.09896851011663073,0.004411689347732648,0.007103312911422071,0.004472871256294281,0.004461550519638962,32.0,16.0,48.0,96.0,6.0,5,160,320
sparse_outliers_0p1pct_x25,256,64,32,1481893800,4,Q8.8,H64,64,group64,64,0.1044144159888371,0.14657029475000408,0.989271635777204,-0.0009536160280036595,-0.0020114698622448147,1.4176227261953591,1.4177043661492477,0.10436939207934644,0.14674392429289093,0.0031116881297765958,0.006916389676364103,0.0031566159270266657,0.0031707391372802225,32.0,2.0,34.0,68.0,4.25,6,192,384
sparse_outliers_0p1pct_x25,256,64,32,1481893800,4,Q8.8,H64,64,group32,32,0.09482997844421803,0.132307572716755,0.9913181523769619,0.0005576981614682075,-0.002689267896324991,1.4170160710210535,1.4170459280441305,0.09478306622419469,0.13226567347993068,0.003475548672765754,0.0064887895720576036,0.003510091808315886,0.003499193559795834,32.0,4.0,36.0,72.0,4.5,6,192,384
sparse_outliers_0p1pct_x25,256,64,32,1481893800,4,Q8.8,H64,64,group16,16,0.08333453865737929,0.12240496202036476,0.9925050754438094,-0.0007754026326399792,-0.000736390838087022,1.4162523221582766,1.4162509490014787,0.08327098373346357,0.1219860734168802,0.0039003371369007948,0.006673726745164027,0.0039518361907788626,0.003915355630213603,32.0,8.0,40.0,80.0,5.0,6,192,384
sparse_outliers_0p1pct_x25,256,64,32,1481893800,4,Q8.8,H64,64,group8,8,0.07111176005652066,0.09966915845521712,0.9950109097814319,-0.00017600803445738582,0.0030320044667705836,1.4155724655916169,1.415566831005278,0.07100883675353081,0.09937179675035707,0.004448913735718528,0.006896225467256631,0.004487610626645298,0.004470623906371676,32.0,16.0,48.0,96.0,6.0,6,192,384
sparse_outliers_0p1pct_x25,512,64,16,2100539972,4,Q8.8,none,1,group64,64,0.12070835083022816,0.17338701844534096,0.9852630019915812,0.0003136627061269886,0.001230019958683271,0.11895063592898406,0.11916745093497029,0.12071953095543063,0.17320397561766854,0.003057290238915327,0.00705008154962012,0.0030297551305900495,0.0030218858544974257,32.0,2.0,34.0,68.0,4.25,0,0,0
sparse_outliers_0p1pct_x25,512,64,16,2100539972,4,Q8.8,none,1,group32,32,0.10306843764844356,0.14970455837671504,0.9889800048324832,0.0001990567406826819,0.0005109088030151702,0.10283548407666725,0.10283001593465253,0.10303049527906809,0.14905671100308,0.0034525643897940625,0.0068376978478329,0.0033900478238434967,0.003391546212265616,32.0,4.0,36.0,72.0,4.5,0,0,0
sparse_outliers_0p1pct_x25,512,64,16,2100539972,4,Q8.8,none,1,group16,16,0.08906195945240881,0.12798898324894598,0.9919995367830761,-0.0017359312400179285,-0.0041707546188126925,0.08790134942034192,0.08787770117782613,0.08901129588665539,0.12724072855929122,0.003898739174733978,0.006678624987417468,0.003832319820083027,0.0038487976960843106,32.0,8.0,40.0,80.0,5.0,0,0,0
sparse_outliers_0p1pct_x25,512,64,16,2100539972,4,Q8.8,none,1,group8,8,0.07314270801535962,0.10449405992422571,0.9946929205920643,-0.0004582193260028171,0.001309887163039998,0.0729645277300638,0.07276079495509342,0.07294621986595756,0.10401488096403932,0.0044485370763855435,0.006735142214530059,0.004411107246837958,0.004420772075101971,32.0,16.0,48.0,96.0,6.0,0,0,0
sparse_outliers_0p1pct_x25,512,64,16,2100539972,4,Q8.8,H4,4,group64,64,0.11071636048445184,0.14958442778129621,0.9890675558932752,-0.0012383711796603424,-0.0002378948641239762,1.4192283094817075,1.4182757134301875,0.11063077965010946,0.1497601393935664,0.0030697327708293317,0.006532902447644341,0.003037053986519877,0.0030634148476670043,32.0,2.0,34.0,68.0,4.25,2,64,128
sparse_outliers_0p1pct_x25,512,64,16,2100539972,4,Q8.8,H4,4,group32,32,0.100409047533466,0.13711014818074363,0.9906116535663462,-0.0008104805616110976,-0.004782455016027564,1.4184263225864002,1.4174136222785845,0.10040774837699613,0.13711428177386648,0.0034844425056217445,0.006650107910203811,0.003403993840544816,0.0034310768464675357,32.0,4.0,36.0,72.0,4.5,2,64,128
sparse_outliers_0p1pct_x25,512,64,16,2100539972,4,Q8.8,H4,4,group16,16,0.08681376404377752,0.12075217433829714,0.9927162947957883,-0.0006543394211839496,-0.004008822870916661,1.417623307223306,1.4167532561638536,0.0866779203162823,0.12057717158931101,0.003927214284649494,0.006577962330221225,0.003849918034781022,0.0038625546022440834,32.0,8.0,40.0,80.0,5.0,2,64,128
sparse_outliers_0p1pct_x25,512,64,16,2100539972,4,Q8.8,H4,4,group8,8,0.0728992398586539,0.10752408721181571,0.9943394647064938,-0.0006803048458391275,0.0002517468279163651,1.416797919986659,1.4160613386575416,0.07280787108560818,0.10735089215775487,0.004465946146752021,0.0066477263603646666,0.004425769826784678,0.004431567505631032,32.0,16.0,48.0,96.0,6.0,2,64,128
sparse_outliers_0p1pct_x25,512,64,16,2100539972,4,Q8.8,H8,8,group64,64,0.10861405720390087,0.15245199846287985,0.9889695093454214,0.0004903335581378482,-0.0008023272327016811,1.4192455349985207,1.417753236968981,0.10863050323414704,0.15195486291824442,0.00313252364143211,0.007144793799530177,0.003088755314351671,0.003081466592742985,32.0,2.0,34.0,68.0,4.25,3,96,192
sparse_outliers_0p1pct_x25,512,64,16,2100539972,4,Q8.8,H8,8,group32,32,0.09981846933583567,0.13256763962833085,0.9914536579184299,-0.0004686962029464277,-0.002998141245413022,1.4186612841704314,1.4170490215385472,0.09974824931815413,0.13260157538091594,0.0034963467780217317,0.007424662489745524,0.003435482074867506,0.0034373738485345127,32.0,4.0,36.0,72.0,4.5,3,96,192
sparse_outliers_0p1pct_x25,512,64,16,2100539972,4,Q8.8,H8,8,group16,16,0.0870185273249846,0.1165468174557187,0.9932608769490189,-0.0010030591645401783,-0.0032598011408457106,1.4180251504370056,1.4161593149778586,0.08686347433576856,0.11675208270043755,0.003857018608097268,0.006710942957759803,0.00387259510210961,0.0038889607598796725,32.0,8.0,40.0,80.0,5.0,3,96,192
sparse_outliers_0p1pct_x25,512,64,16,2100539972,4,Q8.8,H8,8,group8,8,0.07254683401612508,0.09879082877434106,0.9950442070221108,-0.0005309404942459192,-0.0005229257436169005,1.4173449233371358,1.41551384998524,0.07236815345269679,0.09853630927520886,0.0044768011727099,0.007103542312972475,0.004443078632173946,0.0044452621184626435,32.0,16.0,48.0,96.0,6.0,3,96,192
sparse_outliers_0p1pct_x25,512,64,16,2100539972,4,Q8.8,H16,16,group64,64,0.10761178262125982,0.1529813872463713,0.9886925647096462,0.0011333959412485688,0.011245834548810398,1.4178542919362311,1.4211189512636042,0.10756512298584597,0.15300714885536212,0.0030795914814879108,0.006126821811194174,0.00308150375396591,0.0031018417326390273,32.0,2.0,34.0,68.0,4.25,4,128,256
sparse_outliers_0p1pct_x25,512,64,16,2100539972,4,Q8.8,H16,16,group32,32,0.09835153338219219,0.13358359672245562,0.9916150543778574,0.00011615985373621158,0.003439216481907003,1.4171043106610424,1.4202957462770014,0.09828329974419697,0.13392356222018045,0.0034623827061993156,0.006612040244732167,0.0034375144864776793,0.0034507482453688455,32.0,4.0,36.0,72.0,4.5,4,128,256
sparse_outliers_0p1pct_x25,512,64,16,2100539972,4,Q8.8,H16,16,group16,16,0.08559057454169158,0.1179033551210365,0.9931197977377526,0.00035721131987764875,-0.0016057164042877184,1.416570302722826,1.419512103396032,0.08550145971475491,0.11756093582513606,0.0039115411979641235,0.00652186292282233,0.003882228827614008,0.0038826527578962977,32.0,8.0,40.0,80.0,5.0,4,128,256
sparse_outliers_0p1pct_x25,512,64,16,2100539972,4,Q8.8,H16,16,group8,8,0.07265261158126159,0.09641456777853342,0.9953744128930353,-9.667127623251058e-05,-0.004901984684497235,1.415810654763592,1.4189150010009792,0.07250810522635581,0.09569979731139987,0.004516627261752198,0.006892674080700949,0.004453363124372719,0.00444589380431588,32.0,16.0,48.0,96.0,6.0,4,128,256
sparse_outliers_0p1pct_x25,512,64,16,2100539972,4,Q8.8,H32,32,group64,64,0.10880395608471198,0.15922867018089193,0.9877354463545773,0.002319927251172481,0.006598763002629755,1.4183345333996547,1.4166538768266568,0.10880707458913572,0.1583910043219049,0.0031426504176863333,0.007435407091379565,0.0031707645404032195,0.0031652839587056566,32.0,2.0,34.0,68.0,4.25,5,160,320
sparse_outliers_0p1pct_x25,512,64,16,2100539972,4,Q8.8,H32,32,group32,32,0.09741196028963682,0.13235381660083875,0.9912354838273162,0.002150953664286597,-0.004175003682072288,1.4176294206841102,1.4161039720660535,0.09740840079492688,0.1322489383397879,0.0035577502806553927,0.006741614717751838,0.003509521212983194,0.0035054603898112668,32.0,4.0,36.0,72.0,4.5,5,160,320
sparse_outliers_0p1pct_x25,512,64,16,2100539972,4,Q8.8,H32,32,group16,16,0.08602255037538047,0.12074273081503611,0.9928304033652378,0.0005010604878920701,-0.004711777851118813,1.4169353162483584,1.4153864513288246,0.08591369007239939,0.12066429708529264,0.003957359191531609,0.006441294013876417,0.003914546578443765,0.0039244724672801365,32.0,8.0,40.0,80.0,5.0,5,160,320
sparse_outliers_0p1pct_x25,512,64,16,2100539972,4,Q8.8,H32,32,group8,8,0.07348832586954192,0.10459066831761858,0.9944779674844214,-0.0001155403272344914,-0.0034102147847390706,1.4161412871534529,1.4147052899867714,0.07330681995591835,0.1043023094040518,0.004508635331092754,0.007080304387108018,0.004474088149845654,0.004470007472115605,32.0,16.0,48.0,96.0,6.0,5,160,320
sparse_outliers_0p1pct_x25,512,64,16,2100539972,4,Q8.8,H64,64,group64,64,0.10827700795281715,0.1527906136765839,0.9887217877788793,-0.0012878260612817067,0.0006661895141990887,1.4180167664614698,1.4190919716193648,0.10816295918118049,0.15197932422043467,0.0032376149598539556,0.007713344717509901,0.003198567622075622,0.0031636075545590204,32.0,2.0,34.0,68.0,4.25,6,192,384
sparse_outliers_0p1pct_x25,512,64,16,2100539972,4,Q8.8,H64,64,group32,32,0.09849517568010194,0.13826892359947027,0.9910677307452976,0.00016646759099584203,-0.004114738700091355,1.417002189778602,1.4184247737424889,0.09841414687819691,0.13792313637980105,0.0035764811710700247,0.006443580721617936,0.0035217194843384396,0.0034909038601089993,32.0,4.0,36.0,72.0,4.5,6,192,384
sparse_outliers_0p1pct_x25,512,64,16,2100539972,4,Q8.8,H64,64,group16,16,0.0864651697254584,0.11828751792392285,0.9933877895978995,-6.765772691114546e-05,-0.001563418568080255,1.4164184236427808,1.4179967918606882,0.08635638980232319,0.11810115076576568,0.004011319153749283,0.006551254190985427,0.003951862879831023,0.003926517546667025,32.0,8.0,40.0,80.0,5.0,6,192,384
sparse_outliers_0p1pct_x25,512,64,16,2100539972,4,Q8.8,H64,64,group8,8,0.07297273471214125,0.0987932191078698,0.9953694650868261,0.0005911919397285646,-0.0017380903642777415,1.4157204900866875,1.4171826858091976,0.07283647970727854,0.09890465565779673,0.004549275871686345,0.00693398908485233,0.004494975100266097,0.0044723930130524895,32.0,16.0,48.0,96.0,6.0,6,192,384
sparse_outliers_0p1pct_x25,1024,64,8,2679848638,4,Q8.8,none,1,group64,64,0.12162851270938901,0.16950257216238485,0.9860022323150708,-0.0004952798614678796,-0.002329023163539955,0.11922103191385738,0.11905530356149643,0.12156534617569076,0.16931595842837766,0.003037021301001213,0.006852324334893757,0.0030366205808316266,0.0030455786551071566,32.0,2.0,34.0,68.0,4.25,0,0,0
sparse_outliers_0p1pct_x25,1024,64,8,2679848638,4,Q8.8,none,1,group32,32,0.10432355496679895,0.14791980503871793,0.9892181199557196,0.001528353967981301,-0.006229684787853525,0.10288540990478719,0.10269714635984446,0.1042375006037908,0.1475410641424187,0.003468869334410297,0.0068916346491953075,0.003410335171354136,0.00340678371639572,32.0,4.0,36.0,72.0,4.5,0,0,0
sparse_outliers_0p1pct_x25,1024,64,8,2679848638,4,Q8.8,none,1,group16,16,0.08931538998977091,0.12582121743834418,0.9920567979357985,0.0014375612790032174,0.006828235110135976,0.08782309172242532,0.08784216945666679,0.08915110269624824,0.12482444751957494,0.003938780738126982,0.006930052654776731,0.003863923172206705,0.0038410029778189214,32.0,8.0,40.0,80.0,5.0,0,0,0
sparse_outliers_0p1pct_x25,1024,64,8,2679848638,4,Q8.8,none,1,group8,8,0.07442238643453128,0.10447144492348281,0.9945908765264658,0.001343978221484245,-0.0004200925641144407,0.07284611314258327,0.07286876290467881,0.07431824681864005,0.10378834301461298,0.0044883653297871865,0.008006358738702516,0.00442288615034669,0.0044153139072416825,32.0,16.0,48.0,96.0,6.0,0,0,0
sparse_outliers_0p1pct_x25,1024,64,8,2679848638,4,Q8.8,H4,4,group64,64,0.11263099611705706,0.16951599645788878,0.9855115567805696,0.003139047675688702,-0.0132439414344802,1.4171703944899532,1.422297942084484,0.1125276101513295,0.16898338898776244,0.003070961646798645,0.006977836938583977,0.0030360270615795715,0.003046010397641923,32.0,2.0,34.0,68.0,4.25,2,64,128
sparse_outliers_0p1pct_x25,1024,64,8,2679848638,4,Q8.8,H4,4,group32,32,0.09929273222977286,0.14390647077659405,0.9896871253298714,0.0014718574110202873,-0.0030351432306129516,1.4163084448224847,1.4214808371240966,0.09924194640473465,0.1436858062252119,0.0033998528677615376,0.007353399820862147,0.0033947455436970394,0.0034122120231087558,32.0,4.0,36.0,72.0,4.5,2,64,128
sparse_outliers_0p1pct_x25,1024,64,8,2679848638,4,Q8.8,H4,4,group16,16,0.08570525631308272,0.1263717801752069,0.9924336706489578,-0.00013672848297036636,-0.00045445857598235847,1.4154565684380864,1.4208015356237682,0.08559665293362512,0.12660022309136937,0.0038929425553325546,0.007195044950682292,0.003850507380289971,0.003857769594026172,32.0,8.0,40.0,80.0,5.0,2,64,128
sparse_outliers_0p1pct_x25,1024,64,8,2679848638,4,Q8.8,H4,4,group8,8,0.07223080313773877,0.10895109958607932,0.9943537402472753,-0.0003018155471749066,0.0021571843764034565,1.4146277303590125,1.4200143222619688,0.07204483836306608,0.1091406734399348,0.004501553006929861,0.00761424784154436,0.004445545512977874,0.004436480186881926,32.0,16.0,48.0,96.0,6.0,2,64,128
sparse_outliers_0p1pct_x25,1024,64,8,2679848638,4,Q8.8,H8,8,group64,64,0.1107083078991071,0.14776847812056798,0.9892697845608529,-0.0002609880407854102,0.006072664222492055,1.4164201786801074,1.4202941179929665,0.1106998311338478,0.1478804244873545,0.00314870948559964,0.007648387369453972,0.0031074252763941424,0.003073891851573626,32.0,2.0,34.0,68.0,4.25,3,96,192
sparse_outliers_0p1pct_x25,1024,64,8,2679848638,4,Q8.8,H8,8,group32,32,0.09801602848039528,0.13412079147566333,0.9912006938601917,-0.0012078753932152045,0.0039153624542659395,1.4156919894993998,1.4195765690813547,0.0979773382381629,0.13354235323320576,0.003444398347896157,0.006535417027764315,0.003433603421151884,0.0034254631311187995,32.0,4.0,36.0,72.0,4.5,3,96,192
sparse_outliers_0p1pct_x25,1024,64,8,2679848638,4,Q8.8,H8,8,group16,16,0.0860492100549878,0.12626586667736758,0.9920077143591777,-0.0009735943772785497,-0.002708765820294984,1.4150683142947336,1.4190629522214284,0.08598498163476656,0.12597110642315887,0.003912683416973362,0.006684791278872891,0.0038604330297556133,0.0038713142233276787,32.0,8.0,40.0,80.0,5.0,3,96,192
sparse_outliers_0p1pct_x25,1024,64,8,2679848638,4,Q8.8,H8,8,group8,8,0.0724616080451261,0.10248336096788967,0.9948198087577693,-0.0010876166204386742,0.0028228400935962415,1.4144857510105746,1.4182217282763094,0.07231143853356067,0.10191759079161707,0.004490115436746562,0.0069499356043190765,0.0044355677956773,0.004442967245749472,32.0,16.0,48.0,96.0,6.0,3,96,192
sparse_outliers_0p1pct_x25,1024,64,8,2679848638,4,Q8.8,H16,16,group64,64,0.10722233941162451,0.14673981532382036,0.989353603758562,0.0006248576398055502,-0.006767360451482057,1.4195297943989775,1.4191009475353216,0.10717219533526924,0.1467246523012507,0.0030986480444653466,0.007155571282573627,0.003109894280184395,0.0031089115857666147,32.0,2.0,34.0,68.0,4.25,4,128,256
sparse_outliers_0p1pct_x25,1024,64,8,2679848638,4,Q8.8,H16,16,group32,32,0.09647302694162072,0.131644969134165,0.9912653146027752,-0.0002654307923895501,-0.004494629961241698,1.4188917668283199,1.4183813300894577,0.0964237507752168,0.1317972103537962,0.003463802241869917,0.006295029879658306,0.0034465772010031344,0.0034489782339977224,32.0,4.0,36.0,72.0,4.5,4,128,256
sparse_outliers_0p1pct_x25,1024,64,8,2679848638,4,Q8.8,H16,16,group16,16,0.08561220946190413,0.1268462574716795,0.9920898391831673,5.4287121066728796e-05,-0.005176064746259861,1.418261004277399,1.4176889084106226,0.08555691454549445,0.127252049369812,0.00390895885973955,0.006394771587511839,0.003893507003250268,0.003884759401956169,32.0,8.0,40.0,80.0,5.0,4,128,256
sparse_outliers_0p1pct_x25,1024,64,8,2679848638,4,Q8.8,H16,16,group8,8,0.07202470589623403,0.1045807268347981,0.9945356123515965,-0.0003991250026715201,-0.005453204993955348,1.4174567789276828,1.4168789355630909,0.07191760264448273,0.10441610825191679,0.004457107648928094,0.007028187127063918,0.004457514667997375,0.004454876199937717,32.0,16.0,48.0,96.0,6.0,4,128,256
sparse_outliers_0p1pct_x25,1024,64,8,2679848638,4,Q8.8,H32,32,group64,64,0.10845243847443739,0.1543335909984355,0.9883567627749067,-0.0017986593330950396,0.0027511129868308727,1.417849592348568,1.4196890564321665,0.10840700953560506,0.15372717475563813,0.003191000924929784,0.007944879213427956,0.00316243785594866,0.0031508083515939165,32.0,2.0,34.0,68.0,4.25,5,160,320
sparse_outliers_0p1pct_x25,1024,64,8,2679848638,4,Q8.8,H32,32,group32,32,0.09748722533641824,0.13548173903258334,0.9909164683300944,-0.00041448075129256966,-0.006626958089185398,1.417247953634149,1.4191061393686462,0.09752039037091116,0.13561976777443724,0.0034965874330191793,0.006406520493531596,0.0035028495860522316,0.0034916903397886213,32.0,4.0,36.0,72.0,4.5,5,160,320
sparse_outliers_0p1pct_x25,1024,64,8,2679848638,4,Q8.8,H32,32,group16,16,0.08595031750229486,0.12521185657248363,0.9921836425019862,-0.0003367235515700308,-0.008116625140319708,1.4164855582200062,1.4184692894943738,0.08585942338046393,0.12507704107635476,0.003947287967913708,0.006521295925909689,0.0039281217424897595,0.003912176715622624,32.0,8.0,40.0,80.0,5.0,5,160,320
sparse_outliers_0p1pct_x25,1024,64,8,2679848638,4,Q8.8,H32,32,group8,8,0.07168710380072572,0.10086107008671034,0.9948598368437329,-0.0011937175159172386,-0.0025295784334643905,1.415762451943423,1.4178496047591116,0.07156555675271167,0.10053847167251427,0.0044909689950200825,0.007284655496543777,0.004473722850348203,0.004476145227823283,32.0,16.0,48.0,96.0,6.0,5,160,320
sparse_outliers_0p1pct_x25,1024,64,8,2679848638,4,Q8.8,H64,64,group64,64,0.10790130667375558,0.1463623123867498,0.9891349176720503,0.0008614351442768666,0.0019303062315425426,1.4164402034380061,1.4187673194293702,0.10786029738732146,0.14591236338486133,0.0031811550693029204,0.006645055492761401,0.0031964091523900818,0.0032160729940553926,32.0,2.0,34.0,68.0,4.25,6,192,384
sparse_outliers_0p1pct_x25,1024,64,8,2679848638,4,Q8.8,H64,64,group32,32,0.09613921947531326,0.13866233831942537,0.9903317139019582,-0.0004147735909590587,0.005329322349795271,1.4156139431511967,1.4180853826323434,0.09606882238313814,0.1380993174315243,0.003527125299771795,0.006758798697987372,0.003525945864055517,0.0035354501220503168,32.0,4.0,36.0,72.0,4.5,6,192,384
sparse_outliers_0p1pct_x25,1024,64,8,2679848638,4,Q8.8,H64,64,group16,16,0.0850113265915968,0.12335356017560875,0.9923810192580553,0.0007249834877897206,-0.0025702856033786854,1.4151090653945755,1.4174572884210652,0.08499002668136305,0.12331940004446201,0.003928379971784704,0.006399753015859006,0.003932224918824033,0.003950627848306223,32.0,8.0,40.0,80.0,5.0,6,192,384
sparse_outliers_0p1pct_x25,1024,64,8,2679848638,4,Q8.8,H64,64,group8,8,0.07235021316166865,0.10176442774281794,0.9947995456928131,-1.3665547857599468e-05,0.004804278828169901,1.4144074483374547,1.4168628086441053,0.0722186481928994,0.10179472987217797,0.004590232272071817,0.006742495824225837,0.0044853873438464075,0.004500050062777695,32.0,16.0,48.0,96.0,6.0,6,192,384
sparse_outliers_0p1pct_x25,2048,64,4,2982427205,4,Q8.8,none,1,group64,64,0.11971514211758674,0.1072702627695997,0.9888282676575509,-0.0024716666827823753,0.005183651021770656,0.11878554133300082,0.11931252591309713,0.1196723695919809,0.10741320065080012,0.003046196688224422,0.007810214698931938,0.0030568027641527354,0.0030337399827282865,32.0,2.0,34.0,68.0,4.25,0,0,0
sparse_outliers_0p1pct_x25,2048,64,4,2982427205,4,Q8.8,none,1,group32,32,0.10282245844295027,0.09468905285217936,0.9913607113949892,-0.0011826004712006991,0.0030235441455271315,0.10264844774173704,0.10285796726800618,0.10273296691770731,0.09436264912486632,0.003421200208164176,0.008250968104900334,0.003404975336102689,0.0033908610456954234,32.0,4.0,36.0,72.0,4.5,0,0,0
sparse_outliers_0p1pct_x25,2048,64,4,2982427205,4,Q8.8,none,1,group16,16,0.0884603850468656,0.09250778707654778,0.9938738704724002,-0.0002948647454960247,-0.00010988532764075708,0.08778119902257325,0.08778977928630817,0.08832154962624801,0.09088882704211498,0.003887774743979996,0.008661206638602778,0.003844253053189506,0.003840073703864373,32.0,8.0,40.0,80.0,5.0,0,0,0
sparse_outliers_0p1pct_x25,2048,64,4,2982427205,4,Q8.8,none,1,group8,8,0.07360363648469868,0.07817832629254352,0.9957053467117263,-0.00047395734413494006,0.002246934372052317,0.0727316220291936,0.0728350555146379,0.07338427807314608,0.0769198667128046,0.004474161172355788,0.008650911185349656,0.004419117133540453,0.004413300588160343,32.0,16.0,48.0,96.0,6.0,0,0,0
sparse_outliers_0p1pct_x25,2048,64,4,2982427205,4,Q8.8,H4,4,group64,64,0.11188757538473872,0.21467676167489455,0.9881767209926084,-0.0014339363653927853,0.029210597955124016,1.4174993448186695,1.4195609924553703,0.11186679935772188,0.22660071849307695,0.0030966075494635544,0.012350864848518057,0.0030621733045772133,0.0030481838473831323,32.0,2.0,34.0,68.0,4.25,2,64,128
sparse_outliers_0p1pct_x25,2048,64,4,2982427205,4,Q8.8,H4,4,group32,32,0.09821251649511015,0.20304030590240404,0.9908237742501929,-0.001529369170069659,0.03302693561999361,1.4167965856657154,1.4188515449777068,0.09817838806922029,0.2177826849441538,0.0034811828654427225,0.01545626870041858,0.003418759586447267,0.0033923508403084683,32.0,4.0,36.0,72.0,4.5,2,64,128
sparse_outliers_0p1pct_x25,2048,64,4,2982427205,4,Q8.8,H4,4,group16,16,0.08448487745790052,0.19281289767750884,0.993560213602953,-0.0010490770855119968,0.03401812635059666,1.4159452806242767,1.4179879066272252,0.08441122671913646,0.20564260150943706,0.0038624571911349006,0.013359599769595162,0.0038525205489516635,0.0038416066199740005,32.0,8.0,40.0,80.0,5.0,2,64,128
sparse_outliers_0p1pct_x25,2048,64,4,2982427205,4,Q8.8,H4,4,group8,8,0.07065782206913968,0.18742410488757374,0.9957188010124822,-0.0006450570013093238,0.03061632284827229,1.4152502044547461,1.4171646917584493,0.07041716215621484,0.20150050766703848,0.004444404823726806,0.014256288772998877,0.004425918298062967,0.0044219117727917045,32.0,16.0,48.0,96.0,6.0,2,64,128
sparse_outliers_0p1pct_x25,2048,64,4,2982427205,4,Q8.8,H8,8,group64,64,0.10871190407192846,0.13871863368450874,0.9894601857992353,-0.002370269059124764,0.001438770640711626,1.4152601798889193,1.4196995790520055,0.1086725368003365,0.13806141893579382,0.0030463806833457797,0.008224245195776983,0.003069559110009085,0.0030864726094890146,32.0,2.0,34.0,68.0,4.25,3,96,192
sparse_outliers_0p1pct_x25,2048,64,4,2982427205,4,Q8.8,H8,8,group32,32,0.09798917790321614,0.11826420480732937,0.9917972219492686,-0.0015416024601305864,0.0050531708707568035,1.4146121605410305,1.418943504901214,0.09798138554442966,0.11643286972330745,0.003470078797559668,0.009572690419206406,0.003444529135500726,0.003439767497171961,32.0,4.0,36.0,72.0,4.5,3,96,192
sparse_outliers_0p1pct_x25,2048,64,4,2982427205,4,Q8.8,H8,8,group16,16,0.08631820131380935,0.10884387963346877,0.9933953839975138,-0.00204864770962086,-0.002206776900940222,1.4139870566802495,1.4181022308678402,0.08624690665204642,0.10760991333811004,0.0038221087589964267,0.007703910230259909,0.003867368270719906,0.0038658361830567266,32.0,8.0,40.0,80.0,5.0,3,96,192
sparse_outliers_0p1pct_x25,2048,64,4,2982427205,4,Q8.8,H8,8,group8,8,0.07275838513938221,0.0744721065782761,0.9960031758774298,-0.0017366823681733165,0.006551640796225392,1.413255951439113,1.4172212978601222,0.07264429877232953,0.07265393615667107,0.004401202268677584,0.007377334425978109,0.004442693037709189,0.004444853645911423,32.0,16.0,48.0,96.0,6.0,3,96,192
sparse_outliers_0p1pct_x25,2048,64,4,2982427205,4,Q8.8,H16,16,group64,64,0.10734948383967051,0.1062251841390782,0.9913913775192107,-0.0035456215369390324,-0.0032655358422632587,1.420663467719924,1.4199703307348137,0.10727915157264241,0.10550237934568604,0.003091930389070159,0.011494371837079166,0.0030926477714982893,0.0031189584162906333,32.0,2.0,34.0,68.0,4.25,4,128,256
sparse_outliers_0p1pct_x25,2048,64,4,2982427205,4,Q8.8,H16,16,group32,32,0.09655179539336951,0.10129104880590832,0.9936630415552201,-0.0013198802070674307,-0.0035573723207632094,1.420005402074874,1.4194854329308702,0.09645575015529273,0.0969336778398573,0.003416139861388659,0.012997611348035716,0.003440242344136305,0.003463975921816825,32.0,4.0,36.0,72.0,4.5,4,128,256
sparse_outliers_0p1pct_x25,2048,64,4,2982427205,4,Q8.8,H16,16,group16,16,0.08345030581186925,0.09501900133993837,0.9934703633800961,0.0012085787496259174,0.0004311189975569163,1.419129205168247,1.4185570518503805,0.08342829216764185,0.09301688352498123,0.003787423371214112,0.009377021428068615,0.003881292475335169,0.0038897216942116648,32.0,8.0,40.0,80.0,5.0,4,128,256
sparse_outliers_0p1pct_x25,2048,64,4,2982427205,4,Q8.8,H16,16,group8,8,0.07237324003216541,0.08986218327669368,0.9952859682505596,0.001266552335982031,0.003237480791464967,1.4185994602752747,1.4179609098793984,0.0721229804307791,0.08179428287646849,0.00439946960973773,0.01978340273706426,0.0044360936561769395,0.004461977435824311,32.0,16.0,48.0,96.0,6.0,4,128,256
sparse_outliers_0p1pct_x25,2048,64,4,2982427205,4,Q8.8,H32,32,group64,64,0.1060710514024444,0.21491135216788795,0.9906651179667468,-0.001806309933420814,0.041268842853396236,1.4181886174194092,1.4185751788659424,0.10602747687475969,0.21728372883768698,0.0030904360849177775,0.003271973734493931,0.003129986718568337,0.00315155833347496,32.0,2.0,34.0,68.0,4.25,5,160,320
sparse_outliers_0p1pct_x25,2048,64,4,2982427205,4,Q8.8,H32,32,group32,32,0.09479363365524368,0.20114517909940044,0.99258553494978,-0.0004921221451506145,0.026922994003175025,1.4175744861099886,1.4180471466416942,0.09476441267939306,0.20027260988384094,0.003441359170596642,0.0035268540793538423,0.0034686547424751966,0.003513263206422636,32.0,4.0,36.0,72.0,4.5,5,160,320
sparse_outliers_0p1pct_x25,2048,64,4,2982427205,4,Q8.8,H32,32,group16,16,0.08343986233542085,0.10310698483147089,0.9940740305982241,0.00014880220845624672,0.0019675108887462424,1.4166775824838211,1.4172666230431774,0.08342335716283,0.10591915801448362,0.003918027063815588,0.009053403799931723,0.0039001425283892535,0.003915514179675894,32.0,8.0,40.0,80.0,5.0,5,160,320
sparse_outliers_0p1pct_x25,2048,64,4,2982427205,4,Q8.8,H32,32,group8,8,0.07128136747664998,0.09973833746502798,0.9955279108237941,-0.00010387406628948355,-0.010963275084001125,1.416098126912396,1.4165317578173868,0.0712222818706942,0.09021758375731259,0.0045220123979184046,0.023129634354447953,0.004455211664255869,0.004474419145618037,32.0,16.0,48.0,96.0,6.0,5,160,320
sparse_outliers_0p1pct_x25,2048,64,4,2982427205,4,Q8.8,H64,64,group64,64,0.10702236084354824,0.11932449492368552,0.9913417729775449,-0.00019107155613346308,-0.0024462672105895556,1.417218801255235,1.4191980855781374,0.10697816452368171,0.12223927223260146,0.0031547698896986238,0.02172633781619808,0.003157540152519919,0.003193223338546634,32.0,2.0,34.0,68.0,4.25,6,192,384
sparse_outliers_0p1pct_x25,2048,64,4,2982427205,4,Q8.8,H64,64,group32,32,0.09545170338530157,0.12671827165598276,0.9927049520199371,-0.000427753343086306,0.006273727819881233,1.4167505557497322,1.4183058308263867,0.09541792990249737,0.14614466980248178,0.003509421671468336,0.02931554356013359,0.0034965542570012196,0.0035232475234137865,32.0,4.0,36.0,72.0,4.5,6,192,384
sparse_outliers_0p1pct_x25,2048,64,4,2982427205,4,Q8.8,H64,64,group16,16,0.08538336613641523,0.14719713043322355,0.9934350106585177,-0.0002443608572733114,0.014029080920139698,1.41613586168047,1.417735918463051,0.08525960375841415,0.166265204255129,0.0039015968574705297,0.022216169807435994,0.0039098811776021895,0.003954613529528734,32.0,8.0,40.0,80.0,5.0,6,192,384
sparse_outliers_0p1pct_x25,2048,64,4,2982427205,4,Q8.8,H64,64,group8,8,0.07237337412832447,0.09907794178444364,0.9952916472297455,-0.00028355799976295985,0.009367980069897626,1.415408810443091,1.4171259363237125,0.07221020098187236,0.11337967730501895,0.004519624034301131,0.021857534321738047,0.0044745054578140455,0.004501867886085245,32.0,16.0,48.0,96.0,6.0,6,192,384
sparse_outliers_0p1pct_x25,4096,64,4,2254661580,4,Q8.8,none,1,group64,64,0.119857386042293,0.1757445033867234,0.9857216200642261,-0.0004486486255500824,0.00921426809012285,0.11931579006542906,0.11875800568912152,0.11980553679944032,0.1759489894541314,0.0030535505097009493,0.007549942974615047,0.0030374862876059966,0.0030362344270656785,32.0,2.0,34.0,68.0,4.25,0,0,0
sparse_outliers_0p1pct_x25,4096,64,4,2254661580,4,Q8.8,none,1,group32,32,0.10294084225566513,0.15201417592436076,0.9889875168002907,-0.000340923979875409,0.010470308051792413,0.10288297363063566,0.10260421494775815,0.10289486580486093,0.15230981681083705,0.0033993351118566145,0.0067379591583517535,0.0033895199496919155,0.003393094421935398,32.0,4.0,36.0,72.0,4.5,0,0,0
sparse_outliers_0p1pct_x25,4096,64,4,2254661580,4,Q8.8,none,1,group16,16,0.08832831090092239,0.12997027296947838,0.9919248141680839,0.0006049531580384977,0.008278025630334898,0.0879116865280909,0.08767198977236187,0.08825158458306831,0.12982822193947066,0.0038342317248947254,0.006873598857186424,0.003825356247994062,0.003844131518607419,32.0,8.0,40.0,80.0,5.0,0,0,0
sparse_outliers_0p1pct_x25,4096,64,4,2254661580,4,Q8.8,none,1,group8,8,0.07306496352402396,0.10725240688651622,0.9945495755461671,0.00085866694010853,0.002083884979458772,0.07289116168731552,0.07273123333663975,0.07293475669262968,0.10773645294552771,0.004413176210264047,0.007610385203488994,0.0044104272853507116,0.004420383902535992,32.0,16.0,48.0,96.0,6.0,0,0,0
sparse_outliers_0p1pct_x25,4096,64,4,2254661580,4,Q8.8,H4,4,group64,64,0.10975648046294424,0.1634189465913673,0.9870766119268161,2.5818336932467476e-06,0.0017147190245247216,1.4192674715011806,1.4193284144329141,0.10970298214359132,0.16365760400815313,0.0030469051942243327,0.007368339686335223,0.003053566461194128,0.003046524624902634,32.0,2.0,34.0,68.0,4.25,2,64,128
sparse_outliers_0p1pct_x25,4096,64,4,2254661580,4,Q8.8,H4,4,group32,32,0.09700019383748454,0.14099215609769758,0.9901873827071404,0.00014201268140819626,0.0007739798627050483,1.4184839921084214,1.4185849045235128,0.09698179218964069,0.14111149313267066,0.003421969964005803,0.006894112120397009,0.003410553427421913,0.0033981082073567155,32.0,4.0,36.0,72.0,4.5,2,64,128
sparse_outliers_0p1pct_x25,4096,64,4,2254661580,4,Q8.8,H4,4,group16,16,0.08553713014474315,0.11423143699340906,0.9936186386295794,0.00040792436116753907,0.0057984799082775595,1.4176778197165538,1.4177633712455777,0.08545062221246393,0.11404209584435453,0.0038548514227538,0.006413118266191409,0.0038574764204028474,0.0038415189405486584,32.0,8.0,40.0,80.0,5.0,2,64,128
sparse_outliers_0p1pct_x25,4096,64,4,2254661580,4,Q8.8,H4,4,group8,8,0.07178406353397476,0.10425808772976324,0.99464951813787,0.00042238050255396115,0.00449744908561718,1.4169029200588246,1.4170533740753553,0.07160119096493585,0.1028692835493543,0.0044162238483985,0.006813101173680524,0.004423344342445138,0.004423683311402631,32.0,16.0,48.0,96.0,6.0,2,64,128
sparse_outliers_0p1pct_x25,4096,64,4,2254661580,4,Q8.8,H8,8,group64,64,0.10870648682961216,0.13591500448269048,0.9910334369394679,0.0002923189012339733,-0.007566114507031002,1.4192191475610552,1.4203102429899324,0.108649925849832,0.1354743445898134,0.003064995166861397,0.007700922116916213,0.0030825779652514087,0.0030688103839103683,32.0,2.0,34.0,68.0,4.25,3,96,192
sparse_outliers_0p1pct_x25,4096,64,4,2254661580,4,Q8.8,H8,8,group32,32,0.09684815144458649,0.13465801931155957,0.9914556915738302,-0.00024527195060036603,-0.006507019513408848,1.4184953702060286,1.4196207662195326,0.09675652411679204,0.13507588831756767,0.0034203701507439267,0.006294162263289736,0.003434276424808328,0.0034191062603145302,32.0,4.0,36.0,72.0,4.5,3,96,192
sparse_outliers_0p1pct_x25,4096,64,4,2254661580,4,Q8.8,H8,8,group16,16,0.08443001847397914,0.11917357687558852,0.9931529955190393,-0.0005655268875369644,-0.010918514424230336,1.4176523549771214,1.4189266339021513,0.0843063330994108,0.11879311809002657,0.003872113907032485,0.006953233633651229,0.003872792692215274,0.0038604610822086855,32.0,8.0,40.0,80.0,5.0,3,96,192
sparse_outliers_0p1pct_x25,4096,64,4,2254661580,4,Q8.8,H8,8,group8,8,0.07083618526683735,0.10138463404904337,0.9949613110815099,0.0001483365661613402,-0.013428304360701266,1.4169947193671972,1.4181223700110492,0.07073750741360885,0.1011486896539283,0.004427402335816323,0.007416191378920232,0.004446546670353327,0.004438275920115677,32.0,16.0,48.0,96.0,6.0,3,96,192
sparse_outliers_0p1pct_x25,4096,64,4,2254661580,4,Q8.8,H16,16,group64,64,0.10703710678150116,0.15547958485837363,0.9889664803204615,-0.0001222753904684039,-0.006453953091226824,1.4182246429018575,1.419197218185535,0.10704794409886309,0.15440497068702602,0.0031288538843558533,0.009200049746194898,0.003127957058418506,0.003103787028314878,32.0,2.0,34.0,68.0,4.25,4,128,256
sparse_outliers_0p1pct_x25,4096,64,4,2254661580,4,Q8.8,H16,16,group32,32,0.09630739294955336,0.1435719444806051,0.98998778229096,-0.0005680614902304562,-0.0035977953605188977,1.4175438462477066,1.4183450041062333,0.09622531921947217,0.1429744896234571,0.0034758771034359326,0.00709385506809685,0.0034672597184120585,0.0034464686164740604,32.0,4.0,36.0,72.0,4.5,4,128,256
sparse_outliers_0p1pct_x25,4096,64,4,2254661580,4,Q8.8,H16,16,group16,16,0.08393634651898028,0.12576260002167258,0.9922617907344873,-0.0010966419273288632,-0.010994092359792046,1.4168431309627698,1.4177203993259808,0.08382202264652194,0.12439608839767823,0.0039032553259313986,0.007105139534521957,0.003901409415571076,0.0038879942993680456,32.0,8.0,40.0,80.0,5.0,4,128,256
sparse_outliers_0p1pct_x25,4096,64,4,2254661580,4,Q8.8,H16,16,group8,8,0.07193731223678629,0.09903076185916741,0.9953099579829912,-0.001193011613220712,-0.011919312732854632,1.416142591995362,1.416973322073684,0.07179503931314024,0.09873455864281361,0.004464991203967489,0.00651629527118069,0.0044631619495055855,0.0044447666145145115,32.0,16.0,48.0,96.0,6.0,4,128,256
sparse_outliers_0p1pct_x25,4096,64,4,2254661580,4,Q8.8,H32,32,group64,64,0.10806430697640823,0.1570839371680284,0.9883428137472687,-0.0016287168380321121,-0.008695474319102172,1.417774200878841,1.4170128890544862,0.10798849553753212,0.15637261442599154,0.0032053277903526856,0.009011654918057102,0.003173532843854696,0.003139271407409717,32.0,2.0,34.0,68.0,4.25,5,160,320
sparse_outliers_0p1pct_x25,4096,64,4,2254661580,4,Q8.8,H32,32,group32,32,0.09673696544304193,0.12396762533627173,0.9928281170986167,-0.0010705037993292853,-0.004644073684809715,1.4171039811948587,1.4164700752252304,0.09666553990763756,0.12374745538900128,0.0035122421949352594,0.006806544554500407,0.0034996202552264495,0.0034889217445157376,32.0,4.0,36.0,72.0,4.5,5,160,320
sparse_outliers_0p1pct_x25,4096,64,4,2254661580,4,Q8.8,H32,32,group16,16,0.08474965484206418,0.10726486342126328,0.9946589681938689,-0.0006930170379035304,-0.0015459287112603638,1.4163475600636866,1.4157916442448377,0.0847056036341287,0.10718557652662405,0.003929184497572893,0.007058732962277061,0.003917051012023352,0.003919107191017083,32.0,8.0,40.0,80.0,5.0,5,160,320
sparse_outliers_0p1pct_x25,4096,64,4,2254661580,4,Q8.8,H32,32,group8,8,0.07189297598544903,0.10166560320838365,0.9949987359565291,-0.00044544511950300893,-0.00405660643032298,1.4156547180533512,1.4150713017910392,0.07180046635116952,0.10079820126773298,0.004521115383249751,0.00753068531997684,0.0044758167068170845,0.004469257263919216,32.0,16.0,48.0,96.0,6.0,5,160,320
sparse_outliers_0p1pct_x25,4096,64,4,2254661580,4,Q8.8,H64,64,group64,64,0.10524983100040104,0.1636881328840783,0.9876168310993197,-0.00023421819953696536,-0.005654546294561063,1.4195644751949021,1.419245996417075,0.10520594413722661,0.16455678604913468,0.0031887928469664898,0.008369497209473916,0.0031924501647408406,0.0031983321276415084,32.0,2.0,34.0,68.0,4.25,6,192,384
sparse_outliers_0p1pct_x25,4096,64,4,2254661580,4,Q8.8,H64,64,group32,32,0.0944540944173527,0.13103731785326372,0.9916607527565691,-0.00011691842282387431,0.002297444455973978,1.4187572888763815,1.4185518482644826,0.09441165522541788,0.13114112702507805,0.0034912955043910456,0.006827825843152939,0.003513531234487474,0.0035315228565180237,32.0,4.0,36.0,72.0,4.5,6,192,384
sparse_outliers_0p1pct_x25,4096,64,4,2254661580,4,Q8.8,H64,64,group16,16,0.08399329543103978,0.12128952827740949,0.9929755269163187,-0.0002878820151858166,-0.00039562400955838763,1.418198113649881,1.4177851745270542,0.08387028136937238,0.12154723350085536,0.0039268908484409734,0.006407465400281552,0.003923927115998571,0.003932314110638189,32.0,8.0,40.0,80.0,5.0,6,192,384
sparse_outliers_0p1pct_x25,4096,64,4,2254661580,4,Q8.8,H64,64,group8,8,0.07095936562929676,0.10063808782504774,0.9950347656347377,9.595920154182363e-05,-0.0003484993045053171,1.4174993889195886,1.417133847478785,0.07082340168953871,0.10042470201445555,0.00449193141982609,0.007338993713795809,0.004490734675899527,0.004488421387771585,32.0,16.0,48.0,96.0,6.0,6,192,384
outliers_1pct_x10,128,64,32,4277031275,4,Q8.8,none,1,group64,64,0.17311271751168963,0.16965818383338038,0.9750987432847429,0.004059907790391946,0.005361812503787835,0.16941604813375447,0.16810765190477156,0.17314675906305269,0.16927209441156105,0.0025613551929211326,0.0049395900263241085,0.002580902545468981,0.002576864805599849,32.0,2.0,34.0,68.0,4.25,0,0,0
outliers_1pct_x10,128,64,32,4277031275,4,Q8.8,none,1,group32,32,0.1332051247535818,0.13178955071211407,0.9862578007911502,0.0034020807720385703,0.004906098109994796,0.13289830877835637,0.1316397318425472,0.1332475042555059,0.13117940195069527,0.003085179089448185,0.004860606652791605,0.003126858359486881,0.0031174266318733375,32.0,4.0,36.0,72.0,4.5,0,0,0
outliers_1pct_x10,128,64,32,4277031275,4,Q8.8,none,1,group16,16,0.10446778745621971,0.10995722367219728,0.9904774155077221,0.0010712166036626418,0.0026800596355662583,0.10408595530263974,0.10341601104096454,0.10446142978531815,0.10917724575305202,0.003590296434097296,0.005264729227357914,0.0037096692993635397,0.003715568215773954,32.0,8.0,40.0,80.0,5.0,0,0,0
outliers_1pct_x10,128,64,32,4277031275,4,Q8.8,none,1,group8,8,0.08055822084726201,0.0837057068412111,0.9943495855960534,0.0011856379755572522,0.002742174484131134,0.0805740607551754,0.08016750764428757,0.08053853343187149,0.0832015710434075,0.00426482244629522,0.006025531851806772,0.00434342029340624,0.004347362392281152,32.0,16.0,48.0,96.0,6.0,0,0,0
outliers_1pct_x10,128,64,32,4277031275,4,Q8.8,H4,4,group64,64,0.12728974971143092,0.15161317713515243,0.9866921685806321,0.0012150208593508076,-0.001318732789366441,1.4198176706862964,1.4192850243105966,0.12721127277642838,0.15293965457056363,0.0026948452705541763,0.0045293720678913595,0.002819809404667908,0.0027956163725580694,32.0,2.0,34.0,68.0,4.25,2,64,128
outliers_1pct_x10,128,64,32,4277031275,4,Q8.8,H4,4,group32,32,0.10658271347051086,0.1279417531642952,0.9902149506998802,0.0016450547568102804,-0.0031215371585304576,1.4185171986027103,1.4177107238826856,0.10652200245952675,0.12918181676799625,0.0032698493270339516,0.004794839038756284,0.0033063198016122656,0.003295494151070738,32.0,4.0,36.0,72.0,4.5,2,64,128
outliers_1pct_x10,128,64,32,4277031275,4,Q8.8,H4,4,group16,16,0.08643571642213212,0.10611092471805103,0.993222110891028,0.002428012531738296,7.519402518155754e-05,1.4172295164466948,1.4164749797408656,0.08633069590786079,0.10730365846408955,0.003789311329111247,0.005510228095161544,0.0038344061203676974,0.003828532939163324,32.0,8.0,40.0,80.0,5.0,2,64,128
outliers_1pct_x10,128,64,32,4277031275,4,Q8.8,H4,4,group8,8,0.07141409656131265,0.08917105846151378,0.9954635826638294,0.0004914417354061188,0.0023010275225135764,1.4163780914483948,1.4155596068849179,0.07119817358565253,0.08966692577926641,0.004420168158516823,0.005787725064015903,0.004449052860596964,0.004432220903935522,32.0,16.0,48.0,96.0,6.0,2,64,128
outliers_1pct_x10,128,64,32,4277031275,4,Q8.8,H8,8,group64,64,0.11520883271162566,0.1302555624167255,0.9887827286621627,-0.00018025941399543003,0.001274721126165339,1.4195827191867287,1.4214143726689943,0.11522914024022558,0.1316688759845941,0.002989691280841732,0.00544078116071759,0.003008875550156792,0.0029409992963646985,32.0,2.0,34.0,68.0,4.25,3,96,192
outliers_1pct_x10,128,64,32,4277031275,4,Q8.8,H8,8,group32,32,0.09845060666069987,0.11461589942331266,0.9912485068205728,-0.00010071506185379264,-7.435983003335231e-05,1.4186512956107011,1.4205127414678151,0.09831667300160732,0.11535118639137389,0.0034414730682976466,0.005261965516296842,0.0034351560904932574,0.0034105656014069724,32.0,4.0,36.0,72.0,4.5,3,96,192
outliers_1pct_x10,128,64,32,4277031275,4,Q8.8,H8,8,group16,16,0.08322979799339936,0.10060685490394188,0.9936012504150596,8.081669389674302e-05,-0.0007108007831328535,1.417820963651658,1.4194586519538095,0.08315068877252188,0.10177464193441794,0.003868892825318407,0.0055541274590469565,0.003922690288826564,0.003906523335707275,32.0,8.0,40.0,80.0,5.0,3,96,192
outliers_1pct_x10,128,64,32,4277031275,4,Q8.8,H8,8,group8,8,0.06979610215929212,0.08596426638878095,0.9955848438281136,0.0006777925723436092,-0.0017700474173519306,1.4171035872043618,1.4188200203396666,0.06968722730226279,0.08743118941932096,0.00451992245777867,0.007350826828377606,0.004531678331363173,0.0045181970201811,32.0,16.0,48.0,96.0,6.0,3,96,192
outliers_1pct_x10,128,64,32,4277031275,4,Q8.8,H16,16,group64,64,0.1093930970981412,0.11706005258827526,0.988596552098525,-0.0023636876560591898,-0.0021171143054266204,1.416805697199832,1.4201995141006765,0.10927762304736036,0.11678985609325443,0.003178700532405141,0.00802776052325829,0.0031191032860585235,0.0031570360469269435,32.0,2.0,34.0,68.0,4.25,4,128,256
outliers_1pct_x10,128,64,32,4277031275,4,Q8.8,H16,16,group32,32,0.09562805674230541,0.1059744957112188,0.9914557674998041,-0.001779372443355161,-0.0007687136339032709,1.4160562174501894,1.419359037073681,0.09563619648026703,0.10583117192246608,0.0035868391622926802,0.007469631684336127,0.003526715127736884,0.003566510817028006,32.0,4.0,36.0,72.0,4.5,4,128,256
outliers_1pct_x10,128,64,32,4277031275,4,Q8.8,H16,16,group16,16,0.08006886056363141,0.09067899035421298,0.9936275882333226,-0.0023116128136739067,0.002123783036447182,1.4151215598915692,1.4185532723517638,0.0800493174587073,0.09043246003182026,0.004079607207484668,0.00725832665961802,0.003990810358685045,0.004029363924343029,32.0,8.0,40.0,80.0,5.0,4,128,256
outliers_1pct_x10,128,64,32,4277031275,4,Q8.8,H16,16,group8,8,0.06952797788401077,0.0854165607412297,0.9959106103235383,-0.001933494711062514,0.002408639973175579,1.414580580411335,1.417969335836455,0.06944408153219678,0.08344189648481987,0.004489996747727318,0.007464602219823031,0.004529076904963102,0.0045543779847229595,32.0,16.0,48.0,96.0,6.0,4,128,256
outliers_1pct_x10,128,64,32,4277031275,4,Q8.8,H32,32,group64,64,0.10738384990415216,0.1220490324521051,0.9900127923681887,0.0016983238611499865,-0.0018278165508733603,1.4179554825700342,1.4180712093109733,0.107310052692577,0.12314347652140964,0.0032473611780645052,0.006376422433259435,0.003249306476008425,0.003202037192740283,32.0,2.0,34.0,68.0,4.25,5,160,320
outliers_1pct_x10,128,64,32,4277031275,4,Q8.8,H32,32,group32,32,0.09372832773826648,0.1106331134132975,0.9923752469390078,0.001145652695608448,0.00013131132427591843,1.4170247949757724,1.4174880811924564,0.09358253492553066,0.11150306784416666,0.003625148357835181,0.005731385837913794,0.003626618314118725,0.003597409232071586,32.0,4.0,36.0,72.0,4.5,5,160,320
outliers_1pct_x10,128,64,32,4277031275,4,Q8.8,H32,32,group16,16,0.08222341642239209,0.09731821201729299,0.9940483280678811,-0.0002274990726802122,0.00019888808495873323,1.4167478159366795,1.416816283265795,0.0821042099528313,0.09754613495891101,0.004068165750311404,0.007126417619008976,0.004035337109696924,0.004041993197940076,32.0,8.0,40.0,80.0,5.0,5,160,320
outliers_1pct_x10,128,64,32,4277031275,4,Q8.8,H32,32,group8,8,0.07058507277031381,0.08442026829028162,0.995193942118064,0.0005692979500226999,0.00031746237007362785,1.4162409526894912,1.4163028875465538,0.07033857567342526,0.08463929718957953,0.004492432520574546,0.005834774897507786,0.004565856853594704,0.004563818923819451,32.0,16.0,48.0,96.0,6.0,5,160,320
outliers_1pct_x10,128,64,32,4277031275,4,Q8.8,H64,64,group64,64,0.10261613528963927,0.11786979986517503,0.9911959594197962,-0.005273690888885692,0.0011471272025767821,1.417851030742536,1.4167377333832052,0.10262369363264537,0.11758802480474281,0.003338184491679556,0.011234151098889316,0.0032985203213056423,0.0033192510593239087,32.0,2.0,34.0,68.0,4.25,6,192,384
outliers_1pct_x10,128,64,32,4277031275,4,Q8.8,H64,64,group32,32,0.09564934948417973,0.1101958247429134,0.9921668878419895,-0.0015841977767945665,-0.0006952219441350893,1.4170343980632105,1.4161566625547746,0.09566430030588492,0.10920325344149814,0.003623358583743726,0.00892993918128581,0.00358024955181571,0.003610911775509241,32.0,4.0,36.0,72.0,4.5,6,192,384
outliers_1pct_x10,128,64,32,4277031275,4,Q8.8,H64,64,group16,16,0.08427114938002608,0.09629331661158315,0.9937965882646385,0.0009381664098569906,0.0006795912963572902,1.4166785496173717,1.4157408008574082,0.08425713261997567,0.0958668298212516,0.004054161069021418,0.0067537180171070065,0.004006991462603535,0.004028082240619174,32.0,8.0,40.0,80.0,5.0,6,192,384
outliers_1pct_x10,128,64,32,4277031275,4,Q8.8,H64,64,group8,8,0.07237049753719493,0.0839819283614626,0.9952685224035099,-0.0011978368023624509,-0.00022924504326068393,1.4162211562715956,1.4150917187211232,0.07220510728584996,0.08395567880353252,0.004496013172904746,0.006390837933885823,0.004545867170874443,0.00455308416448997,32.0,16.0,48.0,96.0,6.0,6,192,384
outliers_1pct_x10,256,64,32,1111326100,4,Q8.8,none,1,group64,64,0.17409832093314911,0.24804606260655024,0.9735392519837907,0.0009877529554745408,0.0031389484343934647,0.16841236047587657,0.16810035435774323,0.17408793995015417,0.2484286406114913,0.0026358568671529235,0.005514229032295019,0.0026001715179932365,0.0026077014804339327,32.0,2.0,34.0,68.0,4.25,0,0,0
outliers_1pct_x10,256,64,32,1111326100,4,Q8.8,none,1,group32,32,0.13411290251403118,0.19022609833629522,0.9829176754295874,0.002298602611238677,0.0035271194211073612,0.13155915868841928,0.13183826282996555,0.13405743107102044,0.19043154785864944,0.0031481496126111994,0.006341376558907706,0.003141234251538585,0.0031562693942601555,32.0,4.0,36.0,72.0,4.5,0,0,0
outliers_1pct_x10,256,64,32,1111326100,4,Q8.8,none,1,group16,16,0.10507057524527784,0.14653755954566455,0.9902366859650755,0.002657303912719572,-0.0005485105202178553,0.10350621206429991,0.10337880978988044,0.10501330902808655,0.14659331897383085,0.0037226726732293007,0.0059414915568693875,0.00370507156018853,0.0037055834950131283,32.0,8.0,40.0,80.0,5.0,0,0,0
outliers_1pct_x10,256,64,32,1111326100,4,Q8.8,none,1,group8,8,0.08129064500202401,0.11465432007810002,0.9940154016613509,0.002027597505273854,-0.002216286166847469,0.08035606848728293,0.08020429836633734,0.08123830019265751,0.11404846878564302,0.004354138684329432,0.006632953408986727,0.004339056147458731,0.004350331275491204,32.0,16.0,48.0,96.0,6.0,0,0,0
outliers_1pct_x10,256,64,32,1111326100,4,Q8.8,H4,4,group64,64,0.12631479148833985,0.1771516014727217,0.9848895138581159,-0.0014144948441754109,0.0006413092034384309,1.4215486806798598,1.4197818315592934,0.12627919191897136,0.1761601644400521,0.0028356508508424936,0.0069595541597105084,0.002821103046920252,0.002810565338583293,32.0,2.0,34.0,68.0,4.25,2,64,128
outliers_1pct_x10,256,64,32,1111326100,4,Q8.8,H4,4,group32,32,0.1061263919264786,0.14362575563490962,0.989636064418954,-0.0007927868149751046,-0.0015449082161464662,1.419817120283683,1.4181432196424955,0.10610854632019888,0.1426787890078045,0.0032927295656706417,0.007012290571230768,0.0033149501577034715,0.0033039438780788646,32.0,4.0,36.0,72.0,4.5,2,64,128
outliers_1pct_x10,256,64,32,1111326100,4,Q8.8,H4,4,group16,16,0.0881313666309068,0.11498777740703023,0.9931328238113841,0.0003082353337526778,0.0009915003289971778,1.418879328709594,1.4169308238693246,0.08800915318205722,0.11369648764847982,0.003877013707683692,0.007204178475442347,0.0038336797590208084,0.0038275353246417466,32.0,8.0,40.0,80.0,5.0,2,64,128
outliers_1pct_x10,256,64,32,1111326100,4,Q8.8,H4,4,group8,8,0.07120564686985394,0.09974366678684182,0.9949895063357891,9.130122576513417e-05,-0.0006952609325954314,1.4179182568309223,1.416101417215171,0.07103688941323931,0.09772126404208745,0.00442129826456955,0.007892679845380035,0.004441194674568023,0.004443054075641048,32.0,16.0,48.0,96.0,6.0,2,64,128
outliers_1pct_x10,256,64,32,1111326100,4,Q8.8,H8,8,group64,64,0.11444634763241847,0.1779486545632485,0.9882221517397859,-0.00043780444523484343,0.001814884694161245,1.4185997369162182,1.4213879857904368,0.11446329731179844,0.17826491615067444,0.0029668051118096257,0.005877514982994356,0.002944016854844284,0.002965171185283479,32.0,2.0,34.0,68.0,4.25,3,96,192
outliers_1pct_x10,256,64,32,1111326100,4,Q8.8,H8,8,group32,32,0.09771069854617748,0.13425295129714448,0.9910619301243232,0.000727899483151071,0.00011718191916479883,1.417352720861242,1.4204076333154707,0.09766800947083222,0.13449605259624287,0.0034008686717470833,0.005888736089320243,0.0033970110484192696,0.0034106787886791327,32.0,4.0,36.0,72.0,4.5,3,96,192
outliers_1pct_x10,256,64,32,1111326100,4,Q8.8,H8,8,group16,16,0.08327180191045142,0.1230086154833305,0.9936145020828844,0.0021433663919753643,-0.0010747303099910063,1.4163555694702925,1.4195208435686972,0.08324425362547161,0.12358739962699272,0.0038632473274672592,0.006351192176243138,0.003890803287372729,0.003914624290618525,32.0,8.0,40.0,80.0,5.0,3,96,192
outliers_1pct_x10,256,64,32,1111326100,4,Q8.8,H8,8,group8,8,0.06844947740405331,0.1005224829251103,0.9952969775785641,0.0010898192079347106,-0.0030051908861675816,1.415803638058866,1.4186509220599468,0.06839301897731964,0.10054946289247385,0.004515635766354278,0.006744519765180594,0.00450096456317655,0.004508734738425589,32.0,16.0,48.0,96.0,6.0,3,96,192
outliers_1pct_x10,256,64,32,1111326100,4,Q8.8,H16,16,group64,64,0.1075942229528525,0.1466694014042363,0.988633164505087,0.0004222649368124993,-0.005432224518930152,1.4166545702229139,1.4211270445209265,0.10751273417302758,0.14797030760439436,0.0031184336444008026,0.008896671423090387,0.0031342914961077287,0.003084089884559813,32.0,2.0,34.0,68.0,4.25,4,128,256
outliers_1pct_x10,256,64,32,1111326100,4,Q8.8,H16,16,group32,32,0.09408958149625662,0.12657726132691516,0.9917099335469137,0.0011447723720584273,-0.003176543654291766,1.4158283709881327,1.420103629390901,0.09406765831559809,0.12880258149536247,0.0035314259393262586,0.008813029030919243,0.0035363594917076323,0.003503339648000911,32.0,4.0,36.0,72.0,4.5,4,128,256
outliers_1pct_x10,256,64,32,1111326100,4,Q8.8,H16,16,group16,16,0.08075858502535965,0.10400308703635411,0.9943305830268151,0.0002680904124056439,-0.0010931967319304534,1.4150749337350237,1.4193539152224965,0.08071892958475081,0.10631314841770646,0.003971698624592284,0.009438354427016113,0.003995410455583082,0.00397615093498999,32.0,8.0,40.0,80.0,5.0,4,128,256
outliers_1pct_x10,256,64,32,1111326100,4,Q8.8,H16,16,group8,8,0.06931298946645853,0.08909117417108513,0.9955388505520506,0.00017628998069395795,0.0010780692837066893,1.4144337444998993,1.4186614228917396,0.06912746668447008,0.08959218410749673,0.004511548730071328,0.007060230500011947,0.0045460791838593815,0.0045296439970526825,32.0,16.0,48.0,96.0,6.0,4,128,256
outliers_1pct_x10,256,64,32,1111326100,4,Q8.8,H32,32,group64,64,0.10568419980803118,0.13609009443979653,0.9896752878536128,-0.0007105934165056745,-0.006171590852471628,1.4180240314298607,1.4179350421525336,0.1056383207854034,0.13588852665524379,0.0031968618501941226,0.007284587264663642,0.0032108186685799655,0.0032356369220721843,32.0,2.0,34.0,68.0,4.25,5,160,320
outliers_1pct_x10,256,64,32,1111326100,4,Q8.8,H32,32,group32,32,0.09157476301839035,0.1188810946448165,0.9921915344737746,-6.280729214146393e-05,-0.0013063048176000667,1.417264747649769,1.4170764684717274,0.09152070463467181,0.11899103096165067,0.003617744835511209,0.00696790366818209,0.003605074258602233,0.003621030245920051,32.0,4.0,36.0,72.0,4.5,5,160,320
outliers_1pct_x10,256,64,32,1111326100,4,Q8.8,H32,32,group16,16,0.08163018126967368,0.10279989172935894,0.993970065167692,-0.0009517515709354158,-0.0003571939527528908,1.4166382871811969,1.4164723441488039,0.08154225905386978,0.10236696322469925,0.004074807211269966,0.006452695425905886,0.004009229202773723,0.00403653764948333,32.0,8.0,40.0,80.0,5.0,5,160,320
outliers_1pct_x10,256,64,32,1111326100,4,Q8.8,H32,32,group8,8,0.06913230439540743,0.0891866776463891,0.9955446318717216,-8.316828434206658e-06,-0.0006385526077433626,1.4162190885880568,1.4158852741203731,0.0689033456118145,0.08913597432931832,0.00461061557838547,0.006994429999666854,0.004545223305442414,0.004560376612714571,32.0,16.0,48.0,96.0,6.0,5,160,320
outliers_1pct_x10,256,64,32,1111326100,4,Q8.8,H64,64,group64,64,0.10435424709744895,0.13126073201052496,0.9901798223021705,0.0008212316123423891,-0.004376601931387698,1.416834580102418,1.4166801005230694,0.10431574135184012,0.13028358815625396,0.0032853499989347573,0.012186556208279353,0.0032962352271709646,0.0032997326549531816,32.0,2.0,34.0,68.0,4.25,6,192,384
outliers_1pct_x10,256,64,32,1111326100,4,Q8.8,H64,64,group32,32,0.0928893062090865,0.11769736105526211,0.9918492871954799,-0.001119181870259418,-0.0015460160867938565,1.4162970851271932,1.4162220814309454,0.09281795617140469,0.11756442072595799,0.003659031358294314,0.009831035356662196,0.003607707992565217,0.0036215642352798714,32.0,4.0,36.0,72.0,4.5,6,192,384
outliers_1pct_x10,256,64,32,1111326100,4,Q8.8,H64,64,group16,16,0.08303247090910432,0.10353722724275863,0.9937017360395575,-0.000960428852496269,-0.0012137846086427554,1.415699310279478,1.4155702099009835,0.08292395023761388,0.10309145211364139,0.00402189327894925,0.0062212301273665465,0.003999354609443237,0.0040327824919415165,32.0,8.0,40.0,80.0,5.0,6,192,384
outliers_1pct_x10,256,64,32,1111326100,4,Q8.8,H64,64,group8,8,0.06986080135355584,0.0923370545483232,0.9953787584568583,-0.0006653401972844356,-0.0019970104748982666,1.4152042912884004,1.4149248021199163,0.06974854317941727,0.09070173251209904,0.004504064159698996,0.00864769540955251,0.004536226337595823,0.004555969970138269,32.0,16.0,48.0,96.0,6.0,6,192,384
outliers_1pct_x10,512,64,16,1705945749,4,Q8.8,none,1,group64,64,0.16923619865339393,0.258181352429502,0.9745500709317634,0.0031533750423970905,-0.001675240055251451,0.16857042641153594,0.16799227170859943,0.16924658308709645,0.2570997309678609,0.0025664811235404294,0.005676969603876176,0.0026105604340378157,0.0025861805086684593,32.0,2.0,34.0,68.0,4.25,0,0,0
outliers_1pct_x10,512,64,16,1705945749,4,Q8.8,none,1,group32,32,0.1335757855667549,0.1700897321272007,0.985093750505958,0.0001603054678501648,0.00038989659548723,0.13219169785714166,0.13171357545176993,0.13358158664959174,0.17002961016344267,0.003141522570435686,0.005006469369492005,0.003150051446482134,0.003140188281901029,32.0,4.0,36.0,72.0,4.5,0,0,0
outliers_1pct_x10,512,64,16,1705945749,4,Q8.8,none,1,group16,16,0.10574395021571932,0.12527654130382954,0.9908259243227653,-9.693806750876198e-05,0.0029877614451779395,0.10373777506484179,0.10328317457370627,0.10570718754566098,0.12371063522707423,0.003744768183379734,0.0068972145428317635,0.0037054569423854663,0.003701334130754229,32.0,8.0,40.0,80.0,5.0,0,0,0
outliers_1pct_x10,512,64,16,1705945749,4,Q8.8,none,1,group8,8,0.08290538847218823,0.10601063065870231,0.9941055717363205,0.0008293068264118014,0.002121198408989844,0.0804434463993552,0.08015759342616886,0.08282490422260674,0.10626402097608655,0.004358056374408883,0.006622460430350258,0.004335483232020827,0.004358950488903932,32.0,16.0,48.0,96.0,6.0,0,0,0
outliers_1pct_x10,512,64,16,1705945749,4,Q8.8,H4,4,group64,64,0.12484294392296999,0.1861006467796197,0.9850301924656995,0.00022710163984926838,-0.008584524052135086,1.4211413870446339,1.4240668633679205,0.12485187769464756,0.18207274023557485,0.002813474582808567,0.006960328561692702,0.0027881659915207527,0.002848475091588863,32.0,2.0,34.0,68.0,4.25,2,64,128
outliers_1pct_x10,512,64,16,1705945749,4,Q8.8,H4,4,group32,32,0.1044479769019366,0.12409450684595397,0.9898419870325276,0.0011059094240918655,-0.006032322348352125,1.4193126443056696,1.4225918810334552,0.10442066277660347,0.12341923248451567,0.0033062434168304234,0.007017671951831091,0.0032757535642961534,0.0033185025587911896,32.0,4.0,36.0,72.0,4.5,2,64,128
outliers_1pct_x10,512,64,16,1705945749,4,Q8.8,H4,4,group16,16,0.0874776373197725,0.10677834518297963,0.9921825086956071,-0.0002080051968873622,-0.0025585164701872167,1.4182583837183151,1.421393205786712,0.0873902988730895,0.10649933387176158,0.003834319691027593,0.006812506475084827,0.0038195066857298586,0.0038261913597130276,32.0,8.0,40.0,80.0,5.0,2,64,128
outliers_1pct_x10,512,64,16,1705945749,4,Q8.8,H4,4,group8,8,0.07005720582096638,0.08491131507670256,0.9950895450565123,0.000250012944890043,-0.002159195656685986,1.4174001344790215,1.420370037071623,0.06994437764229669,0.08503339753362585,0.004473242261708632,0.006740524571882969,0.004432804538315697,0.004450323777703491,32.0,16.0,48.0,96.0,6.0,2,64,128
outliers_1pct_x10,512,64,16,1705945749,4,Q8.8,H8,8,group64,64,0.11439200347573197,0.15161678399870987,0.9863615927239641,-0.0013700535814150415,0.0033281975815732242,1.4179622794677895,1.4200139890945036,0.11435969234024025,0.14994365914710103,0.002935485381257777,0.007235003122977396,0.00295897724817977,0.0029905129793782346,32.0,2.0,34.0,68.0,4.25,3,96,192
outliers_1pct_x10,512,64,16,1705945749,4,Q8.8,H8,8,group32,32,0.09784913852114897,0.12489413444347153,0.9914514418839564,-0.0001567022474242257,0.004293572109653708,1.4169414068322306,1.4189249876126961,0.0977367146575101,0.12314080733303676,0.003376366289264659,0.006587604179526277,0.003421167426398404,0.0034339167058092556,32.0,4.0,36.0,72.0,4.5,3,96,192
outliers_1pct_x10,512,64,16,1705945749,4,Q8.8,H8,8,group16,16,0.08308057936763426,0.11082950025572136,0.9939307540147262,-0.0005671145120942798,0.00038873497004756556,1.4159955831757107,1.41801788462043,0.08301164614408266,0.10821126364304025,0.003894694879377306,0.007597456560839989,0.0039171954786089815,0.003918302032146492,32.0,8.0,40.0,80.0,5.0,3,96,192
outliers_1pct_x10,512,64,16,1705945749,4,Q8.8,H8,8,group8,8,0.06742260391352317,0.09417945312810166,0.9954117449894897,0.0001314629509012439,-0.0005153330728490667,1.4152539079194812,1.4172728445936975,0.06727171201670823,0.09132244953929151,0.004494796466514942,0.00816491643336594,0.004515024616041402,0.004509764235084725,32.0,16.0,48.0,96.0,6.0,3,96,192
outliers_1pct_x10,512,64,16,1705945749,4,Q8.8,H16,16,group64,64,0.10915166163537805,0.1411115356901381,0.9880374922358534,-0.0012839212044843751,0.00403361765537824,1.4191316981180435,1.4168322182176871,0.10916836710921586,0.14284622295671004,0.003101258523610941,0.01047948387981886,0.0031112188429914564,0.0031118458399299453,32.0,2.0,34.0,68.0,4.25,4,128,256
outliers_1pct_x10,512,64,16,1705945749,4,Q8.8,H16,16,group32,32,0.09518449007056368,0.11689982362881576,0.9901209748887227,0.00036329983165864124,-0.0015626614034818403,1.418427240110097,1.4158835929998022,0.09517010344343545,0.11861634304380789,0.003577632984547811,0.009456514220491031,0.00352030992624715,0.003534350121793132,32.0,4.0,36.0,72.0,4.5,4,128,256
outliers_1pct_x10,512,64,16,1705945749,4,Q8.8,H16,16,group16,16,0.08162289590264438,0.09842799782824888,0.9931565597243093,-0.0010880868152921405,-0.0003443937630010207,1.417669280068901,1.4150345082523563,0.08155564431543144,0.10063039288725792,0.004038171382812843,0.010190207675996535,0.003992519303839544,0.004006610135535567,32.0,8.0,40.0,80.0,5.0,4,128,256
outliers_1pct_x10,512,64,16,1705945749,4,Q8.8,H16,16,group8,8,0.06951423139435495,0.08602199559085325,0.9951827061958792,-0.0015127621113170404,-0.0014564465856596676,1.4170713848506307,1.414221701886317,0.06936651857402162,0.08694637123178318,0.004600218758287668,0.009018216008129316,0.00455202977561414,0.004540842585646358,32.0,16.0,48.0,96.0,6.0,4,128,256
outliers_1pct_x10,512,64,16,1705945749,4,Q8.8,H32,32,group64,64,0.104324822515297,0.13377744737246755,0.9886873122454121,-0.0002216107177020993,0.0011959126276143465,1.419003200257506,1.4183506047099623,0.10426774196457757,0.13205767534028107,0.003202781651347063,0.011499240665444653,0.003215108994800959,0.003216830753060386,32.0,2.0,34.0,68.0,4.25,5,160,320
outliers_1pct_x10,512,64,16,1705945749,4,Q8.8,H32,32,group32,32,0.09160090923921793,0.12131116291668813,0.9910213675458461,-0.0010885286523568878,-0.0021420279670497297,1.4181256226568948,1.4177804414430395,0.09150909757327551,0.1187650817814728,0.003592651142004524,0.011518272566600178,0.003600081634978612,0.0035947422477283133,32.0,4.0,36.0,72.0,4.5,5,160,320
outliers_1pct_x10,512,64,16,1705945749,4,Q8.8,H32,32,group16,16,0.0810435086296288,0.10737031295897997,0.9933837681374418,-0.00271893522357068,-0.00026335402426514023,1.4175654321469005,1.4173521731226708,0.08091178437922004,0.10651565793499658,0.003940498947627316,0.005382684836838186,0.0040163035226387775,0.004005450531026526,32.0,8.0,40.0,80.0,5.0,5,160,320
outliers_1pct_x10,512,64,16,1705945749,4,Q8.8,H32,32,group8,8,0.06988308757967542,0.08726166721160808,0.9951413756100851,-0.0016064309760279577,0.004174342514267042,1.416865466027771,1.4165622794301989,0.06967246718128901,0.08709061213251598,0.004576176893381295,0.008486158107561363,0.00455120542642346,0.004567351202381688,32.0,16.0,48.0,96.0,6.0,5,160,320
outliers_1pct_x10,512,64,16,1705945749,4,Q8.8,H64,64,group64,64,0.10306133872983556,0.12340083077392408,0.9907389309275277,-0.0007722172613404354,0.0002863241541711744,1.4192093332074536,1.417883967084251,0.10299278780283247,0.12264000122826811,0.0033020276547012814,0.011535691977786663,0.00331235523001419,0.003301639250257625,32.0,2.0,34.0,68.0,4.25,6,192,384
outliers_1pct_x10,512,64,16,1705945749,4,Q8.8,H64,64,group32,32,0.09307764354690842,0.12292767986903216,0.9925057908887723,5.565007982744738e-05,-0.0018185177981419225,1.4186762498474497,1.4172785711289348,0.0929473226980779,0.12621471479165167,0.0036783444262371125,0.012148159768221159,0.003614437000260429,0.00361031191926818,32.0,4.0,36.0,72.0,4.5,6,192,384
outliers_1pct_x10,512,64,16,1705945749,4,Q8.8,H64,64,group16,16,0.081842414098064,0.10522398454427366,0.9938304242469658,0.000320452463179293,-0.0017206984233612732,1.4179821565631723,1.4167721915514369,0.08168032186986104,0.10620922564504552,0.0040078949336629244,0.00864402657622176,0.004011947951638494,0.004010820511510832,32.0,8.0,40.0,80.0,5.0,6,192,384
outliers_1pct_x10,512,64,16,1705945749,4,Q8.8,H64,64,group8,8,0.07003583596172112,0.10100611964623807,0.9954882057645749,-0.0009651381913563286,0.002162646850064744,1.4174160101672084,1.4161593399840224,0.06985683779285724,0.09936741737198,0.004543218672728865,0.006266775069958203,0.004562941050795531,0.004559622974383048,32.0,16.0,48.0,96.0,6.0,6,192,384
outliers_1pct_x10,1024,64,8,3018058170,4,Q8.8,none,1,group64,64,0.16967696347249112,0.18213762222691374,0.9754554505405237,-3.822976197823677e-05,-0.013146477902262473,0.16983925619705256,0.16860455462594315,0.16966747369604074,0.1819744997217365,0.0025893473919985817,0.005677800941534408,0.0025894606396024626,0.0026295918394894703,32.0,2.0,34.0,68.0,4.25,0,0,0
outliers_1pct_x10,1024,64,8,3018058170,4,Q8.8,none,1,group32,32,0.13423071967465441,0.14096759159982827,0.9853067846317374,-0.0018261131834494447,0.009163931946112707,0.13290749604605953,0.13215182608001308,0.134152251343845,0.14211319842516545,0.0031693560334144807,0.005556958148707283,0.0031375015635533737,0.003166462015333637,32.0,4.0,36.0,72.0,4.5,0,0,0
outliers_1pct_x10,1024,64,8,3018058170,4,Q8.8,none,1,group16,16,0.10678032667162646,0.11353486946625724,0.9916376128873394,-0.0022588574295021612,0.00988799231807435,0.10394352607498517,0.10354915083424171,0.1066514827884756,0.11389586697288265,0.003758861362581521,0.007017944308619647,0.003710467138383623,0.003720762330232671,32.0,8.0,40.0,80.0,5.0,0,0,0
outliers_1pct_x10,1024,64,8,3018058170,4,Q8.8,none,1,group8,8,0.08200578485850193,0.07931413890140972,0.9954496309920782,-0.00033462596086149385,0.001497342398053738,0.08054103301311057,0.08028362499784379,0.0817536234435767,0.0791589300322495,0.0044381066537206625,0.006591243262797643,0.004362733762889594,0.004349884755148047,32.0,16.0,48.0,96.0,6.0,0,0,0
outliers_1pct_x10,1024,64,8,3018058170,4,Q8.8,H4,4,group64,64,0.12536314878363938,0.16221932973447228,0.9883229271381435,0.0004740692052033078,0.00497719047834846,1.4211242075794224,1.4191406299938787,0.12531477748896871,0.15825712422269764,0.0028222011735720646,0.010999243450042698,0.002828873336697476,0.002824428012455259,32.0,2.0,34.0,68.0,4.25,2,64,128
outliers_1pct_x10,1024,64,8,3018058170,4,Q8.8,H4,4,group32,32,0.10568808216126588,0.16695002981194945,0.9898539960654473,-0.00022381255785259858,0.0052389306893255595,1.4193592105671193,1.4175763233404004,0.1056184562391041,0.1624101189930866,0.003346598795669686,0.010052647007733,0.00331716997944985,0.003309358281255216,32.0,4.0,36.0,72.0,4.5,2,64,128
outliers_1pct_x10,1024,64,8,3018058170,4,Q8.8,H4,4,group16,16,0.08738961688329117,0.14851056326312964,0.9924826445796124,0.0005710890807158725,0.0017920817633722004,1.4182939454622434,1.4164955287008025,0.08725909242712852,0.14347685160252804,0.0038734969644442056,0.01013709562813371,0.0038307545827289922,0.0038194670328498856,32.0,8.0,40.0,80.0,5.0,2,64,128
outliers_1pct_x10,1024,64,8,3018058170,4,Q8.8,H4,4,group8,8,0.07100700098167836,0.15308936774071238,0.9944522789479031,2.2143282734358035e-05,0.00355313946739155,1.4174193177375336,1.4155106903280765,0.07084736793150982,0.14648102843544603,0.004463926668040297,0.010435718870238666,0.00444954634245703,0.004453527092775173,32.0,16.0,48.0,96.0,6.0,2,64,128
outliers_1pct_x10,1024,64,8,3018058170,4,Q8.8,H8,8,group64,64,0.11529126745588529,0.1296318133552695,0.9895528996718954,-0.00011699260236760172,-0.007300629340805904,1.4182980391957234,1.4205855326016488,0.11521112500145819,0.12913638320021292,0.002942891260193562,0.010648663286464721,0.0029621169508379287,0.0029572802927886723,32.0,2.0,34.0,68.0,4.25,3,96,192
outliers_1pct_x10,1024,64,8,3018058170,4,Q8.8,H8,8,group32,32,0.10057720296538339,0.11590762636407799,0.9923376319535352,0.0008932063820877726,-0.0038401676767497077,1.4172746867971273,1.419491991913943,0.10047963800163846,0.11353128784599256,0.003420064993973068,0.009354914939721383,0.003420734703056698,0.003417626217095716,32.0,4.0,36.0,72.0,4.5,3,96,192
outliers_1pct_x10,1024,64,8,3018058170,4,Q8.8,H8,8,group16,16,0.08509952066068928,0.09671127186361668,0.9950024886386832,0.00031751371678691905,-0.004888282783328437,1.416355931601666,1.4185565815033192,0.0850139165976903,0.09375336363409503,0.003984999547681492,0.011428054084776713,0.003916844674042418,0.0039163851851008935,32.0,8.0,40.0,80.0,5.0,3,96,192
outliers_1pct_x10,1024,64,8,3018058170,4,Q8.8,H8,8,group8,8,0.0693618712298801,0.09036549596869896,0.9961083283035799,0.0007479609800158408,0.002735483673623612,1.4156283480265586,1.4177410657182323,0.06922538965566055,0.08764032642669965,0.0045705596927429456,0.011538654125641095,0.004512711644046602,0.004509347012803366,32.0,16.0,48.0,96.0,6.0,3,96,192
outliers_1pct_x10,1024,64,8,3018058170,4,Q8.8,H16,16,group64,64,0.11154766026310814,0.1472968378187363,0.990620837205882,7.374961224393703e-05,-0.005075126731716759,1.4198815904398567,1.4173166980532073,0.1115696285635845,0.1442310438042257,0.0031171747342737003,0.011641387304311426,0.003115449384078697,0.0030630218957424325,32.0,2.0,34.0,68.0,4.25,4,128,256
outliers_1pct_x10,1024,64,8,3018058170,4,Q8.8,H16,16,group32,32,0.0972249352455614,0.12362142748327201,0.9931266043237467,-5.159984075261006e-06,-0.0024168343674850446,1.4188545023735086,1.4164909503975214,0.09721871171072824,0.12190146383334513,0.0035507978044870226,0.010222966316040605,0.0035273413598103797,0.0034715195891566785,32.0,4.0,36.0,72.0,4.5,4,128,256
outliers_1pct_x10,1024,64,8,3018058170,4,Q8.8,H16,16,group16,16,0.08190264857461026,0.11547071033535183,0.994050524194991,0.0001574278587185828,-0.007241585056035943,1.4180465134846474,1.4157348273996266,0.08174855907984077,0.11348086077468583,0.004034012791922434,0.0102152935655652,0.004015822252674032,0.003976756359180832,32.0,8.0,40.0,80.0,5.0,4,128,256
outliers_1pct_x10,1024,64,8,3018058170,4,Q8.8,H16,16,group8,8,0.06905882800227225,0.08948906831800066,0.996098220732137,-0.00021664657684435248,-0.0040204058908735055,1.4173471855390678,1.4150913342648899,0.06898314979605087,0.08655841612967605,0.004621363022918728,0.012092647832399533,0.004566384269784607,0.004524033000147045,32.0,16.0,48.0,96.0,6.0,4,128,256
outliers_1pct_x10,1024,64,8,3018058170,4,Q8.8,H32,32,group64,64,0.10612078750574445,0.13348062732038743,0.9911010385942371,-0.001933374304735976,-0.013490353911145343,1.4199617869943855,1.4188378516116917,0.10607219091187199,0.13046551118062621,0.0032267288052810436,0.02268862220020314,0.003226365236995705,0.0032124884039312655,32.0,2.0,34.0,68.0,4.25,5,160,320
outliers_1pct_x10,1024,64,8,3018058170,4,Q8.8,H32,32,group32,32,0.09274795125846216,0.11088740289528884,0.9938851742308511,-0.0019767124167700484,-0.006271570980330409,1.4192328503928913,1.4180744914716685,0.09269371469680812,0.1070943553815219,0.003662418799879214,0.025009601553296734,0.003604117212437478,0.0036085742367859964,32.0,4.0,36.0,72.0,4.5,5,160,320
outliers_1pct_x10,1024,64,8,3018058170,4,Q8.8,H32,32,group16,16,0.08221963980756693,0.08835267617933683,0.9953054797129699,-0.0003530670495784244,-0.005975876862803101,1.4188132343225168,1.41744354776533,0.08218736487998116,0.092237026809273,0.004033640982594702,0.015078511831713213,0.004012527371527651,0.004007818699603707,32.0,8.0,40.0,80.0,5.0,5,160,320
outliers_1pct_x10,1024,64,8,3018058170,4,Q8.8,H32,32,group8,8,0.07018193860260545,0.07048360728627062,0.9967345619666514,-3.657466719879131e-05,-0.007587830825227234,1.4180911143043105,1.4170344322855148,0.07009919622017102,0.06972370654955387,0.004647910887458187,0.014560827086205107,0.00456315514493168,0.004560185632073285,32.0,16.0,48.0,96.0,6.0,5,160,320
outliers_1pct_x10,1024,64,8,3018058170,4,Q8.8,H64,64,group64,64,0.10411188481538584,0.13294363223519923,0.9917331918205703,-0.00033328662649268414,0.013062010610549308,1.4179776989733295,1.4196510215282245,0.10407977126547618,0.13682262838648984,0.0032011059928451365,0.009987469857214612,0.0033125412312965436,0.003299242108188237,32.0,2.0,34.0,68.0,4.25,6,192,384
outliers_1pct_x10,1024,64,8,3018058170,4,Q8.8,H64,64,group32,32,0.0933989585675664,0.10651155653992121,0.993222697347123,-0.0003433978793434927,0.003077403353406918,1.4172857177315932,1.4189674346384868,0.09332730771061155,0.10598625462020027,0.003679107782441081,0.009579064842047458,0.003624409685908506,0.0036077080323902036,32.0,4.0,36.0,72.0,4.5,6,192,384
outliers_1pct_x10,1024,64,8,3018058170,4,Q8.8,H64,64,group16,16,0.08235696142412573,0.1067179627483446,0.9948859693147091,-0.00118760733849637,-0.005726198375186422,1.4167289452044414,1.4182836805863102,0.08225724885715037,0.1013980833365932,0.004098827599552003,0.012088837939522324,0.004031413909284178,0.004013336588369889,32.0,8.0,40.0,80.0,5.0,6,192,384
outliers_1pct_x10,1024,64,8,3018058170,4,Q8.8,H64,64,group8,8,0.06994166775863714,0.08818245817731162,0.9960079568279537,-0.0004915472137901455,-0.0012599024503160158,1.4160588233296987,1.4175884747655576,0.0697991302986197,0.08536912578853344,0.004624357099543478,0.009344215259363827,0.004577018316357475,0.004554265855942437,32.0,16.0,48.0,96.0,6.0,6,192,384
outliers_1pct_x10,2048,64,4,1878021013,4,Q8.8,none,1,group64,64,0.1729053040755586,0.2231313484425254,0.972797729820466,0.0004006509932727401,0.01153565073155119,0.169113954758621,0.16849612543471465,0.17285594209319913,0.22199694596653025,0.002612666325645388,0.005184110167627358,0.002605567641323086,0.0025706173562860726,32.0,2.0,34.0,68.0,4.25,0,0,0
outliers_1pct_x10,2048,64,4,1878021013,4,Q8.8,none,1,group32,32,0.13442409580967626,0.14813758019361006,0.9852149488957601,0.0007192155623160287,0.0019828948308973416,0.13236964369967388,0.13198103031335753,0.1344047663823367,0.1474216099841895,0.0032211401524216018,0.005367313267513389,0.0031519517905211195,0.0031239885187418904,32.0,4.0,36.0,72.0,4.5,0,0,0
outliers_1pct_x10,2048,64,4,1878021013,4,Q8.8,none,1,group16,16,0.10417619862196185,0.10561219816573124,0.9919710791990759,-0.00021592672032825559,0.0027109264360059056,0.10389346641272314,0.10355290223448879,0.10410125568855795,0.10504364576330326,0.0037536377262915783,0.005872623417910744,0.003717268433832455,0.0037051935725559712,32.0,8.0,40.0,80.0,5.0,0,0,0
outliers_1pct_x10,2048,64,4,1878021013,4,Q8.8,none,1,group8,8,0.08176577496728979,0.09680300491500503,0.9941357348839888,-0.00045114757242799514,0.0032350387006599567,0.0804593327407294,0.08038898473413351,0.08171670635850779,0.09701147998940678,0.004418934714966923,0.006213018289645917,0.004369238624161251,0.004349775271735144,32.0,16.0,48.0,96.0,6.0,0,0,0
outliers_1pct_x10,2048,64,4,1878021013,4,Q8.8,H4,4,group64,64,0.12622174298473712,0.18213492357126665,0.9871845688363814,0.001081899124977937,-0.004204591627280732,1.4220918818978647,1.418452061137188,0.12616618554518705,0.18308845047922886,0.002852788924682721,0.0069364051760899634,0.002844239502627603,0.0028142866518771335,32.0,2.0,34.0,68.0,4.25,2,64,128
outliers_1pct_x10,2048,64,4,1878021013,4,Q8.8,H4,4,group32,32,0.10511382222865084,0.15251130249823758,0.9907534493029334,0.0016476331565272824,-0.010198452641228279,1.420792665501206,1.4168328676329711,0.10503786560660298,0.1505669026862919,0.00331258754114957,0.006417335027435637,0.0033276885948153962,0.003312879153544782,32.0,4.0,36.0,72.0,4.5,2,64,128
outliers_1pct_x10,2048,64,4,1878021013,4,Q8.8,H4,4,group16,16,0.08727660949270355,0.12903618199109398,0.9928251992907041,0.0008811039803623672,-0.013932149764819685,1.41969049003629,1.4158102198696825,0.08720955859967892,0.12541692611992014,0.00385806505998558,0.006538035983503141,0.0038273996696979906,0.003837125927509848,32.0,8.0,40.0,80.0,5.0,2,64,128
outliers_1pct_x10,2048,64,4,1878021013,4,Q8.8,H4,4,group8,8,0.07126984814270898,0.10877622341823254,0.9953610433669199,0.00014498654779397421,-0.004357919200084533,1.4189774664609756,1.4148264693172479,0.07116387528852602,0.10479678668041635,0.004527956201470569,0.007932213606127243,0.0044477097126261,0.0044459248998258635,32.0,16.0,48.0,96.0,6.0,2,64,128
outliers_1pct_x10,2048,64,4,1878021013,4,Q8.8,H8,8,group64,64,0.11516041297690872,0.1480906922782914,0.9903046673765566,0.0030347197874855364,0.008160010203898704,1.4218051027775065,1.4182624669814579,0.11509932733836675,0.15128379216114302,0.002938089401294481,0.008854192020719447,0.0029915035302186853,0.0029388020760687025,32.0,2.0,34.0,68.0,4.25,3,96,192
outliers_1pct_x10,2048,64,4,1878021013,4,Q8.8,H8,8,group32,32,0.09883193615582776,0.13299517149096704,0.9929824400743327,0.003029430516553848,0.006331127029928113,1.4206114832448578,1.4170589864406542,0.09877209391861334,0.13700918477992294,0.003417584750128866,0.010353495664042983,0.003430771216962227,0.0034182094640942437,32.0,4.0,36.0,72.0,4.5,3,96,192
outliers_1pct_x10,2048,64,4,1878021013,4,Q8.8,H8,8,group16,16,0.08293614137859999,0.10404216612861004,0.9943769877040363,0.0027164233033147188,-0.004523441581224159,1.419564377520855,1.4162784260482424,0.08287037624134579,0.1059634702182887,0.003934413363721905,0.012647153053228883,0.0039198910622767705,0.003914795558889212,32.0,8.0,40.0,80.0,5.0,3,96,192
outliers_1pct_x10,2048,64,4,1878021013,4,Q8.8,H8,8,group8,8,0.06949533414383907,0.09200668982415124,0.9955625788885567,0.00042042304961349876,0.0029331860535252025,1.4187839975431182,1.4155166342937708,0.06938178794315958,0.09527246154939609,0.004437260441193362,0.01249012743198677,0.004515095371466333,0.004504221870612346,32.0,16.0,48.0,96.0,6.0,3,96,192
outliers_1pct_x10,2048,64,4,1878021013,4,Q8.8,H16,16,group64,64,0.10865993098730196,0.13037806048320402,0.9900105284561097,0.00026411950055510257,-0.0022470309974694136,1.4168727676721025,1.4177838142458117,0.10865728538220291,0.12619095964347385,0.003050084070292387,0.015629884726898996,0.0030729301694047925,0.0030966438469945596,32.0,2.0,34.0,68.0,4.25,4,128,256
outliers_1pct_x10,2048,64,4,1878021013,4,Q8.8,H16,16,group32,32,0.09475693292595332,0.1237540064220824,0.9920276634945928,-0.0005773588206133888,-0.005767882958804799,1.416077893133759,1.4168910612290266,0.09463950554768526,0.11882001464898324,0.0035496405837678693,0.015176148167813767,0.003510173385973844,0.0035079785472685947,32.0,4.0,36.0,72.0,4.5,4,128,256
outliers_1pct_x10,2048,64,4,1878021013,4,Q8.8,H16,16,group16,16,0.08205088256854956,0.13709637529384072,0.9921223724349488,-0.0014659463894949427,-0.017729727185465963,1.4151857373421597,1.416342256501844,0.08188517880465261,0.1288693330876747,0.004046127224755722,0.015429486375556604,0.003996054253688748,0.003979438191126841,32.0,8.0,40.0,80.0,5.0,4,128,256
outliers_1pct_x10,2048,64,4,1878021013,4,Q8.8,H16,16,group8,8,0.06988883696595577,0.14766056125673593,0.9931493709966648,-0.0016527597330760352,-0.01213886403277348,1.4145946868779848,1.4156306012546167,0.06977090562500785,0.14974809963640948,0.004642297753674794,0.010689055696517857,0.004558029591038524,0.0045254741050362755,32.0,16.0,48.0,96.0,6.0,4,128,256
outliers_1pct_x10,2048,64,4,1878021013,4,Q8.8,H32,32,group64,64,0.10629309171861595,0.1477481963051918,0.9898754765772444,-0.001501734729116112,0.003020133582549841,1.4191141640516833,1.415892732566127,0.10621675111433711,0.14341488934898464,0.0032512869739650956,0.01056790644554618,0.0032361028966536713,0.0032102327612877953,32.0,2.0,34.0,68.0,4.25,5,160,320
outliers_1pct_x10,2048,64,4,1878021013,4,Q8.8,H32,32,group32,32,0.09196233630365576,0.12795475044028115,0.9927243091655124,0.00029905879276056737,0.003974872407683451,1.4181792983644863,1.4148339651850743,0.09191025406131553,0.12269477001270547,0.0036566853041425113,0.011193857476292432,0.0036359580281368187,0.003615640209024014,32.0,4.0,36.0,72.0,4.5,5,160,320
outliers_1pct_x10,2048,64,4,1878021013,4,Q8.8,H32,32,group16,16,0.08227555185260396,0.10472901395045794,0.9944876490504568,-0.0001405652067406983,-0.0034550318917479,1.4175578580985613,1.414354968160696,0.08216696626705627,0.1052021062277483,0.0040321385670864475,0.014910811696235055,0.004031027919994693,0.004028925422847373,32.0,8.0,40.0,80.0,5.0,5,160,320
outliers_1pct_x10,2048,64,4,1878021013,4,Q8.8,H32,32,group8,8,0.07011696354065096,0.09942488169719624,0.9954747484401508,0.0018354077418373863,0.0005218541736869618,1.4170416220464626,1.413553469068193,0.06998723811914248,0.09273065502875363,0.004674811362983763,0.012126206861592997,0.004565904297852289,0.004563510951855564,32.0,16.0,48.0,96.0,6.0,5,160,320
outliers_1pct_x10,2048,64,4,1878021013,4,Q8.8,H64,64,group64,64,0.10614755645847283,0.13165363223791735,0.9917828028202245,0.0020920835707282405,-0.006544312097787638,1.4179395341090741,1.4192464542867622,0.1061054288805356,0.12908416524046454,0.003275902034210644,0.012294394256718803,0.003293345909898497,0.0033020171332111257,32.0,2.0,34.0,68.0,4.25,6,192,384
outliers_1pct_x10,2048,64,4,1878021013,4,Q8.8,H64,64,group32,32,0.09368384362243413,0.13211986018919938,0.9923832014799865,0.001743596138750829,-0.0012145512074885616,1.4173904440914369,1.4183245549147865,0.09364428577326304,0.1308309806601321,0.0035477883910921535,0.006632476534082915,0.003605731712977712,0.003602362089093493,32.0,4.0,36.0,72.0,4.5,6,192,384
outliers_1pct_x10,2048,64,4,1878021013,4,Q8.8,H64,64,group16,16,0.08319852628229672,0.11698887433189861,0.9943339618827305,3.439044045321311e-05,0.0010594256730351384,1.4167897545380286,1.4178170945650252,0.08310550009553447,0.11638112815047445,0.004003351827967948,0.006992782532093327,0.004021115415962996,0.00401413016254796,32.0,8.0,40.0,80.0,5.0,6,192,384
outliers_1pct_x10,2048,64,4,1878021013,4,Q8.8,H64,64,group8,8,0.07207654090357933,0.09097729390035103,0.9952424212366772,-0.0010326553359319207,-0.0008159336174385714,1.4161073067395697,1.4171681103617386,0.07193081992631357,0.09294469012517223,0.00459008284695801,0.00764442073573056,0.0045670091345172015,0.004537910539010746,32.0,16.0,48.0,96.0,6.0,6,192,384
outliers_1pct_x10,4096,64,4,1318233436,4,Q8.8,none,1,group64,64,0.16860228154107965,0.24466435594275696,0.9718001806422754,0.0008355345270764068,0.01070201586291076,0.1685761399003401,0.1694256391643326,0.16856952830491606,0.24357683855392492,0.0025904770414373053,0.005701721705744017,0.0026001480147965134,0.0025726601244173844,32.0,2.0,34.0,68.0,4.25,0,0,0
outliers_1pct_x10,4096,64,4,1318233436,4,Q8.8,none,1,group32,32,0.1322065858263624,0.19076765575426877,0.982457730282273,0.00013996053240355522,-0.0013575410315143882,0.13191768723164743,0.1326244823307451,0.13213498040677177,0.19062813644464272,0.0031156263974738154,0.0062442538909467165,0.0031464159453986162,0.003125081307017472,32.0,4.0,36.0,72.0,4.5,0,0,0
outliers_1pct_x10,4096,64,4,1318233436,4,Q8.8,none,1,group16,16,0.10299860783214719,0.14507483892253567,0.9898791066557726,-0.00023650258590394863,-0.014622615873059155,0.10350472726923551,0.10391395005012424,0.10286923202302888,0.1444907986937985,0.003708487659545494,0.006770417183671826,0.0037223286020383415,0.0036899310913673994,32.0,8.0,40.0,80.0,5.0,0,0,0
outliers_1pct_x10,4096,64,4,1318233436,4,Q8.8,none,1,group8,8,0.08020040426503057,0.1194874881947992,0.9929879302723047,0.00011068240609181516,-0.004243221973133318,0.08025979749092856,0.08052782437934417,0.0800743363202403,0.11842346491225342,0.00430706485544348,0.006839061008239558,0.004361926511472769,0.004344391750503113,32.0,16.0,48.0,96.0,6.0,0,0,0
outliers_1pct_x10,4096,64,4,1318233436,4,Q8.8,H4,4,group64,64,0.123743563359458,0.18136948372239686,0.9839974471612825,-0.0004935168340933991,0.000719315976874731,1.4230568933022458,1.4224110643428094,0.12368545773211914,0.18152483058240476,0.002807731991172154,0.006655712822273081,0.002808259223203277,0.002830042554388293,32.0,2.0,34.0,68.0,4.25,2,64,128
outliers_1pct_x10,4096,64,4,1318233436,4,Q8.8,H4,4,group32,32,0.10384548027347189,0.1548215194408175,0.9883217853760541,-0.0006279813221411355,-0.01252912025340102,1.4215508549594533,1.4208993862661108,0.10377266812475601,0.15491066489553248,0.003270048112955601,0.006479666621831509,0.003302195357258156,0.0033122402412884265,32.0,4.0,36.0,72.0,4.5,2,64,128
outliers_1pct_x10,4096,64,4,1318233436,4,Q8.8,H4,4,group16,16,0.08573052574251067,0.1232371915059841,0.9926116037398756,-0.0010036494941446136,0.007763709842750544,1.4203496770381443,1.4198670068570778,0.0856456887037962,0.1236390612600424,0.0037815364191013993,0.006187890766021257,0.003824712775327646,0.0038304778227054503,32.0,8.0,40.0,80.0,5.0,2,64,128
outliers_1pct_x10,4096,64,4,1318233436,4,Q8.8,H4,4,group8,8,0.06955028292920429,0.09871704976582162,0.9951891168324095,-0.0006264816844846686,0.012054931035443188,1.419532228275659,1.419021175618617,0.06941500165487983,0.09843717823782147,0.004430600538022148,0.006868258077914487,0.004450268427122165,0.004452772601570858,32.0,16.0,48.0,96.0,6.0,2,64,128
outliers_1pct_x10,4096,64,4,1318233436,4,Q8.8,H8,8,group64,64,0.11454800257650932,0.16739428787203436,0.9866113293007528,0.0008085613515821607,0.011854991464203738,1.417533437708979,1.4184232201763622,0.11449309128865628,0.16662592683610591,0.0029511417145596077,0.006634271576631208,0.002949897922241752,0.0029683044532971084,32.0,2.0,34.0,68.0,4.25,3,96,192
outliers_1pct_x10,4096,64,4,1318233436,4,Q8.8,H8,8,group32,32,0.09760664430369123,0.15243223152345683,0.9886840535003509,0.0012652425490504572,0.024187550689865056,1.4163931069307754,1.4171555091959487,0.09754040680180971,0.15189022155554924,0.0033387965573353335,0.006377785984872589,0.003409115625879206,0.003414604094524131,32.0,4.0,36.0,72.0,4.5,3,96,192
outliers_1pct_x10,4096,64,4,1318233436,4,Q8.8,H8,8,group16,16,0.08264323981457992,0.12388522051996248,0.99269825649019,-1.3512829620515281e-05,0.014956706324725408,1.4154828482665915,1.4163186420323024,0.08256903131510858,0.12383730050271191,0.0038920188896455184,0.006601510279295674,0.003917532119551787,0.0039174058962851005,32.0,8.0,40.0,80.0,5.0,3,96,192
outliers_1pct_x10,4096,64,4,1318233436,4,Q8.8,H8,8,group8,8,0.06782919187028628,0.1010828873514208,0.9952069166164862,0.00014138823682652922,0.009033193458535952,1.414689737394234,1.4155759363300848,0.06769337267693769,0.10012141499636464,0.004494272732595362,0.007085947270452231,0.004516909404912186,0.004512242244019005,32.0,16.0,48.0,96.0,6.0,3,96,192
outliers_1pct_x10,4096,64,4,1318233436,4,Q8.8,H16,16,group64,64,0.10832179648421666,0.16223869247067127,0.9870493644263216,0.0008749458228496692,-0.004290433462462226,1.4173010647449615,1.419102454055867,0.10828000552990155,0.16212271106201728,0.003110107763691737,0.007689831393654199,0.0031091742443645153,0.0031063951202560734,32.0,2.0,34.0,68.0,4.25,4,128,256
outliers_1pct_x10,4096,64,4,1318233436,4,Q8.8,H16,16,group32,32,0.09334219637653735,0.13412103171080847,0.9912362154201936,3.7301935937979985e-05,-0.013826678390906384,1.4165161831050646,1.4181135127563764,0.09327626906310174,0.13388616791413321,0.003502368524938465,0.006244831162041964,0.0035362400765386695,0.003540989136321622,32.0,4.0,36.0,72.0,4.5,4,128,256
outliers_1pct_x10,4096,64,4,1318233436,4,Q8.8,H16,16,group16,16,0.08065691563190373,0.10744289314383784,0.9944109400321798,-0.0002900364413899141,-0.009027818306353082,1.4156829344850335,1.417326191434907,0.08051191247314186,0.10685768260709881,0.003992202779246502,0.0067545135491467526,0.004013251398654697,0.004002318672515795,32.0,8.0,40.0,80.0,5.0,4,128,256
outliers_1pct_x10,4096,64,4,1318233436,4,Q8.8,H16,16,group8,8,0.06840017540576886,0.08927320564897041,0.996306460682317,0.00015284235196908765,-0.009268113697421329,1.4150397918144657,1.416858845245096,0.06830766873597134,0.08900590013847841,0.004507532959278439,0.007720534228580171,0.004549802596967709,0.004550745632974846,32.0,16.0,48.0,96.0,6.0,4,128,256
outliers_1pct_x10,4096,64,4,1318233436,4,Q8.8,H32,32,group64,64,0.10404326771105515,0.14972200342738964,0.9889397454685981,-0.0005831249363300483,-0.0059038361150388005,1.41584824401138,1.418242024812272,0.10397519086910777,0.14894680071677407,0.003242846212687164,0.007573789050787784,0.003240541357634186,0.0032111939294512675,32.0,2.0,34.0,68.0,4.25,5,160,320
outliers_1pct_x10,4096,64,4,1318233436,4,Q8.8,H32,32,group32,32,0.09160451921211699,0.1353803429312482,0.9914105961874071,-0.0007084754943433741,-0.006106210428284593,1.414991257604461,1.417496402625054,0.09152562277188075,0.13584613933892228,0.0036384141518795133,0.007103376932900834,0.0036292820316181315,0.0036073086255220895,32.0,4.0,36.0,72.0,4.5,5,160,320
outliers_1pct_x10,4096,64,4,1318233436,4,Q8.8,H32,32,group16,16,0.08123319803124043,0.11691986646805352,0.9934660084997831,-0.0009073968227815258,-0.0049238879071487425,1.4144854478266708,1.4169041540105844,0.08112605038356843,0.11652373417438375,0.0040068403415075655,0.006274637165352838,0.004034103445307459,0.004017574357471129,32.0,8.0,40.0,80.0,5.0,5,160,320
outliers_1pct_x10,4096,64,4,1318233436,4,Q8.8,H32,32,group8,8,0.06916190230754704,0.09306230878756719,0.9958816345048416,-0.0005079604354246001,-0.0020535282435555583,1.4138766774750255,1.4163744780196552,0.06904421921357286,0.0929776650453149,0.004508024093795643,0.0063607621245226455,0.004561155677091482,0.0045562729853096725,32.0,16.0,48.0,96.0,6.0,5,160,320
outliers_1pct_x10,4096,64,4,1318233436,4,Q8.8,H64,64,group64,64,0.10258422057054317,0.14166445568975142,0.9900839311589411,-0.00012653015198407986,0.005617549591254123,1.4186300914270171,1.4189104774402006,0.10253031043704079,0.1420569313805331,0.0032794316845205233,0.00762821808176777,0.0033007138632404043,0.0033138142612663215,32.0,2.0,34.0,68.0,4.25,6,192,384
outliers_1pct_x10,4096,64,4,1318233436,4,Q8.8,H64,64,group32,32,0.09295573423269887,0.1287553967569024,0.9917134298937753,-0.00026709794889907644,0.009689774272821996,1.4180522311608585,1.4184899684675345,0.0928780113983622,0.1284112755165664,0.00356557680283152,0.006706461000451822,0.0036152904224707977,0.0036214578783650944,32.0,4.0,36.0,72.0,4.5,6,192,384
outliers_1pct_x10,4096,64,4,1318233436,4,Q8.8,H64,64,group16,16,0.08215977985735494,0.11913871665992004,0.9930333328879231,0.0005145148678478473,0.005865950118412669,1.417465351030031,1.417861511329226,0.08206486818548277,0.11839950904722837,0.004036975440281213,0.006940922743711394,0.004039473370605109,0.004030615654878184,32.0,8.0,40.0,80.0,5.0,6,192,384
outliers_1pct_x10,4096,64,4,1318233436,4,Q8.8,H64,64,group8,8,0.06974378152269949,0.10257120284193606,0.9948693880519042,0.0005260805424927641,-0.009680080489542787,1.4168309888639492,1.4170752625113934,0.06959777554087081,0.1027334783274295,0.004578027815625209,0.00647057396519669,0.004570475526496573,0.004570741498441473,32.0,16.0,48.0,96.0,6.0,6,192,384
