synthetic_distribution,context_len,head_dim,trials,seed,kv_bits,scale_format,granularity,group_size,normalized_qk_logit_rmse,attention_output_relative_rmse,attention_output_cosine,normalized_logit_bias,normalized_attention_output_bias,k_relative_rmse,v_relative_rmse,quant_only_qk_logit_rmse,quant_only_attention_output_rmse,scale_only_qk_logit_rmse,scale_only_attention_output_rmse,scale_only_k_rmse,scale_only_v_rmse,payload_bytes_per_k_or_v_token,metadata_bytes_per_k_or_v_token,total_bytes_per_k_or_v_token,kv_pair_bytes_per_token,effective_bits_per_value
gaussian,128,64,32,283307183,4,FP32,run,8192,0.15718480233014845,0.2119827307916158,0.9781306431698282,-0.0030632167546686745,-0.002689323904344342,0.1595176315230482,0.1560267028837502,0.15718480233014845,0.2119827307916158,0.0,0.0,0.0,0.0,32.0,0.03125,32.03125,64.0625,4.00390625
gaussian,128,64,32,283307183,4,FP16,run,8192,0.15717508184762635,0.21193271860597504,0.9781361358269374,-0.0030603568597052863,-0.0026861515352635396,0.15950575435457767,0.15603515473953308,0.15718480233014845,0.2119827307916158,0.00026950230625586563,0.00041943902855471384,0.00026764767037814474,0.00025108963756787785,32.0,0.015625,32.015625,64.03125,4.001953125
gaussian,128,64,32,283307183,4,Q8.8,run,8192,0.15718830347534424,0.21224139215339782,0.9781258792626355,-0.00305351353392993,-0.002656648726098897,0.15952109516730933,0.15614025002778328,0.15718480233014845,0.2119827307916158,0.002117646181405538,0.0031413852312916824,0.0021083818342080007,0.0021690510852524713,32.0,0.015625,32.015625,64.03125,4.001953125
gaussian,128,64,32,283307183,4,FP32,token64,64,0.10654364078806419,0.15279324529827598,0.9885433743151498,-0.0005538361882232514,-0.00265881067126594,0.10757247276477754,0.10770938673223483,0.10654364078806419,0.15279324529827598,0.0,0.0,0.0,0.0,32.0,4.0,36.0,72.0,4.5
gaussian,128,64,32,283307183,4,FP16,token64,64,0.10654532287923403,0.1527837173371472,0.9885436006164356,-0.0005487854528482146,-0.0026540880415329765,0.10757303806315593,0.1077106997493102,0.10654364078806419,0.15279324529827598,0.0001952921934814022,0.00035883687141025447,0.00019675676756460343,0.0001922440321733399,32.0,2.0,34.0,68.0,4.25
gaussian,128,64,32,283307183,4,Q8.8,token64,64,0.10659928868883674,0.1532211725373831,0.9884960840017911,-0.0006214965677160923,-0.0027324029242943725,0.1076225628906532,0.10776268144559073,0.10654364078806419,0.15279324529827598,0.0030747593192827216,0.006247232917740969,0.003099596314860663,0.00318148572311764,32.0,2.0,34.0,68.0,4.25
gaussian,128,64,32,283307183,4,FP32,group32,32,0.0965909236737714,0.13777083661415776,0.990904644477568,-0.0011302597014199523,-0.0025010575164778853,0.09700423496977688,0.0971991549394074,0.0965909236737714,0.13777083661415776,0.0,0.0,0.0,0.0,32.0,8.0,40.0,80.0,5.0
gaussian,128,64,32,283307183,4,FP16,group32,32,0.09658952028702157,0.13776487557393174,0.9909035450754426,-0.0011276620800420288,-0.0024960606549679527,0.09700485484284223,0.09719992021421676,0.0965909236737714,0.13777083661415776,0.0002100804925838792,0.000339687472132226,0.0002119081631059516,0.0002081635502099019,32.0,4.0,36.0,72.0,4.5
gaussian,128,64,32,283307183,4,Q8.8,group32,32,0.09666619351944924,0.13765301626013146,0.9909308329187567,-0.0012608366496720173,-0.0025774627874625487,0.09706643460772264,0.09726854759348688,0.0965909236737714,0.13777083661415776,0.003435198253254161,0.005897644013332797,0.003407502826640527,0.0034775608467595537,32.0,4.0,36.0,72.0,4.5
gaussian,128,64,32,283307183,4,FP32,group16,16,0.08513750346841313,0.11761319274852346,0.9931996041496832,-0.0005623851056538444,-0.0014264762907920064,0.08520238974811949,0.08544516238605736,0.08513750346841313,0.11761319274852346,0.0,0.0,0.0,0.0,32.0,16.0,48.0,96.0,6.0
gaussian,128,64,32,283307183,4,FP16,group16,16,0.08513730890470488,0.11760629706016515,0.9931998375108844,-0.0005576648182169403,-0.001417517837190682,0.08520277470688536,0.08544550467761115,0.08513750346841313,0.11761319274852346,0.0002147778843457253,0.00031739628030064994,0.00021377140071120431,0.00021304709108178855,32.0,8.0,40.0,80.0,5.0
gaussian,128,64,32,283307183,4,Q8.8,group16,16,0.08529781943754888,0.11748508965596809,0.9932161658379935,-0.0006414718836991868,-0.0015159257097610685,0.08529038452746499,0.08553959500828533,0.08513750346841313,0.11761319274852346,0.003940194798209667,0.005926382920731618,0.0038498342030303173,0.003881444593094735,32.0,8.0,40.0,80.0,5.0
gaussian,128,64,32,283307183,4,FP32,group8,8,0.07127076959363143,0.09941605602520885,0.9950563522214173,0.0015545496393720526,-0.0023371465537302843,0.07171235691889835,0.07181365663008671,0.07127076959363143,0.09941605602520885,0.0,0.0,0.0,0.0,32.0,32.0,64.0,128.0,8.0
gaussian,128,64,32,283307183,4,FP16,group8,8,0.07126269038904598,0.09940997064285062,0.9950571095191993,0.0015572946825215292,-0.002328832412712242,0.07171256362036718,0.07181400115692685,0.07127076959363143,0.09941605602520885,0.00020571419916367792,0.00029709178896123806,0.0002101282064936898,0.0002095341597349231,32.0,16.0,48.0,96.0,6.0
gaussian,128,64,32,283307183,4,Q8.8,group8,8,0.0714774107540308,0.09938601464775326,0.9950458197574064,0.0014803850285474464,-0.0025293423893976976,0.07184436906346985,0.07195020064312464,0.07127076959363143,0.09941605602520885,0.004493944176825345,0.006612053108534748,0.004441388976741454,0.004437501413306678,32.0,16.0,48.0,96.0,6.0
gaussian,256,64,32,2740101576,4,FP32,run,16384,0.1603586592359549,0.22399056118612062,0.9754673394405808,0.0022099681084053542,0.004167086434422471,0.15859398038431852,0.16128603118995083,0.1603586592359549,0.22399056118612062,0.0,0.0,0.0,0.0,32.0,0.015625,32.015625,64.03125,4.001953125
gaussian,256,64,32,2740101576,4,FP16,run,16384,0.16036301082963564,0.22396559686485984,0.9754688119543019,0.00221501100142131,0.004176106370004204,0.15860139121466543,0.16127763244499857,0.1603586592359549,0.22399056118612062,0.0002610470556915031,0.0004066459705801599,0.0002632418996139786,0.0002481933669685409,32.0,0.0078125,32.0078125,64.015625,4.0009765625
gaussian,256,64,32,2740101576,4,Q8.8,run,16384,0.16049413822138245,0.2242086054128023,0.9754656066059528,0.0022199805053553763,0.004144991249293685,0.15873244069808587,0.16130651584287553,0.1603586592359549,0.22399056118612062,0.002108860799551818,0.003142774956372406,0.0020837380184283434,0.0021873440884908747,32.0,0.0078125,32.0078125,64.015625,4.0009765625
gaussian,256,64,32,2740101576,4,FP32,token64,64,0.10768106408309389,0.14758181780697208,0.9890056913924152,0.001437516824945758,0.0013092776092854025,0.10730459789402855,0.1077312669325518,0.10768106408309389,0.14758181780697208,0.0,0.0,0.0,0.0,32.0,4.0,36.0,72.0,4.5
gaussian,256,64,32,2740101576,4,FP16,token64,64,0.10767969006054955,0.1476026222321965,0.9890038261546175,0.0014399322800080154,0.0013006485284215068,0.1073050162923254,0.1077313116220017,0.10768106408309389,0.14758181780697208,0.00019422963018440154,0.0004215773719503084,0.00019699444649340071,0.00019483609854779372,32.0,2.0,34.0,68.0,4.25
gaussian,256,64,32,2740101576,4,Q8.8,token64,64,0.10771913170847779,0.14771567014314513,0.9889542026056423,0.0014025100150569637,0.001586793806432553,0.10735226611051221,0.10777631298514379,0.10768106408309389,0.14758181780697208,0.0031445513753328527,0.007488024905424284,0.0031231448391021155,0.003086681669968497,32.0,2.0,34.0,68.0,4.25
gaussian,256,64,32,2740101576,4,FP32,group32,32,0.09776734189087836,0.13438317958982904,0.9907274545438565,0.0006673075943552011,0.0005158925059932643,0.0968278667233489,0.09702890115841639,0.09776734189087836,0.13438317958982904,0.0,0.0,0.0,0.0,32.0,8.0,40.0,80.0,5.0
gaussian,256,64,32,2740101576,4,FP16,group32,32,0.09776361904284825,0.13435280552231163,0.9907316358040197,0.0006661003940813858,0.000510284172176497,0.09682842381569741,0.09702856926729593,0.09776734189087836,0.13438317958982904,0.0002148692822734588,0.00040180403259388085,0.00021243814906192897,0.00021019374153931274,32.0,4.0,36.0,72.0,4.5
gaussian,256,64,32,2740101576,4,Q8.8,group32,32,0.09779544493982284,0.13434929114572344,0.9907204155883694,0.0005850994417797961,0.0006592784149718056,0.09689063727963988,0.09708563330394483,0.09776734189087836,0.13438317958982904,0.003473352757490731,0.007006816096849363,0.003455490936150315,0.003438681306365636,32.0,4.0,36.0,72.0,4.5
gaussian,256,64,32,2740101576,4,FP32,group16,16,0.0861848045050099,0.1193436468584844,0.9926314923285329,0.00011088203394357493,-0.0015053142331141222,0.08513469194824033,0.08520589854016804,0.0861848045050099,0.1193436468584844,0.0,0.0,0.0,0.0,32.0,16.0,48.0,96.0,6.0
gaussian,256,64,32,2740101576,4,FP16,group16,16,0.08618433801768544,0.11933206022796768,0.9926333863681815,0.0001049839933084058,-0.0015070564580082822,0.08513518664765102,0.0852060325290767,0.0861848045050099,0.1193436468584844,0.00021588089020449782,0.00035202740385599285,0.00021440520651164156,0.00021359802042536478,32.0,8.0,40.0,80.0,5.0
gaussian,256,64,32,2740101576,4,Q8.8,group16,16,0.0862448235265527,0.11917978286192046,0.992665364433098,7.91562478354645e-05,-0.00140906162293676,0.08522053342769534,0.08528338504442821,0.0861848045050099,0.1193436468584844,0.00388715903705051,0.006719668383542424,0.0038666637179293572,0.0038471096693353645,32.0,8.0,40.0,80.0,5.0
gaussian,256,64,32,2740101576,4,FP32,group8,8,0.07175743730478498,0.098356359507541,0.9951629839295274,-0.0009069848925223488,-0.0008640549953378592,0.07171403370758399,0.07166739873238799,0.07175743730478498,0.098356359507541,0.0,0.0,0.0,0.0,32.0,32.0,64.0,128.0,8.0
gaussian,256,64,32,2740101576,4,FP16,group8,8,0.07175659052250591,0.09834164932844698,0.9951645053170406,-0.0009106674098495489,-0.0008607764605596281,0.07171452505170864,0.07166755559780869,0.07175743730478498,0.098356359507541,0.00021341086869683845,0.0003296500316489793,0.00021068263334308285,0.00021034586303267903,32.0,16.0,48.0,96.0,6.0
gaussian,256,64,32,2740101576,4,Q8.8,group8,8,0.07191045997753488,0.09899325565469969,0.9951063885850547,-0.000959146772902545,-0.0007624048810184967,0.07185304072082926,0.07180081444921493,0.07175743730478498,0.098356359507541,0.0044257792023552935,0.006965530396322749,0.004426739542731179,0.004419259390881266,32.0,16.0,48.0,96.0,6.0
gaussian,512,64,16,1624174056,4,FP32,run,32768,0.167537272075697,0.2468810825716464,0.9706217057718792,-0.003418984616648168,0.0037119314380865236,0.16746432323701207,0.16764983335316386,0.167537272075697,0.2468810825716464,0.0,0.0,0.0,0.0,32.0,0.0078125,32.0078125,64.015625,4.0009765625
gaussian,512,64,16,1624174056,4,FP16,run,32768,0.167530616988845,0.24686831058199005,0.970623255323886,-0.003417984944482979,0.003707772792932902,0.16745714563259903,0.16763627811100118,0.167537272075697,0.2468810825716464,0.0002260161736846663,0.0003972036217173654,0.00023007967024427892,0.0002655205245065252,32.0,0.00390625,32.00390625,64.0078125,4.00048828125
gaussian,512,64,16,1624174056,4,Q8.8,run,32768,0.16754166441633525,0.24716203526499544,0.9705771476032878,-0.003446615699755587,0.003568532218895815,0.16749762978006072,0.167746317439235,0.167537272075697,0.2468810825716464,0.0023374802914638425,0.002812308384572966,0.002346066008674937,0.0020377187605395007,32.0,0.00390625,32.00390625,64.0078125,4.00048828125
gaussian,512,64,16,1624174056,4,FP32,token64,64,0.10712524781404431,0.14975392457556336,0.9889697023015322,5.644075125643813e-05,0.005538365490578403,0.10750467859694442,0.10776128347946344,0.10712524781404431,0.14975392457556336,0.0,0.0,0.0,0.0,32.0,4.0,36.0,72.0,4.5
gaussian,512,64,16,1624174056,4,FP16,token64,64,0.10712680732644993,0.14978089473314463,0.9889657755930292,5.338113083453043e-05,0.005529459605532431,0.10750499956528993,0.10776111937871637,0.10712524781404431,0.14975392457556336,0.00019634603536375597,0.0004271267384331535,0.00019756602015095015,0.00019416161117367437,32.0,2.0,34.0,68.0,4.25
gaussian,512,64,16,1624174056,4,Q8.8,token64,64,0.1072014642652279,0.15052313431560949,0.9888518852887825,8.21187565145554e-05,0.005759338428736098,0.10754382179888893,0.10780838019855488,0.10712524781404431,0.14975392457556336,0.003094779571626709,0.006638214969623516,0.003087666234699432,0.003072543393001907,32.0,2.0,34.0,68.0,4.25
gaussian,512,64,16,1624174056,4,FP32,group32,32,0.0973686986899476,0.1378488640870602,0.9905151166440194,-0.00210837514499192,0.007616342338801398,0.09695512946632147,0.09705726117463265,0.0973686986899476,0.1378488640870602,0.0,0.0,0.0,0.0,32.0,8.0,40.0,80.0,5.0
gaussian,512,64,16,1624174056,4,FP16,group32,32,0.09737190079820349,0.13783889673357025,0.9905152200535967,-0.002110539508552007,0.0076196577605820845,0.09695508283176872,0.09705749047679835,0.0973686986899476,0.1378488640870602,0.000209078172277016,0.00039899089622120386,0.000212189008668086,0.00020928340163993883,32.0,4.0,36.0,72.0,4.5
gaussian,512,64,16,1624174056,4,Q8.8,group32,32,0.09742851406459763,0.1379100119486851,0.9904864295388944,-0.002101034544693854,0.007895170058274543,0.09700892931420661,0.09711903318346579,0.0973686986899476,0.1378488640870602,0.003479534071854417,0.006719313176878033,0.0034389064012150007,0.003401347863047671,32.0,4.0,36.0,72.0,4.5
gaussian,512,64,16,1624174056,4,FP32,group16,16,0.0855233759041059,0.11600234649924576,0.9933464217713277,-0.0011979166779755286,0.006240245280328941,0.085203685265215,0.08517660229318674,0.0855233759041059,0.11600234649924576,0.0,0.0,0.0,0.0,32.0,16.0,48.0,96.0,6.0
gaussian,512,64,16,1624174056,4,FP16,group16,16,0.08552366116411335,0.11599255363481635,0.9933474327897117,-0.0011986815615648723,0.006234400220048081,0.08520364223254316,0.08517666362774831,0.0855233759041059,0.11600234649924576,0.0002144031684716312,0.00035835055366437033,0.0002138866980080695,0.0002127759711799454,32.0,8.0,40.0,80.0,5.0
gaussian,512,64,16,1624174056,4,Q8.8,group16,16,0.08559869455394946,0.11628720030629694,0.9932947970945878,-0.0012111894136901523,0.006405656231463453,0.0852878398897282,0.08526592736794436,0.0855233759041059,0.11600234649924576,0.003836772140819071,0.006604137460783452,0.0038629241914945518,0.003853732070717714,32.0,8.0,40.0,80.0,5.0
gaussian,512,64,16,1624174056,4,FP32,group8,8,0.07166219402561447,0.10108555087600452,0.9949099863729397,-0.00037254956544165917,-0.0008304009799025294,0.07174139202136094,0.0717224167643219,0.07166219402561447,0.10108555087600452,0.0,0.0,0.0,0.0,32.0,32.0,64.0,128.0,8.0
gaussian,512,64,16,1624174056,4,FP16,group8,8,0.07166450524122808,0.10108278520945782,0.9949098486117016,-0.0003739553858771463,-0.0008372379832654146,0.07174159989522198,0.07172257245317562,0.07166219402561447,0.10108555087600452,0.00021082910002326582,0.00032889554693627963,0.000210406536914277,0.0002096344635134401,32.0,16.0,48.0,96.0,6.0
gaussian,512,64,16,1624174056,4,Q8.8,group8,8,0.07180919199289611,0.1011100211393037,0.9948967671837334,-0.00036720469453709894,-0.0006396223467031743,0.0718696637510171,0.07186294590879795,0.07166219402561447,0.10108555087600452,0.004373105769270103,0.006963524317155837,0.004441843357734879,0.004423197565686517,32.0,16.0,48.0,96.0,6.0
gaussian,1024,64,8,672687743,4,FP32,run,65536,0.16660419892054792,0.24308268074170256,0.971217807143292,0.0026472720260754716,0.006610531271534721,0.16808536361505888,0.17203053139152144,0.16660419892054792,0.24308268074170256,0.0,0.0,0.0,0.0,32.0,0.00390625,32.00390625,64.0078125,4.00048828125
gaussian,1024,64,8,672687743,4,FP16,run,65536,0.16662407503926854,0.24316676980025773,0.9712131743946502,0.0026435525064627957,0.006645647049612557,0.16810685625483412,0.17204668960579722,0.16660419892054792,0.24308268074170256,0.00025368462538762586,0.00045314449834255125,0.0002537584991954551,0.00021521668797413294,32.0,0.001953125,32.001953125,64.00390625,4.000244140625
gaussian,1024,64,8,672687743,4,Q8.8,run,65536,0.16682517536622457,0.2436003731408225,0.9711995434830482,0.0026238846884589755,0.006805255588273463,0.16833111276733823,0.17219450641763875,0.16660419892054792,0.24308268074170256,0.0022047809812954368,0.0037859233454967316,0.002189781074304195,0.0018664108790359907,32.0,0.001953125,32.001953125,64.00390625,4.000244140625
gaussian,1024,64,8,672687743,4,FP32,token64,64,0.10794563362985288,0.15936286855396664,0.9875854736182887,-0.0003556027196072044,-0.005343745524138701,0.10747439326073745,0.10732272944941942,0.10794563362985288,0.15936286855396664,0.0,0.0,0.0,0.0,32.0,4.0,36.0,72.0,4.5
gaussian,1024,64,8,672687743,4,FP16,token64,64,0.10794142334521034,0.15937702144913546,0.9875843843923524,-0.0003553050557565684,-0.0053454682486221115,0.10747499489642055,0.10732311260776436,0.10794563362985288,0.15936286855396664,0.00019698711977659275,0.0004472677951823941,0.00019563486780009034,0.0001971153593870473,32.0,2.0,34.0,68.0,4.25
gaussian,1024,64,8,672687743,4,Q8.8,token64,64,0.10801685854046277,0.15931498360189664,0.9876121647096868,-0.00034262646921488766,-0.005571220737666468,0.10752576464886764,0.10736995389741402,0.10794563362985288,0.15936286855396664,0.003086718354724231,0.006616389496755949,0.0030969744925712743,0.0031102841574501606,32.0,2.0,34.0,68.0,4.25
gaussian,1024,64,8,672687743,4,FP32,group32,32,0.09815356403652975,0.1421596100839011,0.9901290585809355,0.0004073805410034662,-0.004854810817975882,0.09697353924585783,0.09676136000560487,0.09815356403652975,0.1421596100839011,0.0,0.0,0.0,0.0,32.0,8.0,40.0,80.0,5.0
gaussian,1024,64,8,672687743,4,FP16,group32,32,0.0981489148487727,0.14216034808905456,0.9901278867766861,0.00040654660997256316,-0.004859140020520532,0.09697384705643435,0.09676133594699513,0.09815356403652975,0.1421596100839011,0.0002122069919412043,0.0004082422438373915,0.00021006741206080462,0.00021218625752425537,32.0,4.0,36.0,72.0,4.5
gaussian,1024,64,8,672687743,4,Q8.8,group32,32,0.09818092055320442,0.1421811634987635,0.9901143411658564,0.0004406489944006908,-0.004360903865437592,0.09703439491312975,0.09682159377329742,0.09815356403652975,0.1421596100839011,0.003402062454978499,0.0059345422254177705,0.003415228483680003,0.003445255726484639,32.0,4.0,36.0,72.0,4.5
gaussian,1024,64,8,672687743,4,FP32,group16,16,0.08692901818781308,0.11783389443439851,0.9928480849701327,0.00046226061035840464,-0.004957262492326027,0.08518145927650987,0.08498388968156412,0.08692901818781308,0.11783389443439851,0.0,0.0,0.0,0.0,32.0,16.0,48.0,96.0,6.0
gaussian,1024,64,8,672687743,4,FP16,group16,16,0.08692599737458143,0.11784792333760022,0.9928461676368849,0.00046267107963659805,-0.0049600872368915925,0.08518195249162233,0.08498429878889868,0.08692901818781308,0.11783389443439851,0.00021592551627444526,0.0003410256577802418,0.0002138711959061878,0.00021472592015466888,32.0,8.0,40.0,80.0,5.0
gaussian,1024,64,8,672687743,4,Q8.8,group16,16,0.08694470780107026,0.11833712106570381,0.9927854557130025,0.0004994240390437186,-0.004431640962642039,0.08527670626890096,0.0850738326772262,0.08692901818781308,0.11783389443439851,0.003863889792026962,0.006242228826987229,0.0038443608121008616,0.0038713590458232493,32.0,8.0,40.0,80.0,5.0
gaussian,1024,64,8,672687743,4,FP32,group8,8,0.07357411992901415,0.09860891845963093,0.9950962734520241,-0.00063946313835113,-0.0022095670876348577,0.07180919674639905,0.07158759407361501,0.07357411992901415,0.09860891845963093,0.0,0.0,0.0,0.0,32.0,32.0,64.0,128.0,8.0
gaussian,1024,64,8,672687743,4,FP16,group8,8,0.07357254599504252,0.09864491097312884,0.9950928777359414,-0.0006392643126105187,-0.002208429141292923,0.0718097162122738,0.07158837717457019,0.07357411992901415,0.09860891845963093,0.00021048009801369683,0.0003168781659005549,0.00021019216564040354,0.00021116311649234281,32.0,16.0,48.0,96.0,6.0
gaussian,1024,64,8,672687743,4,Q8.8,group8,8,0.0736691869253222,0.09918691192881153,0.9950346910563626,-0.0006710412701940485,-0.0018483290553838931,0.07194094203236881,0.07173106351668757,0.07357411992901415,0.09860891845963093,0.004439283042830737,0.006905553356507436,0.00440777222889315,0.004435195177477553,32.0,16.0,48.0,96.0,6.0
gaussian,2048,64,4,2949969645,4,FP32,run,131072,0.17689547962516736,0.22036443972530484,0.9754898828968607,-9.879245237285765e-05,-0.010736745646075012,0.1755164196450741,0.17422266428407873,0.17689547962516736,0.22036443972530484,0.0,0.0,0.0,0.0,32.0,0.001953125,32.001953125,64.00390625,4.000244140625
gaussian,2048,64,4,2949969645,4,FP16,run,131072,0.176898423075384,0.2203855349684436,0.9754882665890728,-9.812829407595148e-05,-0.010747209681415633,0.17552100885090874,0.17421779638036586,0.17689547962516736,0.22036443972530484,0.00019199609135032837,0.00027135630935859267,0.0001941724830783735,0.00015730142319355487,32.0,0.0009765625,32.0009765625,64.001953125,4.0001220703125
gaussian,2048,64,4,2949969645,4,Q8.8,run,131072,0.17714321306669767,0.22068618790724576,0.9754598544708635,-8.667329053320866e-05,-0.01076044022671301,0.17576199504149234,0.1744052923390457,0.17689547962516736,0.22036443972530484,0.0022947792066875593,0.0036736498354649158,0.002293699359358578,0.001595419190141021,32.0,0.0009765625,32.0009765625,64.001953125,4.0001220703125
gaussian,2048,64,4,2949969645,4,FP32,token64,64,0.10717268412099391,0.13848883280089466,0.9908576900895327,0.0018903024787040505,0.010249737261809227,0.10749726096652061,0.10727681210613746,0.10717268412099391,0.13848883280089466,0.0,0.0,0.0,0.0,32.0,4.0,36.0,72.0,4.5
gaussian,2048,64,4,2949969645,4,FP16,token64,64,0.10717071175419583,0.13848289892416485,0.9908614857051503,0.0018904642105739354,0.010247868581062254,0.10749752376508909,0.1072774639963846,0.10717268412099391,0.13848883280089466,0.00019810187754304879,0.00045456103501520994,0.00019626723866158425,0.00019573248314593166,32.0,2.0,34.0,68.0,4.25
gaussian,2048,64,4,2949969645,4,Q8.8,token64,64,0.10718448325815157,0.13813112863970373,0.990880570523197,0.0018768248212005167,0.010662302639242576,0.10754190623911056,0.10732220867445073,0.10717268412099391,0.13848883280089466,0.0031057967452003264,0.006271087400212064,0.0031357647001548795,0.003113902677724463,32.0,2.0,34.0,68.0,4.25
gaussian,2048,64,4,2949969645,4,FP32,group32,32,0.09670079499097389,0.11935050315982364,0.9934562328395271,0.00044821313907337276,0.01772819257429627,0.09695935889162201,0.0968153758152889,0.09670079499097389,0.11935050315982364,0.0,0.0,0.0,0.0,32.0,8.0,40.0,80.0,5.0
gaussian,2048,64,4,2949969645,4,FP16,group32,32,0.09669879037519939,0.11931354801339543,0.9934605390740912,0.0004460416192617316,0.01773239792912931,0.09695984980294939,0.09681605202943808,0.09670079499097389,0.11935050315982364,0.00021203212966361797,0.0003726451081372162,0.00021125054175602075,0.00021191602657287325,32.0,4.0,36.0,72.0,4.5
gaussian,2048,64,4,2949969645,4,Q8.8,group32,32,0.09677225309205158,0.11950027610246472,0.993449320306169,0.00043752401894014856,0.017644863694319248,0.09702302404549581,0.09687834328643226,0.09670079499097389,0.11935050315982364,0.0034664251476122575,0.005909668961275452,0.0034409645712487865,0.0034410941108982346,32.0,4.0,36.0,72.0,4.5
gaussian,2048,64,4,2949969645,4,FP32,group16,16,0.08605462223679426,0.11580628023224032,0.9938874823606758,-0.0007855249092417693,0.007068699866016414,0.0851291198502886,0.08505278908554177,0.08605462223679426,0.11580628023224032,0.0,0.0,0.0,0.0,32.0,16.0,48.0,96.0,6.0
gaussian,2048,64,4,2949969645,4,FP16,group16,16,0.08605616600006993,0.11581601920988932,0.9938864444753273,-0.0007865764747150214,0.007086179916433615,0.08512948492543192,0.0850532088674848,0.08605462223679426,0.11580628023224032,0.00021438453403866548,0.00032636518502420246,0.00021434440389916934,0.00021459646541720275,32.0,8.0,40.0,80.0,5.0
gaussian,2048,64,4,2949969645,4,Q8.8,group16,16,0.08610854008883992,0.11655220570481836,0.9938088024526879,-0.000761234008468484,0.007003135384169834,0.08522099754757058,0.08514554160444207,0.08605462223679426,0.11580628023224032,0.003891101506397902,0.005633961863527141,0.0038702952396144144,0.0038533490496233916,32.0,8.0,40.0,80.0,5.0
gaussian,2048,64,4,2949969645,4,FP32,group8,8,0.0720920965252654,0.09537059651105645,0.9955790760351636,0.00011037564297601149,0.004858334928955391,0.07169431215132371,0.07162370920498533,0.0720920965252654,0.09537059651105645,0.0,0.0,0.0,0.0,32.0,32.0,64.0,128.0,8.0
gaussian,2048,64,4,2949969645,4,FP16,group8,8,0.072091115177575,0.09538855834555747,0.9955782574438493,0.0001120208877943163,0.0048718123690950745,0.07169482583637077,0.07162424878298564,0.0720920965252654,0.09537059651105645,0.00021183839986353437,0.0003260500002037715,0.00021061113524388467,0.0002106048614236423,32.0,16.0,48.0,96.0,6.0
gaussian,2048,64,4,2949969645,4,Q8.8,group8,8,0.07225596053752607,0.0953133885568845,0.9955705763651256,2.662925071335108e-05,0.0041475567259219364,0.07182969888863269,0.07175819359525702,0.0720920965252654,0.09537059651105645,0.004479005862911226,0.0063455572604432554,0.004435430486795342,0.004408580547371044,32.0,16.0,48.0,96.0,6.0
gaussian,4096,64,4,2313326171,4,FP32,run,262144,0.18655290105099936,0.28923186300125636,0.9603862559077732,-0.001202487102387498,0.0029251195419113356,0.1875882457763005,0.1842776199534584,0.18655290105099936,0.28923186300125636,0.0,0.0,0.0,0.0,32.0,0.0009765625,32.0009765625,64.001953125,4.0001220703125
gaussian,4096,64,4,2313326171,4,FP16,run,262144,0.18658332558737067,0.2893151720725946,0.9603685067773025,-0.0012039437318329103,0.0029038935506219494,0.18761963827785028,0.18426056324788637,0.18655290105099936,0.28923186300125636,0.00023578425764738835,0.00038417061360932197,0.00023390658169197758,0.0001910406666505585,32.0,0.00048828125,32.00048828125,64.0009765625,4.00006103515625
gaussian,4096,64,4,2313326171,4,Q8.8,run,262144,0.18664085304629155,0.2891482350663654,0.9604392446614242,-0.0011936656953606885,0.0030484543505617926,0.18769136818996485,0.18420763163470222,0.18655290105099936,0.28923186300125636,0.0020249530890997475,0.0020265116682464976,0.002007150962668101,0.001592575952057712,32.0,0.00048828125,32.00048828125,64.0009765625,4.00006103515625
gaussian,4096,64,4,2313326171,4,FP32,token64,64,0.10621159066586007,0.16856523091221723,0.9858516152301402,-0.0007806690810129288,0.010908901446505989,0.10782241094285971,0.10779801773118479,0.10621159066586007,0.16856523091221723,0.0,0.0,0.0,0.0,32.0,4.0,36.0,72.0,4.5
gaussian,4096,64,4,2313326171,4,FP16,token64,64,0.10621183027973748,0.16861939360416253,0.9858444917586535,-0.0007788658614823705,0.010935897340119944,0.10782256226927248,0.10779786134160863,0.10621159066586007,0.16856523091221723,0.00019546551503858104,0.0005356883205662857,0.0001956866138219036,0.00019625916207087398,32.0,2.0,34.0,68.0,4.25
gaussian,4096,64,4,2313326171,4,Q8.8,token64,64,0.10625877229957026,0.1689159980060205,0.9857855873040298,-0.0007499845701057021,0.01042127141552327,0.10786357902557472,0.10784232349018297,0.10621159066586007,0.16856523091221723,0.003090783485372249,0.008030785665571437,0.003095611691051296,0.00309234766081817,32.0,2.0,34.0,68.0,4.25
gaussian,4096,64,4,2313326171,4,FP32,group32,32,0.0975302958894022,0.14704024905194285,0.9893182351865363,3.61012036069032e-05,-0.001961015997386609,0.09718093615473163,0.09709674519404644,0.0975302958894022,0.14704024905194285,0.0,0.0,0.0,0.0,32.0,8.0,40.0,80.0,5.0
gaussian,4096,64,4,2313326171,4,FP16,group32,32,0.097529911554653,0.1470742525000119,0.9893135521375361,3.34522110934369e-05,-0.0019262578200340322,0.09718063956287437,0.09709659645794995,0.0975302958894022,0.14704024905194285,0.00021127660876429292,0.00045150119369072913,0.00021075288054443457,0.00021172894085340382,32.0,4.0,36.0,72.0,4.5
gaussian,4096,64,4,2313326171,4,Q8.8,group32,32,0.09756959861300121,0.14749252173601435,0.9892430843298132,3.635487270962924e-05,-0.001673973789895908,0.09724205721255803,0.09715265651601981,0.0975302958894022,0.14704024905194285,0.003415898833437598,0.006698286421407169,0.003427577947692004,0.0034383529586280103,32.0,4.0,36.0,72.0,4.5
gaussian,4096,64,4,2313326171,4,FP32,group16,16,0.08474081443619272,0.12986263494519618,0.9916988755702314,0.00023622379890945297,0.0035724060995919616,0.0853540370713977,0.08523061699177961,0.08474081443619272,0.12986263494519618,0.0,0.0,0.0,0.0,32.0,16.0,48.0,96.0,6.0
gaussian,4096,64,4,2313326171,4,FP16,group16,16,0.08474024060351092,0.12986997508629575,0.9916985892333667,0.0002338574898475049,0.0036002252784572523,0.08535400799304182,0.08523074270754509,0.08474081443619272,0.12986263494519618,0.00021244234736194663,0.0004439743510585512,0.00021361119114297257,0.00021404264979650687,32.0,8.0,40.0,80.0,5.0
gaussian,4096,64,4,2313326171,4,Q8.8,group16,16,0.08477167060154919,0.13043307738848056,0.991608963330073,0.0002085417581073414,0.0038719690207295533,0.08544347705472419,0.0853147757638056,0.08474081443619272,0.12986263494519618,0.0038436648996189185,0.0067969565651653996,0.003855739779933243,0.003859978349027501,32.0,8.0,40.0,80.0,5.0
gaussian,4096,64,4,2313326171,4,FP32,group8,8,0.07187975130180457,0.11008979145917595,0.9940786465610117,0.0002739429279621659,0.0011061714573616017,0.07186045199549537,0.07176266179284087,0.07187975130180457,0.11008979145917595,0.0,0.0,0.0,0.0,32.0,32.0,64.0,128.0,8.0
gaussian,4096,64,4,2313326171,4,FP16,group8,8,0.07187873173233739,0.11010048310253068,0.9940781708172008,0.000273578308430986,0.001097732531227225,0.07186061971429732,0.07176304474202648,0.07187975130180457,0.11008979145917595,0.00020950462659380224,0.0003764447138795356,0.0002106233011819248,0.0002106088813081857,32.0,16.0,48.0,96.0,6.0
gaussian,4096,64,4,2313326171,4,Q8.8,group8,8,0.07197626460797087,0.11003793994323004,0.9940752436700442,0.00027325193615345333,0.0013957109259065154,0.0719951938775816,0.07189621862763008,0.07187975130180457,0.11008979145917595,0.004385532570110507,0.007032242384967914,0.00442903658967389,0.00443436541467597,32.0,16.0,48.0,96.0,6.0
laplace,128,64,32,4068743483,4,FP32,run,8192,0.21988506794052123,0.3109602849255361,0.9550484469272447,0.0100234277277343,-0.010065275375702938,0.21800951147878422,0.22638765153823112,0.21988506794052123,0.3109602849255361,0.0,0.0,0.0,0.0,32.0,0.03125,32.03125,64.0625,4.00390625
laplace,128,64,32,4068743483,4,FP16,run,8192,0.2198805733299881,0.31095624033313674,0.9550522965266224,0.010017943866934192,-0.010074276642654098,0.21800766902615765,0.22639225070730498,0.21988506794052123,0.3109602849255361,0.00020139851264632224,0.0002920901792531298,0.00020513679467560602,0.00017501515102441212,32.0,0.015625,32.015625,64.03125,4.001953125
laplace,128,64,32,4068743483,4,Q8.8,run,8192,0.21986276797935397,0.31105943982687495,0.9550388108960427,0.010023539975282944,-0.00995226585778333,0.2179974715131294,0.2263560813259398,0.21988506794052123,0.3109602849255361,0.0015934191215809163,0.0026903940439131787,0.001588454304659727,0.0015435881356384894,32.0,0.015625,32.015625,64.03125,4.001953125
laplace,128,64,32,4068743483,4,FP32,token64,64,0.14028356313658663,0.17836929453397898,0.9840336746766098,-0.0031710693560062187,0.005472730173908888,0.1390018330374654,0.13880157727756837,0.14028356313658663,0.17836929453397898,0.0,0.0,0.0,0.0,32.0,4.0,36.0,72.0,4.5
laplace,128,64,32,4068743483,4,FP16,token64,64,0.14027970943186574,0.17833180145806518,0.9840392233966551,-0.003173280859749651,0.005462919497212074,0.139002076528743,0.13880225760189596,0.14028356313658663,0.17836929453397898,0.00020078932576735105,0.0004476226501348724,0.00020203367488464059,0.00020084047207659752,32.0,2.0,34.0,68.0,4.25
laplace,128,64,32,4068743483,4,Q8.8,token64,64,0.1402543394652093,0.17828744411039724,0.9840265417306924,-0.0031594121326504274,0.005407571722860557,0.13900882697686148,0.13881661343623072,0.14028356313658663,0.17836929453397898,0.0024780890494579197,0.004908370737356304,0.002451740653303495,0.0024674648692483802,32.0,2.0,34.0,68.0,4.25
laplace,128,64,32,4068743483,4,FP32,group32,32,0.12050586350800309,0.15606338683610615,0.9874819360159837,-0.0017328673534278947,-0.0011875494971187693,0.11975219521954286,0.11967244660430428,0.12050586350800309,0.15606338683610615,0.0,0.0,0.0,0.0,32.0,8.0,40.0,80.0,5.0
laplace,128,64,32,4068743483,4,FP16,group32,32,0.12050451650655478,0.15607763683226827,0.9874797079946435,-0.0017334362213952525,-0.0012061456592448207,0.11975233958550713,0.11967265599573113,0.12050586350800309,0.15606338683610615,0.00020800433556115308,0.0003596449961274922,0.00020459606537209302,0.00020252475683420174,32.0,4.0,36.0,72.0,4.5
laplace,128,64,32,4068743483,4,Q8.8,group32,32,0.12038826819638275,0.1560154118917811,0.9875074788834336,-0.0017114213500140424,-0.00116772280103407,0.11977661986182142,0.11970012700876112,0.12050586350800309,0.15606338683610615,0.0029261595616386655,0.0049302042459759676,0.0028833176481745095,0.0028600292606157803,32.0,4.0,36.0,72.0,4.5
laplace,128,64,32,4068743483,4,FP32,group16,16,0.10287853209713194,0.13202147116945478,0.9910721324437873,-0.0022504105245777033,-0.0002746498211411306,0.10049988735978208,0.10028917402257471,0.10287853209713194,0.13202147116945478,0.0,0.0,0.0,0.0,32.0,16.0,48.0,96.0,6.0
laplace,128,64,32,4068743483,4,FP16,group16,16,0.10287910464418631,0.13203125426449036,0.9910701027234892,-0.0022452447227004706,-0.00028963637075062683,0.10050016060339138,0.10028911033318628,0.10287853209713194,0.13202147116945478,0.00020682412934036872,0.00033968304362562586,0.00020719805273653505,0.00020722973190820913,32.0,8.0,40.0,80.0,5.0
laplace,128,64,32,4068743483,4,Q8.8,group16,16,0.10291200366944014,0.13227786590334595,0.991037645014092,-0.0022487492746873076,-0.0001976272854425953,0.10055627000578478,0.10034389004662284,0.10287853209713194,0.13202147116945478,0.0034206863290020054,0.005702444451052861,0.0033857148593623098,0.0033801734485475682,32.0,8.0,40.0,80.0,5.0
laplace,128,64,32,4068743483,4,FP32,group8,8,0.08154435554589258,0.10628311325024886,0.9942759176941105,-0.0010857606563685334,-0.0015369257434378239,0.0805236955400448,0.08045550063892253,0.08154435554589258,0.10628311325024886,0.0,0.0,0.0,0.0,32.0,32.0,64.0,128.0,8.0
laplace,128,64,32,4068743483,4,FP16,group8,8,0.08154128615897814,0.106281866862961,0.9942752954049693,-0.0010818049881241814,-0.0015395217128460106,0.08052404805070286,0.08045584448253507,0.08154435554589258,0.10628311325024886,0.0002108575871671923,0.0003190027509895159,0.00020759708514551402,0.00020780997553685392,32.0,16.0,48.0,96.0,6.0
laplace,128,64,32,4068743483,4,Q8.8,group8,8,0.08152964582047603,0.10613395892003823,0.994276633458916,-0.001054073106773701,-0.0014407890494941042,0.0806319006848325,0.08055312400495716,0.08154435554589258,0.10628311325024886,0.0041272516376687565,0.006068530481378973,0.004038751692166327,0.004055773306254756,32.0,16.0,48.0,96.0,6.0
laplace,256,64,32,2713640311,4,FP32,run,16384,0.22744211104554404,0.32833303572032224,0.9487456655131976,-0.0030939743303761277,0.0009588541186510704,0.23032351482796246,0.233075605581844,0.22744211104554404,0.32833303572032224,0.0,0.0,0.0,0.0,32.0,0.015625,32.015625,64.03125,4.001953125
laplace,256,64,32,2713640311,4,FP16,run,16384,0.22744010826832048,0.3283308084451839,0.9487493825407001,-0.003091681230442393,0.0009591302895797733,0.2303188678701714,0.23308900573659352,0.22744211104554404,0.32833303572032224,0.00018195782538531343,0.00034144462700783795,0.0001812726150648618,0.00018194804192381438,32.0,0.0078125,32.0078125,64.015625,4.0009765625
laplace,256,64,32,2713640311,4,Q8.8,run,16384,0.22751399470847689,0.328554257718499,0.9487383776370997,-0.0030823823317754377,0.0008975377069074227,0.2304061716714393,0.23316206840911252,0.22744211104554404,0.32833303572032224,0.0010240430119134137,0.0023490010833979043,0.00102592925305529,0.0015137664140783048,32.0,0.0078125,32.0078125,64.015625,4.0009765625
laplace,256,64,32,2713640311,4,FP32,token64,64,0.13777100772382675,0.19326104521487394,0.9808366236627175,0.002258619914953135,-0.00066085483503028,0.1389241034846023,0.13875379967570403,0.13777100772382675,0.19326104521487394,0.0,0.0,0.0,0.0,32.0,4.0,36.0,72.0,4.5
laplace,256,64,32,2713640311,4,FP16,token64,64,0.1377694155134121,0.19330437720216298,0.9808301969932598,0.0022559018107486907,-0.0006638577227951132,0.13892440966749975,0.13875383190530052,0.13777100772382675,0.19326104521487394,0.00020125421170338713,0.000440448887455526,0.0002007723526138026,0.0002003149026783843,32.0,2.0,34.0,68.0,4.25
laplace,256,64,32,2713640311,4,Q8.8,token64,64,0.13780588564294338,0.19351138897796732,0.9808280442926756,0.0022952342515309516,-0.0005463327895390825,0.1389494793486957,0.13877522554784513,0.13777100772382675,0.19326104521487394,0.0024536763557485826,0.005511906365702639,0.0024622135072933857,0.0024576297822104204,32.0,2.0,34.0,68.0,4.25
laplace,256,64,32,2713640311,4,FP32,group32,32,0.119196700347257,0.17670853912551,0.9851119011613244,0.0010241737243493559,-0.0003325599888523993,0.11989177963862523,0.11982443810874868,0.119196700347257,0.17670853912551,0.0,0.0,0.0,0.0,32.0,8.0,40.0,80.0,5.0
laplace,256,64,32,2713640311,4,FP16,group32,32,0.11919368180744137,0.1767908139269786,0.985106504671049,0.0010188387975587066,-0.00033745655324549995,0.11989181285913864,0.11982446762812783,0.119196700347257,0.17670853912551,0.00020212924093782061,0.00042157593212735993,0.00020324433027581204,0.00020242060479307863,32.0,4.0,36.0,72.0,4.5
laplace,256,64,32,2713640311,4,Q8.8,group32,32,0.11923712174749818,0.17722381224186468,0.9851071074591606,0.0009978620304064367,-0.00030795791001361707,0.11992905990515262,0.11985675217904095,0.119196700347257,0.17670853912551,0.0028295570480231813,0.005629785386485516,0.002855832158971137,0.0028576747666286795,32.0,4.0,36.0,72.0,4.5
laplace,256,64,32,2713640311,4,FP32,group16,16,0.09949033427324322,0.1414470573778047,0.9900333846169729,1.4258221748482411e-05,0.002496196235111586,0.10049101570755162,0.10057030427357537,0.09949033427324322,0.1414470573778047,0.0,0.0,0.0,0.0,32.0,16.0,48.0,96.0,6.0
laplace,256,64,32,2713640311,4,FP16,group16,16,0.09948737702633263,0.1415189088372242,0.9900287800310863,8.254750105294436e-06,0.0024896639854057935,0.10049116547127576,0.10057045112956449,0.09949033427324322,0.1414470573778047,0.00020736442366415584,0.0004137882818274612,0.00020678656313680748,0.00020693744312267376,32.0,8.0,40.0,80.0,5.0
laplace,256,64,32,2713640311,4,Q8.8,group16,16,0.09948756434423689,0.14163764237667464,0.9900180043850735,1.4062782829496475e-05,0.0025395112862441572,0.10055346812392597,0.10062514884250068,0.09949033427324322,0.1414470573778047,0.0033433170755258284,0.005545514078270254,0.0033810222417297022,0.003348810247234626,32.0,8.0,40.0,80.0,5.0
laplace,256,64,32,2713640311,4,FP32,group8,8,0.08008100373635525,0.11386971431249295,0.993440699986285,-0.00018181215467342218,0.002001402118983469,0.08053971905646799,0.0806884776062783,0.08008100373635525,0.11386971431249295,0.0,0.0,0.0,0.0,32.0,32.0,64.0,128.0,8.0
laplace,256,64,32,2713640311,4,FP16,group8,8,0.08007373729704925,0.11391920048310396,0.9934375962250652,-0.00018631540458425195,0.001990551415516892,0.08053965042463701,0.08068859134089373,0.08008100373635525,0.11386971431249295,0.00020615761258910675,0.0003959827645703547,0.0002072704215003269,0.00020731969023688934,32.0,16.0,48.0,96.0,6.0
laplace,256,64,32,2713640311,4,Q8.8,group8,8,0.08016335915257136,0.11410657841360614,0.9934055595143194,-0.0001685830259463028,0.00199746279339337,0.08064518134561037,0.08078914950831774,0.08008100373635525,0.11386971431249295,0.0040527500236446305,0.0059347266691868236,0.004062520102002439,0.00403694927191778,32.0,16.0,48.0,96.0,6.0
laplace,512,64,16,262271521,4,FP32,run,32768,0.24271219262809687,0.3235040760555421,0.9504198694725638,-0.0046547869897930515,0.002811509887832032,0.2418245050751641,0.2335953070425564,0.24271219262809687,0.3235040760555421,0.0,0.0,0.0,0.0,32.0,0.0078125,32.0078125,64.015625,4.0009765625
laplace,512,64,16,262271521,4,FP16,run,32768,0.2427227134466847,0.3235324209409717,0.9504161554970871,-0.004657738645661947,0.002809078496525939,0.2418338095549598,0.23359289406124223,0.24271219262809687,0.3235040760555421,0.00016996980025938243,0.00022469812413013102,0.00017060311353307323,0.00013577070640289943,32.0,0.00390625,32.00390625,64.0078125,4.00048828125
laplace,512,64,16,262271521,4,Q8.8,run,32768,0.24266659812673133,0.323631246816815,0.950403033809198,-0.004676695363606487,0.0028219974598689508,0.24180548694278586,0.23358102694717414,0.24271219262809687,0.3235040760555421,0.0013589594330207118,0.002275015657337864,0.001353454203430751,0.0013427846141143725,32.0,0.00390625,32.00390625,64.0078125,4.00048828125
laplace,512,64,16,262271521,4,FP32,token64,64,0.1376670443286965,0.19755502488887305,0.9812762654901788,-0.0005102559827038354,0.0032014617326819664,0.13846870767888803,0.13855829138039671,0.1376670443286965,0.19755502488887305,0.0,0.0,0.0,0.0,32.0,4.0,36.0,72.0,4.5
laplace,512,64,16,262271521,4,FP16,token64,64,0.1376692395303203,0.19754643377875336,0.9812762143357986,-0.000511187214678047,0.003203513375605904,0.1384678873228204,0.138558725229486,0.1376670443286965,0.19755502488887305,0.00020249539612169728,0.000524416733408525,0.00020091948335180618,0.00019858252608034478,32.0,2.0,34.0,68.0,4.25
laplace,512,64,16,262271521,4,Q8.8,token64,64,0.13768910710205728,0.19797148062419764,0.9811991418448678,-0.0005179262197244048,0.003294900293468736,0.13849886728043406,0.13858013010615705,0.1376670443286965,0.19755502488887305,0.0024683549053305274,0.005537674445990405,0.0024535970317801706,0.0024628643991914502,32.0,2.0,34.0,68.0,4.25
laplace,512,64,16,262271521,4,FP32,group32,32,0.1190666269150061,0.1612693710762569,0.9871470919615088,-0.00231027761661971,-0.007844237659182194,0.11946445247525087,0.11960782742727959,0.1190666269150061,0.1612693710762569,0.0,0.0,0.0,0.0,32.0,8.0,40.0,80.0,5.0
laplace,512,64,16,262271521,4,FP16,group32,32,0.11906610366232456,0.16123938778651842,0.987149799427472,-0.0023110566585556264,-0.007851773086898354,0.11946433291880929,0.11960816098916009,0.1190666269150061,0.1612693710762569,0.00020489300997675346,0.0004297271075056296,0.00020319091727507972,0.00020200111194913038,32.0,4.0,36.0,72.0,4.5
laplace,512,64,16,262271521,4,Q8.8,group32,32,0.119101416426807,0.16155585444617604,0.9871112113705705,-0.002327305320941225,-0.007685424908469212,0.1195058913397632,0.11964054354693092,0.1190666269150061,0.1612693710762569,0.0028477203404049644,0.005323775756198886,0.002845856837299303,0.002856410687102311,32.0,4.0,36.0,72.0,4.5
laplace,512,64,16,262271521,4,FP32,group16,16,0.10100714480935293,0.14254617508231895,0.9900143743516834,-9.4804728202759e-05,-0.005843470480588363,0.10021735066233965,0.1002275985357085,0.10100714480935293,0.14254617508231895,0.0,0.0,0.0,0.0,32.0,16.0,48.0,96.0,6.0
laplace,512,64,16,262271521,4,FP16,group16,16,0.10100655073863624,0.1425286705861779,0.9900170817910662,-9.361380958289024e-05,-0.005842216643578591,0.10021767749536967,0.10022753787440958,0.10100714480935293,0.14254617508231895,0.00020835172052405802,0.0004011555830822107,0.00020691739424148368,0.0002058563662717077,32.0,8.0,40.0,80.0,5.0
laplace,512,64,16,262271521,4,Q8.8,group16,16,0.10110697516103957,0.14280973923837256,0.9899779317494923,-0.00010302360185088791,-0.00577110107463685,0.10027415696070555,0.10028284392710721,0.10100714480935293,0.14254617508231895,0.0033787136514439593,0.0055368905977432195,0.0033721192870341866,0.003373012983706703,32.0,8.0,40.0,80.0,5.0
laplace,512,64,16,262271521,4,FP32,group8,8,0.0810374541341394,0.11388445060710979,0.9936124074125204,0.0008145410216967421,-0.005984428045984289,0.08046039586899406,0.08048259306034258,0.0810374541341394,0.11388445060710979,0.0,0.0,0.0,0.0,32.0,32.0,64.0,128.0,8.0
laplace,512,64,16,262271521,4,FP16,group8,8,0.08103757802107267,0.11384840385622666,0.9936157585709648,0.0008140534432825266,-0.005985160683672501,0.08046053001868983,0.0804827335070119,0.0810374541341394,0.11388445060710979,0.00020894832855088195,0.0003687053252162059,0.00020721813220686008,0.000206472861020964,32.0,16.0,48.0,96.0,6.0
laplace,512,64,16,262271521,4,Q8.8,group8,8,0.08113990157423412,0.11432660246430773,0.9935675153608061,0.0007937378304376669,-0.005800736100475828,0.08056832377818028,0.08058520952663119,0.0810374541341394,0.11388445060710979,0.004054403018801338,0.0064396763979253455,0.004062824000518784,0.00405663702482833,32.0,16.0,48.0,96.0,6.0
laplace,1024,64,8,68742706,4,FP32,run,65536,0.24432299940262608,0.36907641502437377,0.9374365939220642,0.00032346967239774556,-0.0055565479513725756,0.24172165692215136,0.24629908665510583,0.24432299940262608,0.36907641502437377,0.0,0.0,0.0,0.0,32.0,0.00390625,32.00390625,64.0078125,4.00048828125
laplace,1024,64,8,68742706,4,FP16,run,65536,0.2443312206787156,0.3690796246653618,0.9374390262169605,0.00032328742801646863,-0.005578105646427312,0.24173178867166528,0.24628178675742982,0.24432299940262608,0.36907641502437377,0.00017344971633276537,0.00029465307446362,0.0001736707142178105,0.00014188362551908565,32.0,0.001953125,32.001953125,64.00390625,4.000244140625
laplace,1024,64,8,68742706,4,Q8.8,run,65536,0.24442437408983167,0.36937109609265634,0.9374830569194554,0.00032414867515119815,-0.005564647398135845,0.24181847375161591,0.24644825965499736,0.24432299940262608,0.36907641502437377,0.0014256974264480295,0.0024140425905791476,0.0014252408548742976,0.0011342669433230318,32.0,0.001953125,32.001953125,64.00390625,4.000244140625
laplace,1024,64,8,68742706,4,FP32,token64,64,0.14178662079119023,0.19486317452419238,0.9815342636276931,-5.12048962061055e-05,-0.0009746685059658541,0.13827427919663848,0.13856701401208893,0.14178662079119023,0.19486317452419238,0.0,0.0,0.0,0.0,32.0,4.0,36.0,72.0,4.5
laplace,1024,64,8,68742706,4,FP16,token64,64,0.14178792605413348,0.19482758695918176,0.9815382667571582,-5.354808233316732e-05,-0.0009880636097226111,0.13827492500584865,0.13856702920496894,0.14178662079119023,0.19486317452419238,0.00020172983856223323,0.0004855912082358236,0.0002012622966878719,0.00019981303936347515,32.0,2.0,34.0,68.0,4.25
laplace,1024,64,8,68742706,4,Q8.8,token64,64,0.14177949920437924,0.19455316604386225,0.9815872180522273,-3.562174609151424e-05,-0.0017171366535315383,0.13830142270841764,0.13858702097003253,0.14178662079119023,0.19486317452419238,0.0024698407110312084,0.006061865992298405,0.002480891530436398,0.0024694731646948526,32.0,2.0,34.0,68.0,4.25
laplace,1024,64,8,68742706,4,FP32,group32,32,0.1223160665836457,0.17567004706052608,0.9849213045497276,0.00041381730158404216,0.002982920854513946,0.1194456791473199,0.11953988565449958,0.1223160665836457,0.17567004706052608,0.0,0.0,0.0,0.0,32.0,8.0,40.0,80.0,5.0
laplace,1024,64,8,68742706,4,FP16,group32,32,0.12231798789275598,0.17566044648189277,0.9849216899128715,0.00041543100673446304,0.0029673188799403624,0.11944635113547389,0.1195401282797301,0.1223160665836457,0.17567004706052608,0.0002049619203493608,0.00041153976287020656,0.00020371564168107344,0.00020324035568943744,32.0,4.0,36.0,72.0,4.5
laplace,1024,64,8,68742706,4,Q8.8,group32,32,0.12235433753365735,0.17564963918527202,0.9849258980133584,0.00042008652937897486,0.0023130755989915837,0.11948423901517209,0.11957114117909634,0.1223160665836457,0.17567004706052608,0.0028589448854955068,0.0055496848257260275,0.0028554179787176224,0.0028727968481136075,32.0,4.0,36.0,72.0,4.5
laplace,1024,64,8,68742706,4,FP32,group16,16,0.10158714163401603,0.15094761933202425,0.9891880253881429,0.00185910214481152,-0.0008475615428126999,0.10028807676456353,0.10026039089452392,0.10158714163401603,0.15094761933202425,0.0,0.0,0.0,0.0,32.0,16.0,48.0,96.0,6.0
laplace,1024,64,8,68742706,4,FP16,group16,16,0.10158552754547466,0.15095123563357662,0.9891856256156394,0.0018573259341315264,-0.0008529506389379551,0.10028850926224028,0.1002607430450252,0.10158714163401603,0.15094761933202425,0.00020853310561491778,0.000381302964112797,0.0002072736560421899,0.00020698247671673087,32.0,8.0,40.0,80.0,5.0
laplace,1024,64,8,68742706,4,Q8.8,group16,16,0.10170113141491902,0.15148329907253003,0.9891209305632295,0.001883518309409747,-0.0009478574037300585,0.10034628560450456,0.10031594266365411,0.10158714163401603,0.15094761933202425,0.0033134137988680523,0.005942858530924916,0.0033749723372082795,0.003375920047040434,32.0,8.0,40.0,80.0,5.0
laplace,1024,64,8,68742706,4,FP32,group8,8,0.08229710374777241,0.12654095728899886,0.9923671817060392,0.0013416696751852425,0.004769122596063487,0.08053332776748294,0.08056059579933073,0.08229710374777241,0.12654095728899886,0.0,0.0,0.0,0.0,32.0,32.0,64.0,128.0,8.0
laplace,1024,64,8,68742706,4,FP16,group8,8,0.08229606524709891,0.12656961175363354,0.9923632966787874,0.0013383232536005641,0.004765020904922305,0.08053355889943377,0.08056103282452103,0.08229710374777241,0.12654095728899886,0.00020583509012421516,0.0003481834086217348,0.00020740510584924007,0.00020788380204661073,32.0,16.0,48.0,96.0,6.0
laplace,1024,64,8,68742706,4,Q8.8,group8,8,0.08235626762467871,0.12693670757996242,0.9923273469280225,0.0013764954767412233,0.004734873827365496,0.08063537813220101,0.08066340227038055,0.08229710374777241,0.12654095728899886,0.004130472953035594,0.006748893956328782,0.004054235634420368,0.0040423982462027205,32.0,16.0,48.0,96.0,6.0
laplace,2048,64,4,2585751733,4,FP32,run,131072,0.26076104396091887,0.3857937114140062,0.928166970507572,-0.0024983477129978645,0.02362571591758851,0.25808707548507015,0.25087808249820565,0.26076104396091887,0.3857937114140062,0.0,0.0,0.0,0.0,32.0,0.001953125,32.001953125,64.00390625,4.000244140625
laplace,2048,64,4,2585751733,4,FP16,run,131072,0.2607877687576394,0.3858489349324067,0.9281600419279578,-0.002499873800697085,0.023633347920353834,0.258112651004665,0.2508761451460444,0.26076104396091887,0.3857937114140062,0.00015824308576887388,0.00031035522602357166,0.0001583700922107944,0.0001932942300457162,32.0,0.0009765625,32.0009765625,64.001953125,4.0001220703125
laplace,2048,64,4,2585751733,4,Q8.8,run,131072,0.2604024838807441,0.3850323203900308,0.9282148553397339,-0.0024893717879890397,0.023541892758983274,0.25772664927768596,0.25069657305270954,0.26076104396091887,0.3857937114140062,0.00157396413352532,0.0028944610103491543,0.0015744753023589147,0.0016173127928769324,32.0,0.0009765625,32.0009765625,64.001953125,4.0001220703125
laplace,2048,64,4,2585751733,4,FP32,token64,64,0.1416829855733397,0.18916249060631027,0.9817275654618931,-0.001089993081170087,-0.005550110775051381,0.13843244753321876,0.13823536738399453,0.1416829855733397,0.18916249060631027,0.0,0.0,0.0,0.0,32.0,4.0,36.0,72.0,4.5
laplace,2048,64,4,2585751733,4,FP16,token64,64,0.14168797284685425,0.18916732160506794,0.9817291706212876,-0.0010872944569422496,-0.005520242259269759,0.1384331758555417,0.13823526507381897,0.1416829855733397,0.18916249060631027,0.00020330417173103154,0.00044623898858799115,0.00019916534076330034,0.00020018317119115342,32.0,2.0,34.0,68.0,4.25
laplace,2048,64,4,2585751733,4,Q8.8,token64,64,0.14170757263820835,0.18933169922328363,0.9816957887351357,-0.0010188560947586814,-0.005857618333933627,0.13844992718616933,0.13825086077423054,0.1416829855733397,0.18916249060631027,0.0024450271623560884,0.005554136057854082,0.0024731625148316705,0.0024554781291004687,32.0,2.0,34.0,68.0,4.25
laplace,2048,64,4,2585751733,4,FP32,group32,32,0.12229503796039048,0.15966723587229154,0.98706418392671,-0.0013087738985493587,0.005199829072783996,0.119488442072793,0.11936370368197864,0.12229503796039048,0.15966723587229154,0.0,0.0,0.0,0.0,32.0,8.0,40.0,80.0,5.0
laplace,2048,64,4,2585751733,4,FP16,group32,32,0.12229821439746688,0.15963801448181691,0.9870687264060474,-0.0013085070380742477,0.005200135689339373,0.119488681777058,0.11936382384249736,0.12229503796039048,0.15966723587229154,0.00020429368290179745,0.0004209416946286209,0.0002024925648612342,0.0002036502307089356,32.0,4.0,36.0,72.0,4.5
laplace,2048,64,4,2585751733,4,Q8.8,group32,32,0.1223263375999182,0.16012932295205676,0.9870051437123891,-0.0012331924097930395,0.004875515104489919,0.11951863498888256,0.11939763389712965,0.12229503796039048,0.15966723587229154,0.002860963109791287,0.0053537013320531165,0.00286891408574895,0.002855743102603838,32.0,4.0,36.0,72.0,4.5
laplace,2048,64,4,2585751733,4,FP32,group16,16,0.10074844434763525,0.15116904621592703,0.9885249962443423,-0.0021807193113033635,9.858484196692233e-05,0.10029213070377137,0.10013991720193366,0.10074844434763525,0.15116904621592703,0.0,0.0,0.0,0.0,32.0,16.0,48.0,96.0,6.0
laplace,2048,64,4,2585751733,4,FP16,group16,16,0.10075177727616845,0.15116242249882,0.9885250484160147,-0.0021806707664097764,9.825675627342013e-05,0.10029275325649736,0.10014040864801228,0.10074844434763525,0.15116904621592703,0.00020941340191046564,0.0003799379957519164,0.00020612909879373818,0.00020723602231035088,32.0,8.0,40.0,80.0,5.0
laplace,2048,64,4,2585751733,4,Q8.8,group16,16,0.100753729470511,0.15116731771019484,0.9885179971181838,-0.0021169536691571836,-9.659891861096815e-05,0.10034475819441387,0.10019630581097051,0.10074844434763525,0.15116904621592703,0.0034515579750298694,0.005546298075214298,0.0033731973263292094,0.0033722738884918602,32.0,8.0,40.0,80.0,5.0
laplace,2048,64,4,2585751733,4,FP32,group8,8,0.0818984677884787,0.11553651591982986,0.9933043494685083,-0.0026424765037242354,-0.001771585959460819,0.0805685526239696,0.08047605405222959,0.0818984677884787,0.11553651591982986,0.0,0.0,0.0,0.0,32.0,32.0,64.0,128.0,8.0
laplace,2048,64,4,2585751733,4,FP16,group8,8,0.08190257167585047,0.1155266646895654,0.9933056828774681,-0.002643516888935382,-0.0017931528929956096,0.0805692389372382,0.0804762188896932,0.0818984677884787,0.11553651591982986,0.00020926223582680157,0.00036131118305534395,0.000206996146106628,0.0002072350694668297,32.0,16.0,48.0,96.0,6.0
laplace,2048,64,4,2585751733,4,Q8.8,group8,8,0.08196373591042513,0.11604745749287339,0.9932712970806882,-0.0025594689800441657,-0.0022493299261076554,0.08066119683506738,0.08057287475573394,0.0818984677884787,0.11553651591982986,0.004072287062935031,0.0061312607897321516,0.004047252752173005,0.004043865734808545,32.0,16.0,48.0,96.0,6.0
laplace,4096,64,4,3936203934,4,FP32,run,262144,0.25147437856784227,0.32998561903014617,0.9534838508412204,0.0012967996820293618,-0.009516445133445595,0.24751944074896978,0.2625755914723603,0.25147437856784227,0.32998561903014617,0.0,0.0,0.0,0.0,32.0,0.0009765625,32.0009765625,64.001953125,4.0001220703125
laplace,4096,64,4,3936203934,4,FP16,run,262144,0.25148160593442115,0.3299902022382553,0.9534831582849366,0.00129722489616585,-0.009511688720331396,0.24752574332739657,0.26256238403841803,0.25147437856784227,0.32998561903014617,0.0001732670811711342,0.0002323033189907591,0.0001734100995870848,0.00014638510611882566,32.0,0.00048828125,32.00048828125,64.0009765625,4.00006103515625
laplace,4096,64,4,3936203934,4,Q8.8,run,262144,0.2516853149301824,0.33015754392290686,0.953459562925172,0.001291658027473337,-0.009406538772274948,0.2476984166122606,0.26253037177208494,0.25147437856784227,0.32998561903014617,0.001455929877750074,0.001958550890859808,0.0014564245362980997,0.0003590924762202991,32.0,0.00048828125,32.00048828125,64.0009765625,4.00006103515625
laplace,4096,64,4,3936203934,4,FP32,token64,64,0.14055184614401237,0.19956877844189688,0.9800378911269456,-0.00013323693549803782,-0.008974229432485837,0.13825305084809672,0.1389797396552879,0.14055184614401237,0.19956877844189688,0.0,0.0,0.0,0.0,32.0,4.0,36.0,72.0,4.5
laplace,4096,64,4,3936203934,4,FP16,token64,64,0.14055319766419777,0.19960626884095342,0.9800291792767188,-0.00013165323579877045,-0.008939183014783228,0.1382530202047443,0.13897929702990894,0.14055184614401237,0.19956877844189688,0.00019985261388555793,0.0005199281860666724,0.0001994932506694321,0.00020076791233536066,32.0,2.0,34.0,68.0,4.25
laplace,4096,64,4,3936203934,4,Q8.8,token64,64,0.14060359670450198,0.2004059321237346,0.9799144820082729,-0.000123465957751618,-0.008558857353369895,0.13827167475630298,0.13899616734518846,0.14055184614401237,0.19956877844189688,0.0024567745961334183,0.005842943815652168,0.002459349956731412,0.0024441427801625546,32.0,2.0,34.0,68.0,4.25
laplace,4096,64,4,3936203934,4,FP32,group32,32,0.12177596824782917,0.18810053457783454,0.9831661307686153,0.0004917747274959875,-0.004461475088103297,0.11941655811772008,0.11976464191902225,0.12177596824782917,0.18810053457783454,0.0,0.0,0.0,0.0,32.0,8.0,40.0,80.0,5.0
laplace,4096,64,4,3936203934,4,FP16,group32,32,0.12177491185205623,0.18812749856163843,0.9831608280210631,0.0004893369654157219,-0.0044062361573805634,0.11941645514011338,0.11976442405154145,0.12177596824782917,0.18810053457783454,0.00020212188340010265,0.0003916226351875251,0.00020283863393604016,0.0002034909892947789,32.0,4.0,36.0,72.0,4.5
laplace,4096,64,4,3936203934,4,Q8.8,group32,32,0.12183230413108166,0.18848111079301683,0.9831572715991305,0.00048732129778314307,-0.0041103481576116735,0.11945133955408162,0.11979823235776246,0.12177596824782917,0.18810053457783454,0.0028680722755809553,0.005682452557322629,0.002861856237789612,0.00286410534249577,32.0,4.0,36.0,72.0,4.5
laplace,4096,64,4,3936203934,4,FP32,group16,16,0.1023306118368814,0.16123500957260908,0.9873619578212227,-0.00038664742778213014,0.017008852958147268,0.10025200181113937,0.1003512071772761,0.1023306118368814,0.16123500957260908,0.0,0.0,0.0,0.0,32.0,16.0,48.0,96.0,6.0
laplace,4096,64,4,3936203934,4,FP16,group16,16,0.10232931046717249,0.16122247377891805,0.987364415828159,-0.0003881192229286799,0.017047847289738953,0.10025235422778583,0.10035149088816792,0.1023306118368814,0.16123500957260908,0.00020487240859862134,0.0003737813937801371,0.00020639048869783023,0.00020705715836472785,32.0,8.0,40.0,80.0,5.0
laplace,4096,64,4,3936203934,4,Q8.8,group16,16,0.10236124001220816,0.16132118189573733,0.9873693456418835,-0.0003831909786881982,0.016996746048518304,0.10030847520621748,0.10040756412688458,0.1023306118368814,0.16123500957260908,0.0033733662179027896,0.005646868850651797,0.003375516382076391,0.0033767355452731054,32.0,8.0,40.0,80.0,5.0
laplace,4096,64,4,3936203934,4,FP32,group8,8,0.08220253093121396,0.11433076148969845,0.9933003835730785,6.33865208615206e-05,0.01231992208739596,0.08055636975325693,0.08059308940346198,0.08220253093121396,0.11433076148969845,0.0,0.0,0.0,0.0,32.0,32.0,64.0,128.0,8.0
laplace,4096,64,4,3936203934,4,FP16,group8,8,0.08220167599372723,0.11433724343112218,0.9932993213217963,6.372403919122473e-05,0.012358140529077556,0.08055671944108563,0.08059346140553258,0.08220253093121396,0.11433076148969845,0.00020762213197426864,0.000324447714698249,0.00020703741381095605,0.00020730174447988124,32.0,16.0,48.0,96.0,6.0
laplace,4096,64,4,3936203934,4,Q8.8,group8,8,0.08230987503085636,0.11446246048074994,0.9932892499108789,0.000107609102748705,0.012224224020472635,0.08065627758977022,0.08069254058929681,0.08220253093121396,0.11433076148969845,0.004092614812888526,0.0062918414378895495,0.004055636788070419,0.004047803938259929,32.0,16.0,48.0,96.0,6.0
student_t_df3,128,64,32,2994312498,4,FP32,run,8192,0.3056864040770866,0.428519039302015,0.9181183223250605,0.0022751408170694214,-0.016516269392138384,0.30279879652806485,0.3055716266852709,0.3056864040770866,0.428519039302015,0.0,0.0,0.0,0.0,32.0,0.03125,32.03125,64.0625,4.00390625
student_t_df3,128,64,32,2994312498,4,FP16,run,8192,0.30570141493766695,0.42855625120565427,0.9181087353862639,0.0022819053777652187,-0.016520732313970696,0.30281264010194253,0.30556995108940493,0.3056864040770866,0.428519039302015,0.00029829116465047154,0.0003955377528197062,0.0002976287990924133,0.00024904843577605617,32.0,0.015625,32.015625,64.03125,4.001953125
student_t_df3,128,64,32,2994312498,4,Q8.8,run,8192,0.3057852156677362,0.42857598620170745,0.9181117710114772,0.002274524434214621,-0.01649711699517091,0.3028730642826148,0.3056058529929101,0.3056864040770866,0.428519039302015,0.0011111064082766095,0.0016309747026646642,0.001099066524551078,0.0010135309324444067,32.0,0.015625,32.015625,64.03125,4.001953125
student_t_df3,128,64,32,2994312498,4,FP32,token64,64,0.16420374331014673,0.22997161179169406,0.9746866078077091,-0.0027019449439021582,-0.00014877527346488244,0.1649380458816978,0.16594589350749955,0.16420374331014673,0.22997161179169406,0.0,0.0,0.0,0.0,32.0,4.0,36.0,72.0,4.5
student_t_df3,128,64,32,2994312498,4,FP16,token64,64,0.16420526048304218,0.22999261234419927,0.9746839745560695,-0.002700313312388244,-0.00015355598991706454,0.16493842840812872,0.16594622935201025,0.16420374331014673,0.22997161179169406,0.00020351968768533114,0.0004495493855121572,0.00020608394365405472,0.00020457254476965783,32.0,2.0,34.0,68.0,4.25
student_t_df3,128,64,32,2994312498,4,Q8.8,token64,64,0.1642419258938971,0.23041366764635887,0.9746095641286925,-0.0026829310443064465,-0.00014783071675742593,0.16493783179356145,0.16595866555833275,0.16420374331014673,0.22997161179169406,0.0022145061684035643,0.004643673001391403,0.002205527266906975,0.002147701661117136,32.0,2.0,34.0,68.0,4.25
student_t_df3,128,64,32,2994312498,4,FP32,group32,32,0.1357341583366896,0.1901250662220527,0.983201570944012,0.00046967687855420983,-0.0014412351177525186,0.13529345072024238,0.13621694993251618,0.1357341583366896,0.1901250662220527,0.0,0.0,0.0,0.0,32.0,8.0,40.0,80.0,5.0
student_t_df3,128,64,32,2994312498,4,FP16,group32,32,0.13572976265485148,0.19010269388376824,0.9832046832728161,0.0004704408589145532,-0.0014491190867363284,0.13529306499803903,0.13621770550946727,0.1357341583366896,0.1901250662220527,0.00021377438524079978,0.0004405823007693734,0.00020655329180268374,0.00020434083715518256,32.0,4.0,36.0,72.0,4.5
student_t_df3,128,64,32,2994312498,4,Q8.8,group32,32,0.13579472601316342,0.19034135159838556,0.9831775357846266,0.0004830095933630768,-0.001393439447443835,0.13531435182964555,0.13623766688194655,0.1357341583366896,0.1901250662220527,0.0026800442978768676,0.005121930950585785,0.0027162522825114064,0.0026453273237376923,32.0,4.0,36.0,72.0,4.5
student_t_df3,128,64,32,2994312498,4,FP32,group16,16,0.10811039393604521,0.1499745735397102,0.9890355724942934,0.0004415259650633647,-0.004046445760118622,0.1086533352860059,0.10909042029414323,0.10811039393604521,0.1499745735397102,0.0,0.0,0.0,0.0,32.0,16.0,48.0,96.0,6.0
student_t_df3,128,64,32,2994312498,4,FP16,group16,16,0.10811203532173776,0.14998502223530852,0.9890346517712847,0.0004403549661417028,-0.004049456773836015,0.10865371476323957,0.10909157681734093,0.10811039393604521,0.1499745735397102,0.00021725391863356772,0.00042575646443040864,0.00020830988743596963,0.00020504457785051108,32.0,8.0,40.0,80.0,5.0
student_t_df3,128,64,32,2994312498,4,Q8.8,group16,16,0.10815973447404324,0.15035025419435588,0.9889920447736584,0.00039384672639732727,-0.004000941886872575,0.10870041850325247,0.10913795483380828,0.10811039393604521,0.1499745735397102,0.0032987945104446894,0.00537340418776446,0.003302591468263068,0.003274220676544467,32.0,8.0,40.0,80.0,5.0
student_t_df3,128,64,32,2994312498,4,FP32,group8,8,0.08438323553368533,0.1139353353828402,0.9936713571515937,0.0007337482484382781,-0.0005230017531796097,0.08413236879413799,0.08418837129092924,0.08438323553368533,0.1139353353828402,0.0,0.0,0.0,0.0,32.0,32.0,64.0,128.0,8.0
student_t_df3,128,64,32,2994312498,4,FP16,group8,8,0.08438321792243202,0.11392218352472408,0.9936711394647597,0.0007327439457115204,-0.0005350698480493659,0.08413283410928347,0.08418917140188359,0.08438323553368533,0.1139353353828402,0.0002142673576891765,0.0004240285161477809,0.00020804500700498342,0.00020602706371216294,32.0,16.0,48.0,96.0,6.0
student_t_df3,128,64,32,2994312498,4,Q8.8,group8,8,0.08455908537297192,0.1141361192568429,0.993637814809127,0.0007613807219000358,-0.000583860703314956,0.08423728031396598,0.08428867170163667,0.08438323553368533,0.1139353353828402,0.004184110327042472,0.0062265858938258326,0.004071212769727518,0.0040409052789487305,32.0,16.0,48.0,96.0,6.0
student_t_df3,256,64,32,1512390611,4,FP32,run,16384,0.3027462161322691,0.38245188130757346,0.9153281126671119,-0.003970198122865163,0.0009019905399411991,0.3093475747625523,0.30818579219996645,0.3027462161322691,0.38245188130757346,0.0,0.0,0.0,0.0,32.0,0.015625,32.015625,64.03125,4.001953125
student_t_df3,256,64,32,1512390611,4,FP16,run,16384,0.30275154086781636,0.3824051525426809,0.9153289084455785,-0.0039743786237739645,0.000896235320726061,0.30935023489070373,0.3081876097926599,0.3027462161322691,0.38245188130757346,0.00028109274638458493,0.0008495785549666231,0.00027922012432278677,0.0002513575795849993,32.0,0.0078125,32.0078125,64.015625,4.0009765625
student_t_df3,256,64,32,1512390611,4,Q8.8,run,16384,0.302784815574363,0.38257763105758064,0.9153323217332303,-0.0039701811860340976,0.0008701538306963934,0.30939922402271447,0.30812160446072806,0.3027462161322691,0.38245188130757346,0.0010827402657660938,0.0030976710362345702,0.0010840642290416915,0.0011546887574917129,32.0,0.0078125,32.0078125,64.015625,4.0009765625
student_t_df3,256,64,32,1512390611,4,FP32,token64,64,0.16354106399413842,0.20807015569059084,0.9760867822889352,-0.003340197919837296,0.00015743241462000144,0.164760715483444,0.16532437172106135,0.16354106399413842,0.20807015569059084,0.0,0.0,0.0,0.0,32.0,4.0,36.0,72.0,4.5
student_t_df3,256,64,32,1512390611,4,FP16,token64,64,0.1635370232407445,0.20789127344429734,0.976088992822763,-0.003340552220720348,0.00015852548810959876,0.16476108332126457,0.16532414140376792,0.16354106399413842,0.20807015569059084,0.00020558655853512926,0.0007572302075668084,0.00020446783313007942,0.00020625604920788715,32.0,2.0,34.0,68.0,4.25
student_t_df3,256,64,32,1512390611,4,Q8.8,token64,64,0.1635594291837075,0.20917518377703437,0.9760888924951101,-0.0033859805879373457,0.0001014090018445059,0.16476842320303844,0.16534445482719684,0.16354106399413842,0.20807015569059084,0.0022228433099873404,0.005291039062320876,0.0022113516615572784,0.002195313049766656,32.0,2.0,34.0,68.0,4.25
student_t_df3,256,64,32,1512390611,4,FP32,group32,32,0.133967000645319,0.16199695700555952,0.9840350370158344,-0.002249000962647471,0.000983003657343664,0.13523446103408882,0.13546788742657342,0.133967000645319,0.16199695700555952,0.0,0.0,0.0,0.0,32.0,8.0,40.0,80.0,5.0
student_t_df3,256,64,32,1512390611,4,FP16,group32,32,0.1339684903631464,0.16188973145888902,0.9840321918890631,-0.002253773014161034,0.0009730689933903049,0.1352349700526089,0.13546779308481166,0.133967000645319,0.16199695700555952,0.00020341462065585878,0.0007637159228261816,0.00020420527128776948,0.00020604946815335514,32.0,4.0,36.0,72.0,4.5
student_t_df3,256,64,32,1512390611,4,Q8.8,group32,32,0.13396568128494893,0.1624363249139473,0.9840673621412998,-0.0022728049499139867,0.0009385198468102014,0.13525689138647243,0.1354984210206955,0.133967000645319,0.16199695700555952,0.002695226991872995,0.004860533870313565,0.002715544534157714,0.0026971030302855325,32.0,4.0,36.0,72.0,4.5
student_t_df3,256,64,32,1512390611,4,FP32,group16,16,0.10755842867342318,0.13317873494396917,0.9897084504327803,0.0006095548148683532,0.0014447803204370331,0.10854861063346292,0.10866511099425631,0.10755842867342318,0.13317873494396917,0.0,0.0,0.0,0.0,32.0,16.0,48.0,96.0,6.0
student_t_df3,256,64,32,1512390611,4,FP16,group16,16,0.10755803243705606,0.1330069756181989,0.9897077885694957,0.0006043303556347101,0.0014430281810002801,0.10854905641079866,0.10866530672037943,0.10755842867342318,0.13317873494396917,0.00020475369931721696,0.0007035748712864175,0.0002061801591734893,0.00020711749423787148,32.0,8.0,40.0,80.0,5.0
student_t_df3,256,64,32,1512390611,4,Q8.8,group16,16,0.10766527616646515,0.13323336794722707,0.9896897213345937,0.0005755008946077801,0.0014330890727152167,0.10859801930615741,0.10871892435916349,0.10755842867342318,0.13317873494396917,0.00327802201457899,0.005151694863307153,0.00332831791533898,0.003316817428361624,32.0,8.0,40.0,80.0,5.0
student_t_df3,256,64,32,1512390611,4,FP32,group8,8,0.08381963662066566,0.10501496396211893,0.993285107837595,0.00031246231754001013,-0.002314703440618643,0.08434101190162618,0.08417179268322116,0.08381963662066566,0.10501496396211893,0.0,0.0,0.0,0.0,32.0,32.0,64.0,128.0,8.0
student_t_df3,256,64,32,1512390611,4,FP16,group8,8,0.08381722694145516,0.10485973811643338,0.9932858582220556,0.0003058611492097438,-0.0023215029888631455,0.08434105396660373,0.08417227795660506,0.08381963662066566,0.10501496396211893,0.00020124555702789057,0.000677620410271557,0.00020617943210249286,0.00020709855920446026,32.0,16.0,48.0,96.0,6.0
student_t_df3,256,64,32,1512390611,4,Q8.8,group8,8,0.08394664902867503,0.10521864873528462,0.9932615862228172,0.0003110018950450774,-0.0022949455367509666,0.08443759024124786,0.08427496442344122,0.08381963662066566,0.10501496396211893,0.003997220787104979,0.005485314812200047,0.004067473674118052,0.004054704364419652,32.0,16.0,48.0,96.0,6.0
student_t_df3,512,64,16,4244135126,4,FP32,run,32768,0.31932432441004993,0.4046604514088462,0.9098693860747067,0.004892909487550425,-0.0036871493811518954,0.3147795860815834,0.3147962685027672,0.31932432441004993,0.4046604514088462,0.0,0.0,0.0,0.0,32.0,0.0078125,32.0078125,64.015625,4.0009765625
student_t_df3,512,64,16,4244135126,4,FP16,run,32768,0.3193248843132012,0.4048022918444167,0.9098746692800165,0.004895188970623509,-0.0037064886667191616,0.3147799392375468,0.314773352797927,0.31932432441004993,0.4046604514088462,0.00024885358779205575,0.0006269771342992502,0.00024550825441677413,0.0002461354469836104,32.0,0.00390625,32.00390625,64.0078125,4.00048828125
student_t_df3,512,64,16,4244135126,4,Q8.8,run,32768,0.3192254783517121,0.40407075964987144,0.9098696274925746,0.004891252670855274,-0.0036184987058122454,0.3146658446552605,0.3148555824879058,0.31932432441004993,0.4046604514088462,0.001033492508129057,0.00241501260598615,0.0010293496531710597,0.0010364779313300008,32.0,0.00390625,32.00390625,64.0078125,4.00048828125
student_t_df3,512,64,16,4244135126,4,FP32,token64,64,0.1681875161709779,0.19243895726537882,0.97321959448296,-0.003464622527782911,-0.008598539182277114,0.1654935680270399,0.164515575045394,0.1681875161709779,0.19243895726537882,0.0,0.0,0.0,0.0,32.0,4.0,36.0,72.0,4.5
student_t_df3,512,64,16,4244135126,4,FP16,token64,64,0.16818812919602683,0.19246285714077524,0.9732179849940197,-0.003466977159378671,-0.008566908623935223,0.16549335728828246,0.1645156805520446,0.1681875161709779,0.19243895726537882,0.00020272012709637952,0.0005836040301994581,0.00020539304284306908,0.00020458894370110024,32.0,2.0,34.0,68.0,4.25
student_t_df3,512,64,16,4244135126,4,Q8.8,token64,64,0.16822414316730927,0.19312028688526064,0.9731100061395221,-0.0034793688735858712,-0.008439762694832218,0.16550859080059233,0.16453698492362034,0.1681875161709779,0.19243895726537882,0.002187462020981879,0.006307942307800547,0.0021860803869122275,0.0022107448833116362,32.0,2.0,34.0,68.0,4.25
student_t_df3,512,64,16,4244135126,4,FP32,group32,32,0.13646291260668786,0.18666278335433065,0.9818334765444734,-0.004339260690665229,0.007601115373002834,0.13565042034575003,0.13503418217202837,0.13646291260668786,0.18666278335433065,0.0,0.0,0.0,0.0,32.0,8.0,40.0,80.0,5.0
student_t_df3,512,64,16,4244135126,4,FP16,group32,32,0.13646418053905762,0.18683996107529674,0.9818344503829646,-0.004336555496669722,0.007614244082253269,0.13565037878277653,0.1350343917602052,0.13646291260668786,0.18666278335433065,0.00020696627841495328,0.0005052639815842123,0.00020579801488226313,0.00020541536002276388,32.0,4.0,36.0,72.0,4.5
student_t_df3,512,64,16,4244135126,4,Q8.8,group32,32,0.1365087980464233,0.18875519295569976,0.9817239160276023,-0.0043635433305543965,0.0077001188459737396,0.13567651928015445,0.1350634709722771,0.13646291260668786,0.18666278335433065,0.0027023362815527534,0.005513856059831005,0.0026937303873762735,0.002708869768349999,32.0,4.0,36.0,72.0,4.5
student_t_df3,512,64,16,4244135126,4,FP32,group16,16,0.11074942297084707,0.1329029953836678,0.9894931067704291,-0.0014757681012450455,-0.00137029695276928,0.10869642401882795,0.10846472769749214,0.11074942297084707,0.1329029953836678,0.0,0.0,0.0,0.0,32.0,16.0,48.0,96.0,6.0
student_t_df3,512,64,16,4244135126,4,FP16,group16,16,0.11075362379450136,0.1330012347266059,0.9894955649905162,-0.0014728162214097129,-0.0013526211029938756,0.10869690381330832,0.10846490501166359,0.11074942297084707,0.1329029953836678,0.00020792434746147147,0.00048344976597918367,0.0002073569634806369,0.00020714539803926347,32.0,8.0,40.0,80.0,5.0
student_t_df3,512,64,16,4244135126,4,Q8.8,group16,16,0.1108392149054525,0.134119002142217,0.9894470337739832,-0.0014896862766251497,-0.0013441607702497544,0.10874720882227057,0.10851130640331048,0.11074942297084707,0.1329029953836678,0.003287325470506658,0.005289013678804655,0.0033043699616618024,0.0033077825910660967,32.0,8.0,40.0,80.0,5.0
student_t_df3,512,64,16,4244135126,4,FP32,group8,8,0.08675423389591672,0.1040256158193638,0.9933568622534027,0.0008555847823267627,0.0005433707430821838,0.0842832875844295,0.08402518991112487,0.08675423389591672,0.1040256158193638,0.0,0.0,0.0,0.0,32.0,32.0,64.0,128.0,8.0
student_t_df3,512,64,16,4244135126,4,FP16,group8,8,0.08675415352171653,0.10407544576906344,0.9933585852386309,0.0008551952190324538,0.0005488298838225312,0.0842838144249413,0.08402509182075847,0.08675423389591672,0.1040256158193638,0.00020793087127626578,0.00044516147271633023,0.00020707325979918442,0.00020691543904076298,32.0,16.0,48.0,96.0,6.0
student_t_df3,512,64,16,4244135126,4,Q8.8,group8,8,0.08690302816317591,0.10473560690294013,0.9933238322462374,0.000849697023322263,0.0005749152355680713,0.08438304548317041,0.0841175282562483,0.08675423389591672,0.1040256158193638,0.004004919478543026,0.005794321543401878,0.0040584181692299316,0.004055338747502179,32.0,16.0,48.0,96.0,6.0
student_t_df3,1024,64,8,635416609,4,FP32,run,65536,0.31107055884549034,0.5379791346025349,0.903352117931433,-0.0011866318395246651,-0.021718545041824446,0.3155711437696879,0.3183647409677741,0.31107055884549034,0.5379791346025349,0.0,0.0,0.0,0.0,32.0,0.00390625,32.00390625,64.0078125,4.00048828125
student_t_df3,1024,64,8,635416609,4,FP16,run,65536,0.31110092710364173,0.5382182590295382,0.9033298754654423,-0.0011842484216895203,-0.021696399932492935,0.3156033163597158,0.3183146099317072,0.31107055884549034,0.5379791346025349,0.0002270708739106617,0.00046636783149922253,0.00022841256578949291,0.00023600091582920882,32.0,0.001953125,32.001953125,64.00390625,4.000244140625
student_t_df3,1024,64,8,635416609,4,Q8.8,run,65536,0.3109347013193561,0.5361325849433801,0.9034399883359294,-0.001199008025224314,-0.021841418854559782,0.3154417034500651,0.31822207865233754,0.31107055884549034,0.5379791346025349,0.001024136951052636,0.00328584701085269,0.0010181693706724615,0.0011342636568992892,32.0,0.001953125,32.001953125,64.00390625,4.000244140625
student_t_df3,1024,64,8,635416609,4,FP32,token64,64,0.1661816450949304,0.22752802673918082,0.9760992947968086,0.0008257185245427328,-0.011006985256959638,0.16552465700409594,0.1655980314491268,0.1661816450949304,0.22752802673918082,0.0,0.0,0.0,0.0,32.0,4.0,36.0,72.0,4.5
student_t_df3,1024,64,8,635416609,4,FP16,token64,64,0.1661842467454146,0.2275445088513278,0.9760944103016558,0.0008249420915560874,-0.010940716791271291,0.16552482852866734,0.1655974612019735,0.1661816450949304,0.22752802673918082,0.0002048242017731106,0.0005924104452279735,0.0002041269596270028,0.00020890111304463618,32.0,2.0,34.0,68.0,4.25
student_t_df3,1024,64,8,635416609,4,Q8.8,token64,64,0.16617546479847353,0.22784940801519002,0.9759992141305732,0.0007980444014515167,-0.010820734218622447,0.16553059725744562,0.1656023437591035,0.1661816450949304,0.22752802673918082,0.0021926122639084407,0.0061080473677136505,0.002170540090314611,0.0021811070261787344,32.0,2.0,34.0,68.0,4.25
student_t_df3,1024,64,8,635416609,4,FP32,group32,32,0.1345960155150779,0.19503060319000867,0.983074407271177,0.0008943054827517299,-0.008369151264759674,0.1357333147572102,0.1356617138895069,0.1345960155150779,0.19503060319000867,0.0,0.0,0.0,0.0,32.0,8.0,40.0,80.0,5.0
student_t_df3,1024,64,8,635416609,4,FP16,group32,32,0.13459916008505343,0.1950518711365848,0.9830693915866096,0.0008960681829641892,-0.008323549052142245,0.13573371865561706,0.13566139513632253,0.1345960155150779,0.19503060319000867,0.000204191675333257,0.0004753150997551254,0.0002043863827363426,0.00020667995306741322,32.0,4.0,36.0,72.0,4.5
student_t_df3,1024,64,8,635416609,4,Q8.8,group32,32,0.13462459824798398,0.19478936206233782,0.983054868493195,0.0008574339437024935,-0.008039846952809489,0.13575925111008857,0.1356838643038952,0.1345960155150779,0.19503060319000867,0.002687064139779679,0.006295962427601307,0.0026812854892547446,0.002688614840173883,32.0,4.0,36.0,72.0,4.5
student_t_df3,1024,64,8,635416609,4,FP32,group16,16,0.10842836009902762,0.15919075019681195,0.9887197222218149,0.0001497560664027116,-0.004677731822309141,0.10893335011356235,0.1087600980621213,0.10842836009902762,0.15919075019681195,0.0,0.0,0.0,0.0,32.0,16.0,48.0,96.0,6.0
student_t_df3,1024,64,8,635416609,4,FP16,group16,16,0.10843126068724078,0.15915576046499094,0.9887177431609886,0.00015091772042856823,-0.004678885116269434,0.10893361160780579,0.10876025392069699,0.10842836009902762,0.15919075019681195,0.00020839273012436272,0.0005130374317337178,0.0002058957547299904,0.0002076204124371436,32.0,8.0,40.0,80.0,5.0
student_t_df3,1024,64,8,635416609,4,Q8.8,group16,16,0.10845706216227548,0.1584413041821833,0.9888035848714203,0.00011025753063403018,-0.004556628006166202,0.10898700100993483,0.10880450487589559,0.10842836009902762,0.15919075019681195,0.003282972430102048,0.00689375159316597,0.0033007763514525767,0.003320747037544003,32.0,8.0,40.0,80.0,5.0
student_t_df3,1024,64,8,635416609,4,FP32,group8,8,0.08373072847323024,0.12233690833965331,0.9930311102246516,-0.00013589734328511895,0.0026168507548840997,0.08432469798081352,0.08424486035071947,0.08373072847323024,0.12233690833965331,0.0,0.0,0.0,0.0,32.0,32.0,64.0,128.0,8.0
student_t_df3,1024,64,8,635416609,4,FP16,group8,8,0.08373607988185053,0.12227762456595394,0.9930324561323065,-0.00013238647919973134,0.002621819350709542,0.0843250409834379,0.08424547870272361,0.08373072847323024,0.12233690833965331,0.00020751112418250332,0.0004907635385460376,0.00020662313315656958,0.00020719156957127804,32.0,16.0,48.0,96.0,6.0
student_t_df3,1024,64,8,635416609,4,Q8.8,group8,8,0.08381228144637416,0.12230843708746966,0.9930302744148956,-0.00016018482432906994,0.0029134355651580525,0.08442422220782632,0.08433688424936692,0.08373072847323024,0.12233690833965331,0.004022412134610795,0.007419807435099848,0.004055356898581527,0.0040573876546561635,32.0,16.0,48.0,96.0,6.0
student_t_df3,2048,64,4,1496681395,4,FP32,run,131072,0.3268503068564402,0.4745333036321223,0.8989990521422747,-0.0015302247832980316,0.04104794243500476,0.32246482620988015,0.32075986487321917,0.3268503068564402,0.4745333036321223,0.0,0.0,0.0,0.0,32.0,0.001953125,32.001953125,64.00390625,4.000244140625
student_t_df3,2048,64,4,1496681395,4,FP16,run,131072,0.32686073357944084,0.47460885517484874,0.8989828377201078,-0.001529923771303867,0.04107780156094009,0.32248091455864164,0.320804907796592,0.3268503068564402,0.4745333036321223,0.000270910385777914,0.0003815654262350828,0.0002705763920629397,0.00031076931523416095,32.0,0.0009765625,32.0009765625,64.001953125,4.0001220703125
student_t_df3,2048,64,4,1496681395,4,Q8.8,run,131072,0.3268538790743468,0.4749713036565143,0.8989774982427559,-0.0015359270480302446,0.04116073045658901,0.32248179696238144,0.3210021310167576,0.3268503068564402,0.4745333036321223,0.0007722739611814792,0.0015901401695748618,0.0007728531993670165,0.0011232842337859717,32.0,0.0009765625,32.0009765625,64.001953125,4.0001220703125
student_t_df3,2048,64,4,1496681395,4,FP32,token64,64,0.16582772284591385,0.23707155754341314,0.9716141721864895,-0.0014202951663319428,0.008015020290763633,0.16627787806354574,0.16486445192834068,0.16582772284591385,0.23707155754341314,0.0,0.0,0.0,0.0,32.0,4.0,36.0,72.0,4.5
student_t_df3,2048,64,4,1496681395,4,FP16,token64,64,0.1658283169353002,0.23708433456234376,0.9716131482774568,-0.0014193129995692506,0.008062882018079318,0.166278337096398,0.16486404589896514,0.16582772284591385,0.23707155754341314,0.0002046295299892069,0.0005088024119138782,0.00020643260671594841,0.0002067245562766155,32.0,2.0,34.0,68.0,4.25
student_t_df3,2048,64,4,1496681395,4,Q8.8,token64,64,0.16583800014704178,0.2375512075014096,0.9714689729272608,-0.0014108417754924278,0.008287489353844407,0.16629357800624003,0.16487615622382493,0.16582772284591385,0.23707155754341314,0.0022020937975109475,0.005450532573588493,0.002174842842862589,0.0021867304666727187,32.0,2.0,34.0,68.0,4.25
student_t_df3,2048,64,4,1496681395,4,FP32,group32,32,0.13545824246518381,0.2122743048210788,0.9771644658897526,-0.0016224055223531576,0.014676587640842549,0.13608131591060554,0.13549783330971304,0.13545824246518381,0.2122743048210788,0.0,0.0,0.0,0.0,32.0,8.0,40.0,80.0,5.0
student_t_df3,2048,64,4,1496681395,4,FP16,group32,32,0.13545814273851098,0.21227758994001944,0.9771652688588885,-0.0016224847352489535,0.014718238349037146,0.13608131686219602,0.13549792838053043,0.13545824246518381,0.2122743048210788,0.00020515529507323266,0.00046351076907455283,0.0002063763117852805,0.0002058277422166127,32.0,4.0,36.0,72.0,4.5
student_t_df3,2048,64,4,1496681395,4,Q8.8,group32,32,0.1355410428856663,0.2125016039543022,0.9771169756499456,-0.0016328850267505746,0.014594748492653924,0.13610859972677317,0.13553025263530502,0.13545824246518381,0.2122743048210788,0.002713077706251403,0.00587184309727835,0.0026927657394276764,0.002680232790103849,32.0,4.0,36.0,72.0,4.5
student_t_df3,2048,64,4,1496681395,4,FP32,group16,16,0.1085563808281721,0.15539569911181003,0.9880136279764572,-0.0011670606133220985,0.010879508890075325,0.10899488236810949,0.10864730251998045,0.1085563808281721,0.15539569911181003,0.0,0.0,0.0,0.0,32.0,16.0,48.0,96.0,6.0
student_t_df3,2048,64,4,1496681395,4,FP16,group16,16,0.10855668355932772,0.15541257410253637,0.9880123883158811,-0.0011657241857151804,0.010900138932787054,0.10899495619956695,0.1086472985929417,0.1085563808281721,0.15539569911181003,0.0002059615327225668,0.00039537486595132387,0.00020749721424187187,0.00020682877317949042,32.0,8.0,40.0,80.0,5.0
student_t_df3,2048,64,4,1496681395,4,Q8.8,group16,16,0.1086077903207722,0.15564882898798638,0.9879811994550608,-0.0011824706066090628,0.01100838857330679,0.10904654369096906,0.10870423225858368,0.1085563808281721,0.15539569911181003,0.0032884890131096916,0.006051032635505142,0.003308216949844372,0.00331844206063553,32.0,8.0,40.0,80.0,5.0
student_t_df3,2048,64,4,1496681395,4,FP32,group8,8,0.08418947726620175,0.1163262770270627,0.9933188866118855,-0.001316834478386385,0.004349685291627251,0.08430541592394647,0.08425998910966166,0.08418947726620175,0.1163262770270627,0.0,0.0,0.0,0.0,32.0,32.0,64.0,128.0,8.0
student_t_df3,2048,64,4,1496681395,4,FP16,group8,8,0.08418988892238091,0.11631665678363035,0.9933200059539347,-0.0013156637315123877,0.004361664930802737,0.08430556271913425,0.08426015297767017,0.08418947726620175,0.1163262770270627,0.00020679277852440897,0.0003708925893740003,0.0002070865985772968,0.00020682378027968266,32.0,16.0,48.0,96.0,6.0
student_t_df3,2048,64,4,1496681395,4,Q8.8,group8,8,0.08425343503681156,0.11554087738204243,0.9934061384451485,-0.0013373510592166885,0.00388615404027905,0.08440396042260682,0.08436345744637948,0.08418947726620175,0.1163262770270627,0.004112417491568312,0.006874799426096235,0.004051006039539337,0.004071409789337874,32.0,16.0,48.0,96.0,6.0
student_t_df3,4096,64,4,3368285290,4,FP32,run,262144,0.3224403378488874,0.5146693214852777,0.9025084892839529,-0.003978309251409896,0.0504363853486857,0.3235936599144174,0.3215438644297682,0.3224403378488874,0.5146693214852777,0.0,0.0,0.0,0.0,32.0,0.0009765625,32.0009765625,64.001953125,4.0001220703125
student_t_df3,4096,64,4,3368285290,4,FP16,run,262144,0.32241949334180364,0.5144712735615059,0.9025432284062593,-0.003979928829662286,0.05039037733140717,0.3235705370454363,0.3215571064995299,0.3224403378488874,0.5146693214852777,0.00029019249232496795,0.0007675232967526282,0.0002891683768862685,0.00032633858303445434,32.0,0.00048828125,32.00048828125,64.0009765625,4.00006103515625
student_t_df3,4096,64,4,3368285290,4,Q8.8,run,262144,0.322481089411673,0.5138683351144215,0.9025270541131283,-0.003989674667923577,0.050517407991263044,0.3236359645852915,0.32142929296513617,0.3224403378488874,0.5146693214852777,0.0009297685273104158,0.0019378148847369087,0.0009364339527601773,0.0011635618130365001,32.0,0.00048828125,32.00048828125,64.0009765625,4.00006103515625
student_t_df3,4096,64,4,3368285290,4,FP32,token64,64,0.16531867342353387,0.24288988949485849,0.9721252045165125,0.0008784258548644426,-0.0019144012181349897,0.16585030635968825,0.16520053100417745,0.16531867342353387,0.24288988949485849,0.0,0.0,0.0,0.0,32.0,4.0,36.0,72.0,4.5
student_t_df3,4096,64,4,3368285290,4,FP16,token64,64,0.16531804663913277,0.24290655482478266,0.9721205601738159,0.0008789169286679228,-0.001904444952417748,0.16585056619455696,0.1652003396639504,0.16531867342353387,0.24288988949485849,0.00020796942360789788,0.0006905924212138564,0.0002081117767038334,0.00020561062889953198,32.0,2.0,34.0,68.0,4.25
student_t_df3,4096,64,4,3368285290,4,Q8.8,token64,64,0.16535235602747614,0.24237077746571836,0.9721902164987271,0.00086292884349724,-0.002060291772346496,0.1658672316792543,0.16521487370667465,0.16531867342353387,0.24288988949485849,0.0021936700929463316,0.004653214971084214,0.002193715875656293,0.002200427244010463,32.0,2.0,34.0,68.0,4.25
student_t_df3,4096,64,4,3368285290,4,FP32,group32,32,0.13556805600252828,0.18426570158922953,0.981892505901971,0.0006026667062390711,-0.008279158886000572,0.13584964743076475,0.13543434970162946,0.13556805600252828,0.18426570158922953,0.0,0.0,0.0,0.0,32.0,8.0,40.0,80.0,5.0
student_t_df3,4096,64,4,3368285290,4,FP16,group32,32,0.13556757975900546,0.18424566798057732,0.9818920160883061,0.0006020272636137714,-0.008286145447362555,0.13584988205976534,0.13543417970237703,0.13556805600252828,0.18426570158922953,0.00020417320608525643,0.0006027243868978576,0.00020735024972191562,0.00020560837628474916,32.0,4.0,36.0,72.0,4.5
student_t_df3,4096,64,4,3368285290,4,Q8.8,group32,32,0.13563427729361816,0.18409441366667145,0.9819530750365557,0.0006130074022834808,-0.008475291204493727,0.13587825960689676,0.13545921651731693,0.13556805600252828,0.18426570158922953,0.002674857302832348,0.004734097726228597,0.0027031579008282305,0.002689384369036241,32.0,4.0,36.0,72.0,4.5
student_t_df3,4096,64,4,3368285290,4,FP32,group16,16,0.10824819840910604,0.15215930328265861,0.9878847212234907,0.0010357716036997428,0.009798917060055144,0.10884990698175087,0.10857007416203647,0.10824819840910604,0.15215930328265861,0.0,0.0,0.0,0.0,32.0,16.0,48.0,96.0,6.0
student_t_df3,4096,64,4,3368285290,4,FP16,group16,16,0.1082468766046968,0.15217484380515908,0.9878798562276198,0.001035877610953801,0.009790802166756334,0.10885031497816845,0.10857012296923382,0.10824819840910604,0.15215930328265861,0.0002056060052316659,0.0005724304133843523,0.00020808335347182114,0.00020646972511481317,32.0,8.0,40.0,80.0,5.0
student_t_df3,4096,64,4,3368285290,4,Q8.8,group16,16,0.10834833821434069,0.15126610188393264,0.9879903573576518,0.0010684158983504033,0.009642718153570406,0.10889979765836068,0.10861936283709814,0.10824819840910604,0.15215930328265861,0.0032870904770535615,0.005351276268653638,0.003307452670607858,0.0033058441269207157,32.0,8.0,40.0,80.0,5.0
student_t_df3,4096,64,4,3368285290,4,FP32,group8,8,0.08349233082295074,0.11617886186855472,0.9929431116795785,0.00028367910517078414,0.0005530551790985637,0.08426573338716221,0.08420338149614347,0.08349233082295074,0.11617886186855472,0.0,0.0,0.0,0.0,32.0,32.0,64.0,128.0,8.0
student_t_df3,4096,64,4,3368285290,4,FP16,group8,8,0.08349273050487764,0.11625571499262849,0.992933735681016,0.0002822327794244173,0.0005690499470682226,0.08426620942948347,0.08420348465343964,0.08349233082295074,0.11617886186855472,0.00020511914300217182,0.0005934225984460986,0.00020807022184640662,0.00020673522840824562,32.0,16.0,48.0,96.0,6.0
student_t_df3,4096,64,4,3368285290,4,Q8.8,group8,8,0.08362548350224792,0.11521084982451864,0.993013232045242,0.000351541764322872,0.0003412918103432753,0.08436635457013225,0.08430048670421603,0.08349233082295074,0.11617886186855472,0.0040342562335696965,0.008096466363755097,0.004058966731879477,0.0040682005986394,32.0,16.0,48.0,96.0,6.0
sparse_outliers_0p1pct_x25,128,64,32,2535115307,4,FP32,run,8192,0.31612293170457395,0.45072530040864095,0.9084717065748882,-0.005161312384897451,-0.022902324319346794,0.32021019970670844,0.31986998891952695,0.31612293170457395,0.45072530040864095,0.0,0.0,0.0,0.0,32.0,0.03125,32.03125,64.0625,4.00390625
sparse_outliers_0p1pct_x25,128,64,32,2535115307,4,FP16,run,8192,0.3161335941632283,0.45072661133507425,0.9084740102475101,-0.00516245144761072,-0.022906701528038746,0.3202185021791945,0.3198705722058675,0.31612293170457395,0.45072530040864095,0.00023036340189414684,0.00038000987604992515,0.0002256995719296097,0.00027197235647606795,32.0,0.015625,32.015625,64.03125,4.001953125
sparse_outliers_0p1pct_x25,128,64,32,2535115307,4,Q8.8,run,8192,0.3161659519361499,0.4506232133247595,0.9084534449757096,-0.0051608780438662395,-0.02291460661780523,0.3202471400752357,0.31986197654186094,0.31612293170457395,0.45072530040864095,0.0010961443728385323,0.0019355752950235305,0.0010900320349464254,0.001064662009254324,32.0,0.015625,32.015625,64.03125,4.001953125
sparse_outliers_0p1pct_x25,128,64,32,2535115307,4,FP32,token64,64,0.11816896431994052,0.15735050652901372,0.9873288004893453,0.0004757600419814071,0.0009654398542463736,0.11936968036279567,0.12053383275491232,0.11816896431994052,0.15735050652901372,0.0,0.0,0.0,0.0,32.0,4.0,36.0,72.0,4.5
sparse_outliers_0p1pct_x25,128,64,32,2535115307,4,FP16,token64,64,0.11817089142636111,0.15736960241338896,0.9873273742734435,0.00047639612691988316,0.0009807344217548375,0.11936991958843221,0.12053332256420295,0.11816896431994052,0.15735050652901372,0.00019505222687306523,0.00042073312888295196,0.00019920050894264583,0.00019741343755894905,32.0,2.0,34.0,68.0,4.25
sparse_outliers_0p1pct_x25,128,64,32,2535115307,4,Q8.8,token64,64,0.11815295251040935,0.1569243151019239,0.9873989615332304,0.0005262148061316879,0.0008156941742084727,0.11941348218671895,0.12056856128190226,0.11816896431994052,0.15735050652901372,0.0029808763378266355,0.006126168079741986,0.003053207642059654,0.003027627231871146,32.0,2.0,34.0,68.0,4.25
sparse_outliers_0p1pct_x25,128,64,32,2535115307,4,FP32,group32,32,0.10248718287608735,0.13471940507565835,0.9909501986176124,0.0003574273435441209,0.0007015314824136172,0.1029114609081502,0.1036087628493821,0.10248718287608735,0.13471940507565835,0.0,0.0,0.0,0.0,32.0,8.0,40.0,80.0,5.0
sparse_outliers_0p1pct_x25,128,64,32,2535115307,4,FP16,group32,32,0.10248258046807106,0.13471786521347506,0.9909510539646169,0.0003596844954016944,0.0007156495271897855,0.10291148701161043,0.10360809387974781,0.10248718287608735,0.13471940507565835,0.00020679956358992654,0.0003523994695505643,0.0002143860368111797,0.0002134793703933995,32.0,4.0,36.0,72.0,4.5
sparse_outliers_0p1pct_x25,128,64,32,2535115307,4,Q8.8,group32,32,0.10257120679638855,0.13521329337532711,0.9909001855093356,0.0003442352109771022,0.0008168323681672728,0.10297514093332856,0.10366336417961737,0.10248718287608735,0.13471940507565835,0.0033543049041863515,0.006133304420185271,0.0034062087137841346,0.003384114715295651,32.0,4.0,36.0,72.0,4.5
sparse_outliers_0p1pct_x25,128,64,32,2535115307,4,FP32,group16,16,0.08607395188608573,0.11939087180558033,0.9926520392339586,0.001206997480168911,-0.002278123973782292,0.08786718155601601,0.08827819339864743,0.08607395188608573,0.11939087180558033,0.0,0.0,0.0,0.0,32.0,16.0,48.0,96.0,6.0
sparse_outliers_0p1pct_x25,128,64,32,2535115307,4,FP16,group16,16,0.0860684310181564,0.1193851154565425,0.9926541587692774,0.0012076353964633356,-0.0022727040344582084,0.08786741853228576,0.08827844481903117,0.08607395188608573,0.11939087180558033,0.00021765083076350582,0.00033439762302003097,0.00021679523974172505,0.00021608169885594639,32.0,8.0,40.0,80.0,5.0
sparse_outliers_0p1pct_x25,128,64,32,2535115307,4,Q8.8,group16,16,0.08626350630718743,0.1195909835175396,0.9926348261961604,0.0011918734176171162,-0.002221631105730316,0.08796146687596366,0.08835781143530556,0.08607395188608573,0.11939087180558033,0.0037452291380593535,0.006256627153602528,0.003839163235826516,0.0038345270651367123,32.0,8.0,40.0,80.0,5.0
sparse_outliers_0p1pct_x25,128,64,32,2535115307,4,FP32,group8,8,0.07354012158111171,0.09989342077611008,0.9947706303333379,0.000755526442696918,-0.0019604883172950846,0.07290746098599352,0.07292959252578758,0.07354012158111171,0.09989342077611008,0.0,0.0,0.0,0.0,32.0,32.0,64.0,128.0,8.0
sparse_outliers_0p1pct_x25,128,64,32,2535115307,4,FP16,group8,8,0.0735378578746162,0.09988695143023668,0.9947721620589941,0.000753678352739,-0.001955887657451769,0.07290701898923561,0.07292953876359112,0.07354012158111171,0.09989342077611008,0.00021122113883375877,0.0003274661105683062,0.0002132140893745132,0.00021209696001401994,32.0,16.0,48.0,96.0,6.0
sparse_outliers_0p1pct_x25,128,64,32,2535115307,4,Q8.8,group8,8,0.07374186810110339,0.100085148431675,0.9947505038297811,0.0007778736922749182,-0.0017553885828613044,0.07304394290185601,0.0730712801528422,0.07354012158111171,0.09989342077611008,0.004405706388344999,0.0064902392454437435,0.004419291717299598,0.004401534821993283,32.0,16.0,48.0,96.0,6.0
sparse_outliers_0p1pct_x25,256,64,32,1481893800,4,FP32,run,16384,0.31665858737059954,0.47894355337267713,0.9056811058012926,0.0013070680138800616,0.006740298683544261,0.32307079938624267,0.32397425750605335,0.31665858737059954,0.47894355337267713,0.0,0.0,0.0,0.0,32.0,0.015625,32.015625,64.03125,4.001953125
sparse_outliers_0p1pct_x25,256,64,32,1481893800,4,FP16,run,16384,0.3166601996863445,0.4789745741568061,0.9056796522452351,0.0013051419024580674,0.006740463751845035,0.3230734003510247,0.32399173032182416,0.31665858737059954,0.47894355337267713,0.00022966832755236873,0.0003842522394889382,0.0002281122296321132,0.0002718254068090029,32.0,0.0078125,32.0078125,64.015625,4.0009765625
sparse_outliers_0p1pct_x25,256,64,32,1481893800,4,Q8.8,run,16384,0.316713761341244,0.479225581635548,0.9056511670237166,0.0012945484930579729,0.006708903856241747,0.32313593215886854,0.3239943493616123,0.31665858737059954,0.47894355337267713,0.0010884677907442364,0.0014829426526263051,0.0010878925811738614,0.0008697070180406387,32.0,0.0078125,32.0078125,64.015625,4.0009765625
sparse_outliers_0p1pct_x25,256,64,32,1481893800,4,FP32,token64,64,0.11793280069227559,0.16784174624033193,0.9864841834790876,7.9393695169553e-05,-0.003435202347737666,0.11910161585719628,0.11966235529650047,0.11793280069227559,0.16784174624033193,0.0,0.0,0.0,0.0,32.0,4.0,36.0,72.0,4.5
sparse_outliers_0p1pct_x25,256,64,32,1481893800,4,FP16,token64,64,0.1179308103095935,0.16783932141934246,0.986485344109022,7.840243692819878e-05,-0.0034179729555148873,0.11910218237036942,0.11966326357357877,0.11793280069227559,0.16784174624033193,0.00019908152437799829,0.000459764160248087,0.00019878917600745186,0.0001978243792042065,32.0,2.0,34.0,68.0,4.25
sparse_outliers_0p1pct_x25,256,64,32,1481893800,4,Q8.8,token64,64,0.11802344736924067,0.16833918744913595,0.9864092511287027,8.881805311693047e-05,-0.003661101688152472,0.1191445913647105,0.11969892251699935,0.11793280069227559,0.16784174624033193,0.00301840547296605,0.00692161053921412,0.0030177744540408396,0.003003912867538573,32.0,2.0,34.0,68.0,4.25
sparse_outliers_0p1pct_x25,256,64,32,1481893800,4,FP32,group32,32,0.1016933301336568,0.14304726271547757,0.9901907201441156,0.0002652018101937317,-0.003251351126507143,0.10270460861668795,0.1030349708289863,0.1016933301336568,0.14304726271547757,0.0,0.0,0.0,0.0,32.0,8.0,40.0,80.0,5.0
sparse_outliers_0p1pct_x25,256,64,32,1481893800,4,FP16,group32,32,0.10169391828480938,0.14305896406240853,0.9901891475787375,0.0002629149293827376,-0.0032418910947967093,0.10270465903691593,0.10303537897858844,0.1016933301336568,0.14304726271547757,0.0002110824264751162,0.0004127227009732377,0.00021209335809689052,0.0002126206004050136,32.0,4.0,36.0,72.0,4.5
sparse_outliers_0p1pct_x25,256,64,32,1481893800,4,Q8.8,group32,32,0.10179284549301987,0.1431562419579684,0.9901753535204987,0.00027633011612793824,-0.0031529935007541246,0.10276671679736399,0.10308680986337543,0.1016933301336568,0.14304726271547757,0.0033259528622560787,0.006088195801329262,0.0034082462535746697,0.003369240703098642,32.0,4.0,36.0,72.0,4.5
sparse_outliers_0p1pct_x25,256,64,32,1481893800,4,FP32,group16,16,0.08716949440027273,0.12542279732944406,0.9924263095647716,-0.001225632209566488,-0.0011862790760909896,0.08777154764397191,0.08788855802849573,0.08716949440027273,0.12542279732944406,0.0,0.0,0.0,0.0,32.0,16.0,48.0,96.0,6.0
sparse_outliers_0p1pct_x25,256,64,32,1481893800,4,FP16,group16,16,0.08717020132369044,0.12540987443551663,0.9924271766084464,-0.0012271674215104064,-0.0011835963292702802,0.08777184565185721,0.08788904328784024,0.08716949440027273,0.12542279732944406,0.00021319922491996158,0.00035432463665499645,0.0002147183057431478,0.0002156690701904469,32.0,8.0,40.0,80.0,5.0
sparse_outliers_0p1pct_x25,256,64,32,1481893800,4,Q8.8,group16,16,0.08729289324592915,0.12573818188526453,0.9923934841988549,-0.001197003884294945,-0.0008250898121688052,0.08785319380080388,0.08796526182244821,0.08716949440027273,0.12542279732944406,0.003749995320218904,0.006275475343085802,0.0038578819182009338,0.003826623863274183,32.0,8.0,40.0,80.0,5.0
sparse_outliers_0p1pct_x25,256,64,32,1481893800,4,FP32,group8,8,0.0719549742337187,0.10484746158002851,0.9944813502967113,0.00034621045671794326,-0.002424347118816343,0.07265181050339024,0.07268093835965418,0.0719549742337187,0.10484746158002851,0.0,0.0,0.0,0.0,32.0,32.0,64.0,128.0,8.0
sparse_outliers_0p1pct_x25,256,64,32,1481893800,4,FP16,group8,8,0.07195571444533577,0.10484822901918402,0.9944818575346956,0.00034578843249905873,-0.0024294578295666323,0.07265224192591767,0.07268145018118033,0.0719549742337187,0.10484746158002851,0.00021179344062208284,0.0003421821084732968,0.00021194996067792394,0.00021239385791062447,32.0,16.0,48.0,96.0,6.0
sparse_outliers_0p1pct_x25,256,64,32,1481893800,4,Q8.8,group8,8,0.0721052769944057,0.10528037599291935,0.9944397885451486,0.00034486682233162265,-0.0021338734746717053,0.07279000837582049,0.07280890826273798,0.0719549742337187,0.10484746158002851,0.0043119847597812,0.006782350293429163,0.004426668170976761,0.004403168655391693,32.0,16.0,48.0,96.0,6.0
sparse_outliers_0p1pct_x25,512,64,16,2100539972,4,FP32,run,32768,0.3274352698763774,0.4674770808744332,0.9063750027930715,-0.0049215342224671705,0.021409474839430703,0.3248290734338917,0.32499983071431215,0.3274352698763774,0.4674770808744332,0.0,0.0,0.0,0.0,32.0,0.0078125,32.0078125,64.015625,4.0009765625
sparse_outliers_0p1pct_x25,512,64,16,2100539972,4,FP16,run,32768,0.3274368376414676,0.46749197277268967,0.9063804233409231,-0.004916658898610992,0.021386399080080266,0.32482614054273445,0.3250204725980247,0.3274352698763774,0.4674770808744332,0.0003104175857076131,0.00045212304165253924,0.00031028048693851085,0.00025649546812726035,32.0,0.00390625,32.00390625,64.0078125,4.00048828125
sparse_outliers_0p1pct_x25,512,64,16,2100539972,4,Q8.8,run,32768,0.3274324719444282,0.4675717930745383,0.9063675857404188,-0.004925112306882435,0.021430045323011907,0.3248250941722956,0.3250748094284559,0.3274352698763774,0.4674770808744332,0.000902049911912006,0.0013936619407302266,0.0009170665020437858,0.0010599550154288592,32.0,0.00390625,32.00390625,64.0078125,4.00048828125
sparse_outliers_0p1pct_x25,512,64,16,2100539972,4,FP32,token64,64,0.12071953095543063,0.17320397561766854,0.9852881684210819,0.00033621349948753567,0.0008138082445343995,0.11891593373193017,0.11913001549486264,0.12071953095543063,0.17320397561766854,0.0,0.0,0.0,0.0,32.0,4.0,36.0,72.0,4.5
sparse_outliers_0p1pct_x25,512,64,16,2100539972,4,FP16,token64,64,0.12071831337187669,0.17320293992635744,0.9852889018912399,0.00033741635676394325,0.0008216745767357998,0.11891615123223138,0.1191306341225193,0.12071953095543063,0.17320397561766854,0.00019786630145164448,0.0004078339705659886,0.00019870834760531326,0.00019979386040629239,32.0,2.0,34.0,68.0,4.25
sparse_outliers_0p1pct_x25,512,64,16,2100539972,4,Q8.8,token64,64,0.12070835083022816,0.17338701844534096,0.9852630019915812,0.0003136627061269886,0.001230019958683271,0.11895063592898406,0.11916745093497029,0.12071953095543063,0.17320397561766854,0.003057290238915327,0.00705008154962012,0.0030297551305900495,0.0030218858544974257,32.0,2.0,34.0,68.0,4.25
sparse_outliers_0p1pct_x25,512,64,16,2100539972,4,FP32,group32,32,0.10303049527906809,0.14905671100308,0.9890597746692338,0.00017515231276500376,0.0003563648565173429,0.1027840448900586,0.10277291998475056,0.10303049527906809,0.14905671100308,0.0,0.0,0.0,0.0,32.0,8.0,40.0,80.0,5.0
sparse_outliers_0p1pct_x25,512,64,16,2100539972,4,FP16,group32,32,0.10303267668313253,0.1490551686138433,0.989058928159041,0.00017394950469819164,0.0003513272065034304,0.102784318823913,0.10277342074052538,0.10303049527906809,0.14905671100308,0.00021528965233653534,0.0003790341965315356,0.00021313767135617515,0.0002131941095191197,32.0,4.0,36.0,72.0,4.5
sparse_outliers_0p1pct_x25,512,64,16,2100539972,4,Q8.8,group32,32,0.10306843764844356,0.14970455837671504,0.9889800048324832,0.0001990567406826819,0.0005109088030151702,0.10283548407666725,0.10283001593465253,0.10303049527906809,0.14905671100308,0.0034525643897940625,0.0068376978478329,0.0033900478238434967,0.003391546212265616,32.0,4.0,36.0,72.0,4.5
sparse_outliers_0p1pct_x25,512,64,16,2100539972,4,FP32,group16,16,0.08901129588665539,0.12724072855929122,0.9920822181679012,-0.0017373517959456807,-0.004077378682010902,0.0878253149008766,0.08779556018445148,0.08901129588665539,0.12724072855929122,0.0,0.0,0.0,0.0,32.0,16.0,48.0,96.0,6.0
sparse_outliers_0p1pct_x25,512,64,16,2100539972,4,FP16,group16,16,0.08901429343791396,0.12725272947248026,0.992080728667726,-0.0017394923107904373,-0.004068479806688213,0.08782534311246869,0.08779607099707125,0.08901129588665539,0.12724072855929122,0.0002178168677670546,0.0003669080735399711,0.00021623153561620126,0.0002160664920977975,32.0,8.0,40.0,80.0,5.0
sparse_outliers_0p1pct_x25,512,64,16,2100539972,4,Q8.8,group16,16,0.08906195945240881,0.12798898324894598,0.9919995367830761,-0.0017359312400179285,-0.0041707546188126925,0.08790134942034192,0.08787770117782613,0.08901129588665539,0.12724072855929122,0.003898739174733978,0.006678624987417468,0.003832319820083027,0.0038487976960843106,32.0,8.0,40.0,80.0,5.0
sparse_outliers_0p1pct_x25,512,64,16,2100539972,4,FP32,group8,8,0.07294621986595756,0.10401488096403932,0.9947369130681333,-0.0004298235957941703,0.001365988578153284,0.07283301044847994,0.07262408426201802,0.07294621986595756,0.10401488096403932,0.0,0.0,0.0,0.0,32.0,32.0,64.0,128.0,8.0
sparse_outliers_0p1pct_x25,512,64,16,2100539972,4,FP16,group8,8,0.07294696364285597,0.10403510112407278,0.9947354808902206,-0.0004350219341944497,0.001359044997517569,0.07283323971279909,0.07262427685553215,0.07294621986595756,0.10401488096403932,0.00021525659684404837,0.000326877569122093,0.00021253192863336776,0.00021272764028560932,32.0,16.0,48.0,96.0,6.0
sparse_outliers_0p1pct_x25,512,64,16,2100539972,4,Q8.8,group8,8,0.07314270801535962,0.10449405992422571,0.9946929205920643,-0.0004582193260028171,0.001309887163039998,0.0729645277300638,0.07276079495509342,0.07294621986595756,0.10401488096403932,0.0044485370763855435,0.006735142214530059,0.004411107246837958,0.004420772075101971,32.0,16.0,48.0,96.0,6.0
sparse_outliers_0p1pct_x25,1024,64,8,2679848638,4,FP32,run,65536,0.3287364956714276,0.48555077412264364,0.9016563653497089,-0.0019541875087831883,-0.02376430574276228,0.3253412217171257,0.3250459380469892,0.3287364956714276,0.48555077412264364,0.0,0.0,0.0,0.0,32.0,0.00390625,32.00390625,64.0078125,4.00048828125
sparse_outliers_0p1pct_x25,1024,64,8,2679848638,4,FP16,run,65536,0.3287572137061798,0.4854771180552378,0.9016512153271659,-0.0019565259181209315,-0.02374687083568389,0.3253594262764745,0.3249880572794854,0.3287364956714276,0.48555077412264364,0.0002241298579181458,0.00032832299240948085,0.0002226982674151786,0.00029656187508512793,32.0,0.001953125,32.001953125,64.00390625,4.000244140625
sparse_outliers_0p1pct_x25,1024,64,8,2679848638,4,Q8.8,run,65536,0.32886111962535275,0.4861808394224179,0.9016424755647896,-0.001938597279292993,-0.02397400239102994,0.3254683639412834,0.3253384163719311,0.3287364956714276,0.48555077412264364,0.0011735907212949836,0.0022483931320760576,0.001172573198147388,0.001227287396749904,32.0,0.001953125,32.001953125,64.00390625,4.000244140625
sparse_outliers_0p1pct_x25,1024,64,8,2679848638,4,FP32,token64,64,0.12156534617569076,0.16931595842837766,0.986026955572617,-0.0005048707795629899,-0.002265215316985237,0.11917991952740856,0.1190192229810986,0.12156534617569076,0.16931595842837766,0.0,0.0,0.0,0.0,32.0,4.0,36.0,72.0,4.5
sparse_outliers_0p1pct_x25,1024,64,8,2679848638,4,FP16,token64,64,0.12157022020585749,0.1692931940132716,0.986029696630769,-0.0005075183851097406,-0.0022751507368510534,0.11918010781286167,0.11901923487761086,0.12156534617569076,0.16931595842837766,0.00019684846901163962,0.0004693900602644027,0.00019848671707689263,0.0001980478358832054,32.0,2.0,34.0,68.0,4.25
sparse_outliers_0p1pct_x25,1024,64,8,2679848638,4,Q8.8,token64,64,0.12162851270938901,0.16950257216238485,0.9860022323150708,-0.0004952798614678796,-0.002329023163539955,0.11922103191385738,0.11905530356149643,0.12156534617569076,0.16931595842837766,0.003037021301001213,0.006852324334893757,0.0030366205808316266,0.0030455786551071566,32.0,2.0,34.0,68.0,4.25
sparse_outliers_0p1pct_x25,1024,64,8,2679848638,4,FP32,group32,32,0.1042375006037908,0.1475410641424187,0.9893047885040525,0.0016167782442410754,-0.005949113561071387,0.10282643346446667,0.10264451320935424,0.1042375006037908,0.1475410641424187,0.0,0.0,0.0,0.0,32.0,8.0,40.0,80.0,5.0
sparse_outliers_0p1pct_x25,1024,64,8,2679848638,4,FP16,group32,32,0.10423939217368819,0.14757018729553242,0.9892997847179044,0.0016170328169608497,-0.005939559856989582,0.10282674661794315,0.1026444824716773,0.1042375006037908,0.1475410641424187,0.00021176613133390724,0.00040715004291166034,0.00021129382698571264,0.0002121238277494018,32.0,4.0,36.0,72.0,4.5
sparse_outliers_0p1pct_x25,1024,64,8,2679848638,4,Q8.8,group32,32,0.10432355496679895,0.14791980503871793,0.9892181199557196,0.001528353967981301,-0.006229684787853525,0.10288540990478719,0.10269714635984446,0.1042375006037908,0.1475410641424187,0.003468869334410297,0.0068916346491953075,0.003410335171354136,0.00340678371639572,32.0,4.0,36.0,72.0,4.5
sparse_outliers_0p1pct_x25,1024,64,8,2679848638,4,FP32,group16,16,0.08915110269624824,0.12482444751957494,0.9921827121592762,0.0014768839866931929,0.006921820104931628,0.08773820273981496,0.08775798547555147,0.08915110269624824,0.12482444751957494,0.0,0.0,0.0,0.0,32.0,16.0,48.0,96.0,6.0
sparse_outliers_0p1pct_x25,1024,64,8,2679848638,4,FP16,group16,16,0.08915067798608947,0.12487494468829596,0.9921766182201408,0.0014772440958630087,0.0069275792178757735,0.08773863760613215,0.08775810224032775,0.08915110269624824,0.12482444751957494,0.00021565103299706355,0.00037138714940047955,0.00021482743695599166,0.0002148846896803058,32.0,8.0,40.0,80.0,5.0
sparse_outliers_0p1pct_x25,1024,64,8,2679848638,4,Q8.8,group16,16,0.08931538998977091,0.12582121743834418,0.9920567979357985,0.0014375612790032174,0.006828235110135976,0.08782309172242532,0.08784216945666679,0.08915110269624824,0.12482444751957494,0.003938780738126982,0.006930052654776731,0.003863923172206705,0.0038410029778189214,32.0,8.0,40.0,80.0,5.0
sparse_outliers_0p1pct_x25,1024,64,8,2679848638,4,FP32,group8,8,0.07431824681864005,0.10378834301461298,0.9946635704463744,0.0013433994806925787,-1.9192778120756876e-05,0.07270930851593058,0.07273544166304403,0.07431824681864005,0.10378834301461298,0.0,0.0,0.0,0.0,32.0,32.0,64.0,128.0,8.0
sparse_outliers_0p1pct_x25,1024,64,8,2679848638,4,FP16,group8,8,0.07431660284351377,0.10382348117204515,0.9946600773274337,0.0013423641549270787,-1.573624110365823e-05,0.07270974886258462,0.07273569185765967,0.07431824681864005,0.10378834301461298,0.00021373733678920623,0.00036365427396011895,0.00021144177867555815,0.00021140626994532423,32.0,16.0,48.0,96.0,6.0
sparse_outliers_0p1pct_x25,1024,64,8,2679848638,4,Q8.8,group8,8,0.07442238643453128,0.10447144492348281,0.9945908765264658,0.001343978221484245,-0.0004200925641144407,0.07284611314258327,0.07286876290467881,0.07431824681864005,0.10378834301461298,0.0044883653297871865,0.008006358738702516,0.00442288615034669,0.0044153139072416825,32.0,16.0,48.0,96.0,6.0
sparse_outliers_0p1pct_x25,2048,64,4,2982427205,4,FP32,run,131072,0.32862621779378515,0.526290064111777,0.917921075896092,0.0037993680595620346,0.038943338899762356,0.32598998876877805,0.3257369985388452,0.32862621779378515,0.526290064111777,0.0,0.0,0.0,0.0,32.0,0.001953125,32.001953125,64.00390625,4.000244140625
sparse_outliers_0p1pct_x25,2048,64,4,2982427205,4,FP16,run,131072,0.3286433907547639,0.5251036523114024,0.9179119835141062,0.003798112762236221,0.03870115877497496,0.3260102747346046,0.32573613629344506,0.32862621779378515,0.526290064111777,0.0002459879335872037,0.001201486943073016,0.00024568298174095865,0.0002666558597155646,32.0,0.0009765625,32.0009765625,64.001953125,4.0001220703125
sparse_outliers_0p1pct_x25,2048,64,4,2982427205,4,Q8.8,run,131072,0.32844101334652986,0.5212539864533028,0.9179399671604697,0.0037850139077067737,0.03794583613470789,0.3258040802575885,0.32559760721464287,0.32862621779378515,0.526290064111777,0.0011475176976813372,0.005050724497197185,0.0011478605151148272,0.0008042938985423903,32.0,0.0009765625,32.0009765625,64.001953125,4.0001220703125
sparse_outliers_0p1pct_x25,2048,64,4,2982427205,4,FP32,token64,64,0.1196723695919809,0.10741320065080012,0.9888309301947821,-0.0024641407630465167,0.006339185246131561,0.11874362826598582,0.11927523007468464,0.1196723695919809,0.10741320065080012,0.0,0.0,0.0,0.0,32.0,4.0,36.0,72.0,4.5
sparse_outliers_0p1pct_x25,2048,64,4,2982427205,4,FP16,token64,64,0.1196709649812666,0.10740842546032388,0.9888293690215675,-0.002465618631437326,0.0063205476281653706,0.11874423237544388,0.11927558073617138,0.1196723695919809,0.10741320065080012,0.00019792871693806758,0.00029428560999962485,0.00019839319649902988,0.0001967434446489169,32.0,2.0,34.0,68.0,4.25
sparse_outliers_0p1pct_x25,2048,64,4,2982427205,4,Q8.8,token64,64,0.11971514211758674,0.1072702627695997,0.9888282676575509,-0.0024716666827823753,0.005183651021770656,0.11878554133300082,0.11931252591309713,0.1196723695919809,0.10741320065080012,0.003046196688224422,0.007810214698931938,0.0030568027641527354,0.0030337399827282865,32.0,2.0,34.0,68.0,4.25
sparse_outliers_0p1pct_x25,2048,64,4,2982427205,4,FP32,group32,32,0.10273296691770731,0.09436264912486632,0.9913752441516839,-0.0011835133549028985,0.004091277514639244,0.10259510672389602,0.10280178165794863,0.10273296691770731,0.09436264912486632,0.0,0.0,0.0,0.0,32.0,8.0,40.0,80.0,5.0
sparse_outliers_0p1pct_x25,2048,64,4,2982427205,4,FP16,group32,32,0.10273383807592903,0.09437255619623579,0.9913715913447734,-0.0011827331406421531,0.004089976046914872,0.10259552658856215,0.10280220866068904,0.10273296691770731,0.09436264912486632,0.00021569937551365627,0.0002677668805059371,0.00021304476352989576,0.00021243596071124788,32.0,4.0,36.0,72.0,4.5
sparse_outliers_0p1pct_x25,2048,64,4,2982427205,4,Q8.8,group32,32,0.10282245844295027,0.09468905285217936,0.9913607113949892,-0.0011826004712006991,0.0030235441455271315,0.10264844774173704,0.10285796726800618,0.10273296691770731,0.09436264912486632,0.003421200208164176,0.008250968104900334,0.003404975336102689,0.0033908610456954234,32.0,4.0,36.0,72.0,4.5
sparse_outliers_0p1pct_x25,2048,64,4,2982427205,4,FP32,group16,16,0.08832154962624801,0.09088882704211498,0.9938419259511886,-0.0002865227960943829,0.0009960877580516868,0.08769553897768455,0.0877048342164014,0.08832154962624801,0.09088882704211498,0.0,0.0,0.0,0.0,32.0,16.0,48.0,96.0,6.0
sparse_outliers_0p1pct_x25,2048,64,4,2982427205,4,FP16,group16,16,0.08832270074041923,0.09086690850365027,0.9938412844070881,-0.00028611182739721414,0.0009928488413615696,0.08769603532004726,0.087705361597582,0.08832154962624801,0.09088882704211498,0.00021505172824422055,0.0003170794999218458,0.00021568205225074738,0.00021507668049411158,32.0,8.0,40.0,80.0,5.0
sparse_outliers_0p1pct_x25,2048,64,4,2982427205,4,Q8.8,group16,16,0.0884603850468656,0.09250778707654778,0.9938738704724002,-0.0002948647454960247,-0.00010988532764075708,0.08778119902257325,0.08778977928630817,0.08832154962624801,0.09088882704211498,0.003887774743979996,0.008661206638602778,0.003844253053189506,0.003840073703864373,32.0,8.0,40.0,80.0,5.0
sparse_outliers_0p1pct_x25,2048,64,4,2982427205,4,FP32,group8,8,0.07338427807314608,0.0769198667128046,0.9957029038891068,-0.00047142595807848106,0.0036928873535858786,0.07259301518149724,0.07269531638357242,0.07338427807314608,0.0769198667128046,0.0,0.0,0.0,0.0,32.0,32.0,64.0,128.0,8.0
sparse_outliers_0p1pct_x25,2048,64,4,2982427205,4,FP16,group8,8,0.07338462518979795,0.07691648015640563,0.9957028845073346,-0.00047430024274174634,0.003683874219961765,0.07259387455275022,0.07269583565647385,0.07338427807314608,0.0769198667128046,0.0002124503409028511,0.00028218330050289273,0.00021211126425111902,0.00021160183379577064,32.0,16.0,48.0,96.0,6.0
sparse_outliers_0p1pct_x25,2048,64,4,2982427205,4,Q8.8,group8,8,0.07360363648469868,0.07817832629254352,0.9957053467117263,-0.00047395734413494006,0.002246934372052317,0.0727316220291936,0.0728350555146379,0.07338427807314608,0.0769198667128046,0.004474161172355788,0.008650911185349656,0.004419117133540453,0.004413300588160343,32.0,16.0,48.0,96.0,6.0
sparse_outliers_0p1pct_x25,4096,64,4,2254661580,4,FP32,run,262144,0.32714134077377627,0.5097618546777545,0.8870567583980266,0.0012395036445567056,0.03775788234672848,0.32618329044153727,0.3264683461136469,0.32714134077377627,0.5097618546777545,0.0,0.0,0.0,0.0,32.0,0.0009765625,32.0009765625,64.001953125,4.0001220703125
sparse_outliers_0p1pct_x25,4096,64,4,2254661580,4,FP16,run,262144,0.3271937155535608,0.5099221228741578,0.8870381745460804,0.0012393218797676084,0.03775733507666344,0.3262371982072138,0.32647572717898643,0.32714134077377627,0.5097618546777545,0.0002507384259411625,0.0005022214063080659,0.0002526892130401313,0.0002104878421690305,32.0,0.00048828125,32.00048828125,64.0009765625,4.00006103515625
sparse_outliers_0p1pct_x25,4096,64,4,2254661580,4,Q8.8,run,262144,0.3269280528871096,0.5097498341786095,0.8871073378610399,0.0012378135342332578,0.037795191709478565,0.3259601957442419,0.32675483016369733,0.32714134077377627,0.5097618546777545,0.0008739366682460704,0.0010435435314517087,0.0008837671597387326,0.0009048320851348683,32.0,0.00048828125,32.00048828125,64.0009765625,4.00006103515625
sparse_outliers_0p1pct_x25,4096,64,4,2254661580,4,FP32,token64,64,0.11980553679944032,0.1759489894541314,0.9856920078665448,-0.00042349611831084434,0.009083711612577218,0.11927482129734011,0.11871716574345376,0.11980553679944032,0.1759489894541314,0.0,0.0,0.0,0.0,32.0,4.0,36.0,72.0,4.5
sparse_outliers_0p1pct_x25,4096,64,4,2254661580,4,FP16,token64,64,0.1198046330627853,0.17593627111314067,0.9856946508199563,-0.0004242240873611078,0.009074222590935403,0.11927516872086306,0.11871723160681938,0.11980553679944032,0.1759489894541314,0.00019744345311804406,0.0004752880486693794,0.0001966801115399107,0.00019814358484487545,32.0,2.0,34.0,68.0,4.25
sparse_outliers_0p1pct_x25,4096,64,4,2254661580,4,Q8.8,token64,64,0.119857386042293,0.1757445033867234,0.9857216200642261,-0.0004486486255500824,0.00921426809012285,0.11931579006542906,0.11875800568912152,0.11980553679944032,0.1759489894541314,0.0030535505097009493,0.007549942974615047,0.0030374862876059966,0.0030362344270656785,32.0,2.0,34.0,68.0,4.25
sparse_outliers_0p1pct_x25,4096,64,4,2254661580,4,FP32,group32,32,0.10289486580486093,0.15230981681083705,0.9889201443268835,-0.0003629305394934203,0.010467638339124808,0.10282794535372285,0.10254804519871373,0.10289486580486093,0.15230981681083705,0.0,0.0,0.0,0.0,32.0,8.0,40.0,80.0,5.0
sparse_outliers_0p1pct_x25,4096,64,4,2254661580,4,FP16,group32,32,0.1028982234006873,0.15227678334868525,0.9889249146374202,-0.0003621821910238338,0.010482755528529664,0.1028283762723125,0.10254844702488294,0.10289486580486093,0.15230981681083705,0.0002104199182445544,0.000485305513818007,0.0002113004027258537,0.00021169968322959378,32.0,4.0,36.0,72.0,4.5
sparse_outliers_0p1pct_x25,4096,64,4,2254661580,4,Q8.8,group32,32,0.10294084225566513,0.15201417592436076,0.9889875168002907,-0.000340923979875409,0.010470308051792413,0.10288297363063566,0.10260421494775815,0.10289486580486093,0.15230981681083705,0.0033993351118566145,0.0067379591583517535,0.0033895199496919155,0.003393094421935398,32.0,4.0,36.0,72.0,4.5
sparse_outliers_0p1pct_x25,4096,64,4,2254661580,4,FP32,group16,16,0.08825158458306831,0.12982822193947066,0.9919263904040306,0.0006132502486881246,0.008322983686761787,0.08782988371218398,0.08759037185933487,0.08825158458306831,0.12982822193947066,0.0,0.0,0.0,0.0,32.0,16.0,48.0,96.0,6.0
sparse_outliers_0p1pct_x25,4096,64,4,2254661580,4,FP16,group16,16,0.08825391131341537,0.12984982439660012,0.9919242719552647,0.0006135714137392819,0.008334888397287308,0.08783012646780232,0.08759072796278222,0.08825158458306831,0.12982822193947066,0.00021523729468889003,0.00040088141246009935,0.0002145012318538759,0.0002146272397116487,32.0,8.0,40.0,80.0,5.0
sparse_outliers_0p1pct_x25,4096,64,4,2254661580,4,Q8.8,group16,16,0.08832831090092239,0.12997027296947838,0.9919248141680839,0.0006049531580384977,0.008278025630334898,0.0879116865280909,0.08767198977236187,0.08825158458306831,0.12982822193947066,0.0038342317248947254,0.006873598857186424,0.003825356247994062,0.003844131518607419,32.0,8.0,40.0,80.0,5.0
sparse_outliers_0p1pct_x25,4096,64,4,2254661580,4,FP32,group8,8,0.07293475669262968,0.10773645294552771,0.9944741435945736,0.0009293182663123034,0.0028762182807849325,0.07275699101715272,0.07259422653231289,0.07293475669262968,0.10773645294552771,0.0,0.0,0.0,0.0,32.0,32.0,64.0,128.0,8.0
sparse_outliers_0p1pct_x25,4096,64,4,2254661580,4,FP16,group8,8,0.07293687935044174,0.10778692413910987,0.9944689687189902,0.0009312786478276409,0.0028768912620899673,0.07275744327511748,0.07259450433381344,0.07293475669262968,0.10773645294552771,0.00021250491248905081,0.0003713092863866712,0.00021147965702851274,0.00021141060200227129,32.0,16.0,48.0,96.0,6.0
sparse_outliers_0p1pct_x25,4096,64,4,2254661580,4,Q8.8,group8,8,0.07306496352402396,0.10725240688651622,0.9945495755461671,0.00085866694010853,0.002083884979458772,0.07289116168731552,0.07273123333663975,0.07293475669262968,0.10773645294552771,0.004413176210264047,0.007610385203488994,0.0044104272853507116,0.004420383902535992,32.0,16.0,48.0,96.0,6.0
outliers_1pct_x10,128,64,32,4277031275,4,FP32,run,8192,0.3130393977503372,0.36372177015086676,0.9213160949216548,0.0025167233147365023,-0.015801663595302065,0.3112233905692933,0.31179273063698737,0.3130393977503372,0.36372177015086676,0.0,0.0,0.0,0.0,32.0,0.03125,32.03125,64.0625,4.00390625
outliers_1pct_x10,128,64,32,4277031275,4,FP16,run,8192,0.3130502205997168,0.3636568022243422,0.9213193130444205,0.0025170735469297544,-0.015820916865379314,0.31123306690670616,0.3117771857633354,0.3130393977503372,0.36372177015086676,0.00027374150247121273,0.0004601828906444904,0.00027117789211306994,0.00029530604193479413,32.0,0.015625,32.015625,64.03125,4.001953125
outliers_1pct_x10,128,64,32,4277031275,4,Q8.8,run,8192,0.313028521481684,0.36377577303567254,0.9213122198958785,0.0025028657312761945,-0.015738930695520088,0.31122479677788606,0.3119139093939532,0.3130393977503372,0.36372177015086676,0.0009904170648823679,0.0012185467120956665,0.0009799121635609013,0.0010538431371069387,32.0,0.015625,32.015625,64.03125,4.001953125
outliers_1pct_x10,128,64,32,4277031275,4,FP32,token64,64,0.17314675906305269,0.16927209441156105,0.9751061023658879,0.0040817869593101205,0.005375270648299106,0.1693927658212515,0.1680903677546033,0.17314675906305269,0.16927209441156105,0.0,0.0,0.0,0.0,32.0,4.0,36.0,72.0,4.5
outliers_1pct_x10,128,64,32,4277031275,4,FP16,token64,64,0.17314629176802096,0.1692666462751254,0.9751031056331445,0.0040817065449340415,0.005377592176521917,0.16939212549945515,0.16809085320612027,0.17314675906305269,0.16927209441156105,0.00020047815023844218,0.0003204888053683808,0.00019999133454385684,0.0001973592408410224,32.0,2.0,34.0,68.0,4.25
outliers_1pct_x10,128,64,32,4277031275,4,Q8.8,token64,64,0.17311271751168963,0.16965818383338038,0.9750987432847429,0.004059907790391946,0.005361812503787835,0.16941604813375447,0.16810765190477156,0.17314675906305269,0.16927209441156105,0.0025613551929211326,0.0049395900263241085,0.002580902545468981,0.002576864805599849,32.0,2.0,34.0,68.0,4.25
outliers_1pct_x10,128,64,32,4277031275,4,FP32,group32,32,0.1332475042555059,0.13117940195069527,0.9862508319280452,0.00332096640188418,0.004999288093101152,0.13286028239645412,0.13160451400359632,0.1332475042555059,0.13117940195069527,0.0,0.0,0.0,0.0,32.0,8.0,40.0,80.0,5.0
outliers_1pct_x10,128,64,32,4277031275,4,FP16,group32,32,0.13324644849453904,0.13114725226921828,0.9862514908649737,0.0033225476554998626,0.005000872464360525,0.1328599942878444,0.13160493537422108,0.1332475042555059,0.13117940195069527,0.0002094546166008633,0.0003540778662294576,0.00021037055716959142,0.00020880104060142822,32.0,4.0,36.0,72.0,4.5
outliers_1pct_x10,128,64,32,4277031275,4,Q8.8,group32,32,0.1332051247535818,0.13178955071211407,0.9862578007911502,0.0034020807720385703,0.004906098109994796,0.13289830877835637,0.1316397318425472,0.1332475042555059,0.13117940195069527,0.003085179089448185,0.004860606652791605,0.003126858359486881,0.0031174266318733375,32.0,4.0,36.0,72.0,4.5
outliers_1pct_x10,128,64,32,4277031275,4,FP32,group16,16,0.10446142978531815,0.10917724575305202,0.9904913222564816,0.0010745733661040155,0.0027740697200020004,0.10401952317712193,0.10334473825932691,0.10446142978531815,0.10917724575305202,0.0,0.0,0.0,0.0,32.0,16.0,48.0,96.0,6.0
outliers_1pct_x10,128,64,32,4277031275,4,FP16,group16,16,0.10445760937305726,0.10917057942281175,0.9904896451261973,0.0010742778229912214,0.0027758614687439205,0.10401934899334442,0.10334495186445619,0.10446142978531815,0.10917724575305202,0.0002130520512936328,0.0003112354161968924,0.00021140443352702908,0.00021198508382017203,32.0,8.0,40.0,80.0,5.0
outliers_1pct_x10,128,64,32,4277031275,4,Q8.8,group16,16,0.10446778745621971,0.10995722367219728,0.9904774155077221,0.0010712166036626418,0.0026800596355662583,0.10408595530263974,0.10341601104096454,0.10446142978531815,0.10917724575305202,0.003590296434097296,0.005264729227357914,0.0037096692993635397,0.003715568215773954,32.0,8.0,40.0,80.0,5.0
outliers_1pct_x10,128,64,32,4277031275,4,FP32,group8,8,0.08053853343187149,0.0832015710434075,0.9943503402094435,0.0011889760714899323,0.0030132313631875407,0.08045459382361123,0.08004461628599102,0.08053853343187149,0.0832015710434075,0.0,0.0,0.0,0.0,32.0,32.0,64.0,128.0,8.0
outliers_1pct_x10,128,64,32,4277031275,4,FP16,group8,8,0.08053495497981938,0.08319149189210677,0.9943509454992142,0.0011879592794787903,0.0030174008227150722,0.08045486705753595,0.08004483049976495,0.08053853343187149,0.0832015710434075,0.0002092773756628701,0.0002816879454270271,0.0002089861812841421,0.00020984395814109473,32.0,16.0,48.0,96.0,6.0
outliers_1pct_x10,128,64,32,4277031275,4,Q8.8,group8,8,0.08055822084726201,0.0837057068412111,0.9943495855960534,0.0011856379755572522,0.002742174484131134,0.0805740607551754,0.08016750764428757,0.08053853343187149,0.0832015710434075,0.00426482244629522,0.006025531851806772,0.00434342029340624,0.004347362392281152,32.0,16.0,48.0,96.0,6.0
outliers_1pct_x10,256,64,32,1111326100,4,FP32,run,16384,0.3183258564872696,0.4449277455518542,0.9122849923698004,0.004472908098550955,0.012014783564420114,0.3137418842916193,0.31447058021274904,0.3183258564872696,0.4449277455518542,0.0,0.0,0.0,0.0,32.0,0.015625,32.015625,64.03125,4.001953125
outliers_1pct_x10,256,64,32,1111326100,4,FP16,run,16384,0.31833042362256475,0.444803903945468,0.9122824141331658,0.004471914949594239,0.01200566110438321,0.31374377166189255,0.3144798612169777,0.3183258564872696,0.4449277455518542,0.00029413404952600763,0.0006235331360408231,0.0002925998689519374,0.00023748272816265567,32.0,0.0078125,32.0078125,64.015625,4.0009765625
outliers_1pct_x10,256,64,32,1111326100,4,Q8.8,run,16384,0.31837637597078006,0.4443029835704701,0.9122914074280932,0.004464804775735034,0.01199898483867869,0.31376959796617154,0.3145324038036782,0.3183258564872696,0.4449277455518542,0.0010081481260031532,0.002574783812476464,0.0010040177703589006,0.0010093097442932793,32.0,0.0078125,32.0078125,64.015625,4.0009765625
outliers_1pct_x10,256,64,32,1111326100,4,FP32,token64,64,0.17408793995015417,0.2484286406114913,0.9735688866145278,0.0009748929332630866,0.0031295250283186284,0.16838709979958716,0.1680858487027013,0.17408793995015417,0.2484286406114913,0.0,0.0,0.0,0.0,32.0,4.0,36.0,72.0,4.5
outliers_1pct_x10,256,64,32,1111326100,4,FP16,token64,64,0.17408696312620858,0.24837743811093543,0.9735696009002668,0.0009766019157508921,0.0031412830857452515,0.1683874716266793,0.16808565092426875,0.17408793995015417,0.2484286406114913,0.00019895844190504205,0.00048733327926165417,0.00019904359354557422,0.0001987168065595986,32.0,2.0,34.0,68.0,4.25
outliers_1pct_x10,256,64,32,1111326100,4,Q8.8,token64,64,0.17409832093314911,0.24804606260655024,0.9735392519837907,0.0009877529554745408,0.0031389484343934647,0.16841236047587657,0.16810035435774323,0.17408793995015417,0.2484286406114913,0.0026358568671529235,0.005514229032295019,0.0026001715179932365,0.0026077014804339327,32.0,2.0,34.0,68.0,4.25
outliers_1pct_x10,256,64,32,1111326100,4,FP32,group32,32,0.13405743107102044,0.19043154785864944,0.9829149901108353,0.0023030841436313546,0.003389185513067679,0.13151839931082834,0.1318042480967955,0.13405743107102044,0.19043154785864944,0.0,0.0,0.0,0.0,32.0,8.0,40.0,80.0,5.0
outliers_1pct_x10,256,64,32,1111326100,4,FP16,group32,32,0.13405833329162545,0.19041932236399298,0.9829136256868953,0.002302881885530252,0.003394903297186163,0.1315187808121213,0.13180423909933572,0.13405743107102044,0.19043154785864944,0.0002066397558220104,0.00043508779328259447,0.00020896913995834205,0.00020855300004797835,32.0,4.0,36.0,72.0,4.5
outliers_1pct_x10,256,64,32,1111326100,4,Q8.8,group32,32,0.13411290251403118,0.19022609833629522,0.9829176754295874,0.002298602611238677,0.0035271194211073612,0.13155915868841928,0.13183826282996555,0.13405743107102044,0.19043154785864944,0.0031481496126111994,0.006341376558907706,0.003141234251538585,0.0031562693942601555,32.0,4.0,36.0,72.0,4.5
outliers_1pct_x10,256,64,32,1111326100,4,FP32,group16,16,0.10501330902808655,0.14659331897383085,0.9902165913828189,0.0026258077670620215,-0.0005495898985890775,0.10343877541899409,0.10331757977271055,0.10501330902808655,0.14659331897383085,0.0,0.0,0.0,0.0,32.0,16.0,48.0,96.0,6.0
outliers_1pct_x10,256,64,32,1111326100,4,FP16,group16,16,0.10501073936270125,0.14661196035607416,0.9902152156459401,0.0026247552747196232,-0.0005437208805384815,0.10343916253780706,0.10331737947395404,0.10501330902808655,0.14659331897383085,0.00021250669017835,0.00043248881090668514,0.0002115060473482471,0.00021069512213687288,32.0,8.0,40.0,80.0,5.0
outliers_1pct_x10,256,64,32,1111326100,4,Q8.8,group16,16,0.10507057524527784,0.14653755954566455,0.9902366859650755,0.002657303912719572,-0.0005485105202178553,0.10350621206429991,0.10337880978988044,0.10501330902808655,0.14659331897383085,0.0037226726732293007,0.0059414915568693875,0.00370507156018853,0.0037055834950131283,32.0,8.0,40.0,80.0,5.0
outliers_1pct_x10,256,64,32,1111326100,4,FP32,group8,8,0.08123830019265751,0.11404846878564302,0.9940214062381865,0.0019583146857445506,-0.002156717481105658,0.08023444400101146,0.08008297947968031,0.08123830019265751,0.11404846878564302,0.0,0.0,0.0,0.0,32.0,32.0,64.0,128.0,8.0
outliers_1pct_x10,256,64,32,1111326100,4,FP16,group8,8,0.08124116523712542,0.11412033761109806,0.9940210179973002,0.001959884633588181,-0.0021505034031998986,0.08023493357905262,0.08008328841088536,0.08123830019265751,0.11404846878564302,0.0002085305499731587,0.0004223148432771014,0.00020895392453889458,0.00020895686238524278,32.0,16.0,48.0,96.0,6.0
outliers_1pct_x10,256,64,32,1111326100,4,Q8.8,group8,8,0.08129064500202401,0.11465432007810002,0.9940154016613509,0.002027597505273854,-0.002216286166847469,0.08035606848728293,0.08020429836633734,0.08123830019265751,0.11404846878564302,0.004354138684329432,0.006632953408986727,0.004339056147458731,0.004350331275491204,32.0,16.0,48.0,96.0,6.0
outliers_1pct_x10,512,64,16,1705945749,4,FP32,run,32768,0.3196186280806538,0.3620728440064016,0.9163760863296786,0.005776775520570863,0.005162759656363934,0.3169597631615723,0.31715154882150914,0.3196186280806538,0.3620728440064016,0.0,0.0,0.0,0.0,32.0,0.0078125,32.0078125,64.015625,4.0009765625
outliers_1pct_x10,512,64,16,1705945749,4,FP16,run,32768,0.31963936723953185,0.362137236565692,0.9163779008789398,0.005781050632333403,0.005171010257317891,0.31697931326332635,0.317151465022974,0.3196186280806538,0.3620728440064016,0.00025219543590605136,0.0007557308361448323,0.0002528311164111763,0.00025900606248625336,32.0,0.00390625,32.00390625,64.0078125,4.00048828125
outliers_1pct_x10,512,64,16,1705945749,4,Q8.8,run,32768,0.3196446519464663,0.3620640750053151,0.91641853810313,0.005778281435729256,0.005125590390840832,0.31698142587274075,0.31711739941580663,0.3196186280806538,0.3620728440064016,0.0010872261389461044,0.002181414719295127,0.0010979954003894447,0.0008354101291110063,32.0,0.00390625,32.00390625,64.0078125,4.00048828125
outliers_1pct_x10,512,64,16,1705945749,4,FP32,token64,64,0.16924658308709645,0.2570997309678609,0.9746729286996858,0.0031936308518931435,-0.0015181193214178538,0.16855020054649464,0.16796666419753747,0.16924658308709645,0.2570997309678609,0.0,0.0,0.0,0.0,32.0,4.0,36.0,72.0,4.5
outliers_1pct_x10,512,64,16,1705945749,4,FP16,token64,64,0.1692435988396678,0.2566314149483289,0.9746877385037019,0.003191983520181642,-0.0015075735328287149,0.16855057053917344,0.16796586880420336,0.16924658308709645,0.2570997309678609,0.0001999804995794081,0.0008565442176816966,0.0001983322697928014,0.0001974694335166013,32.0,2.0,34.0,68.0,4.25
outliers_1pct_x10,512,64,16,1705945749,4,Q8.8,token64,64,0.16923619865339393,0.258181352429502,0.9745500709317634,0.0031533750423970905,-0.001675240055251451,0.16857042641153594,0.16799227170859943,0.16924658308709645,0.2570997309678609,0.0025664811235404294,0.005676969603876176,0.0026105604340378157,0.0025861805086684593,32.0,2.0,34.0,68.0,4.25
outliers_1pct_x10,512,64,16,1705945749,4,FP32,group32,32,0.13358158664959174,0.17002961016344267,0.9851522830810353,0.0001669598857159672,0.0005785930138798076,0.13215701565040294,0.13167794944278108,0.13358158664959174,0.17002961016344267,0.0,0.0,0.0,0.0,32.0,8.0,40.0,80.0,5.0
outliers_1pct_x10,512,64,16,1705945749,4,FP16,group32,32,0.13358094033007414,0.1695259206146896,0.9851605306793494,0.0001658969032782053,0.0005913539517733986,0.1321573495940673,0.13167739176433102,0.13358158664959174,0.17002961016344267,0.0002113797240102814,0.000924256669939895,0.00020899118333247383,0.000208487605802374,32.0,4.0,36.0,72.0,4.5
outliers_1pct_x10,512,64,16,1705945749,4,Q8.8,group32,32,0.1335757855667549,0.1700897321272007,0.985093750505958,0.0001603054678501648,0.00038989659548723,0.13219169785714166,0.13171357545176993,0.13358158664959174,0.17002961016344267,0.003141522570435686,0.005006469369492005,0.003150051446482134,0.003140188281901029,32.0,4.0,36.0,72.0,4.5
outliers_1pct_x10,512,64,16,1705945749,4,FP32,group16,16,0.10570718754566098,0.12371063522707423,0.9908706269119253,-0.0001307536785312738,0.002743686841754075,0.10367566794266803,0.10321773695724282,0.10570718754566098,0.12371063522707423,0.0,0.0,0.0,0.0,32.0,16.0,48.0,96.0,6.0
outliers_1pct_x10,512,64,16,1705945749,4,FP16,group16,16,0.1057075716521898,0.1232458213326261,0.99087802392773,-0.00013079831438645356,0.0027498108678262628,0.10367596277786727,0.10321762938989805,0.10570718754566098,0.12371063522707423,0.00021503494541168567,0.000956097318530362,0.00021099559332521294,0.00021089860703701196,32.0,8.0,40.0,80.0,5.0
outliers_1pct_x10,512,64,16,1705945749,4,Q8.8,group16,16,0.10574395021571932,0.12527654130382954,0.9908259243227653,-9.693806750876198e-05,0.0029877614451779395,0.10373777506484179,0.10328317457370627,0.10570718754566098,0.12371063522707423,0.003744768183379734,0.0068972145428317635,0.0037054569423854663,0.003701334130754229,32.0,8.0,40.0,80.0,5.0
outliers_1pct_x10,512,64,16,1705945749,4,FP32,group8,8,0.08282490422260674,0.10626402097608655,0.9941009389499382,0.000839313526269874,0.0019421308115585181,0.08033128363266354,0.08003878099793932,0.08282490422260674,0.10626402097608655,0.0,0.0,0.0,0.0,32.0,32.0,64.0,128.0,8.0
outliers_1pct_x10,512,64,16,1705945749,4,FP16,group8,8,0.08282324043112625,0.10586876182572183,0.9941053650159326,0.0008422304513429193,0.0019475811228182507,0.08033126301921063,0.08003847926244413,0.08282490422260674,0.10626402097608655,0.00021143296501418497,0.0010447953489081114,0.00020849427378402693,0.00020900501214575641,32.0,16.0,48.0,96.0,6.0
outliers_1pct_x10,512,64,16,1705945749,4,Q8.8,group8,8,0.08290538847218823,0.10601063065870231,0.9941055717363205,0.0008293068264118014,0.002121198408989844,0.0804434463993552,0.08015759342616886,0.08282490422260674,0.10626402097608655,0.004358056374408883,0.006622460430350258,0.004335483232020827,0.004358950488903932,32.0,16.0,48.0,96.0,6.0
outliers_1pct_x10,1024,64,8,3018058170,4,FP32,run,65536,0.321059778799297,0.3829037132180693,0.9264518754290169,-0.0007799513217291237,0.015117507297263947,0.317520551516963,0.3173476260853195,0.321059778799297,0.3829037132180693,0.0,0.0,0.0,0.0,32.0,0.00390625,32.00390625,64.0078125,4.00048828125
outliers_1pct_x10,1024,64,8,3018058170,4,FP16,run,65536,0.32101979364065814,0.3826536639900023,0.9264484943651144,-0.0007821464410348827,0.015034907998432647,0.31748066133915154,0.3173779717280156,0.321059778799297,0.3829037132180693,0.0002468601269394123,0.0009602263380739816,0.0002475062355175843,0.0002565035646046272,32.0,0.001953125,32.001953125,64.00390625,4.000244140625
outliers_1pct_x10,1024,64,8,3018058170,4,Q8.8,run,65536,0.3210677729167369,0.3829656878464245,0.9264502030608492,-0.0007888583092958247,0.01515696426859099,0.3175171601799065,0.317308813804657,0.321059778799297,0.3829037132180693,0.0009830636009904897,0.0013515095650140755,0.0009787488674700116,0.0007890486552095406,32.0,0.001953125,32.001953125,64.00390625,4.000244140625
outliers_1pct_x10,1024,64,8,3018058170,4,FP32,token64,64,0.16966747369604074,0.1819744997217365,0.9754682676214013,-3.33780101235727e-05,-0.012797279996276226,0.16982243852347856,0.16858566014009893,0.16966747369604074,0.1819744997217365,0.0,0.0,0.0,0.0,32.0,4.0,36.0,72.0,4.5
outliers_1pct_x10,1024,64,8,3018058170,4,FP16,token64,64,0.16967054460623346,0.1819545721883011,0.9754733159179318,-2.9410087942921772e-05,-0.012858245318901954,0.16982213715690153,0.16858585315738558,0.16966747369604074,0.1819744997217365,0.00019642685586509774,0.0008116964738408509,0.00019772542603989864,0.00019852021730229068,32.0,2.0,34.0,68.0,4.25
outliers_1pct_x10,1024,64,8,3018058170,4,Q8.8,token64,64,0.16967696347249112,0.18213762222691374,0.9754554505405237,-3.822976197823677e-05,-0.013146477902262473,0.16983925619705256,0.16860455462594315,0.16966747369604074,0.1819744997217365,0.0025893473919985817,0.005677800941534408,0.0025894606396024626,0.0026295918394894703,32.0,2.0,34.0,68.0,4.25
outliers_1pct_x10,1024,64,8,3018058170,4,FP32,group32,32,0.134152251343845,0.14211319842516545,0.9852792428913892,-0.0018318740371246556,0.009840021051002575,0.1328702120841266,0.13211795877840762,0.134152251343845,0.14211319842516545,0.0,0.0,0.0,0.0,32.0,8.0,40.0,80.0,5.0
outliers_1pct_x10,1024,64,8,3018058170,4,FP16,group32,32,0.13415375664290052,0.1420419918262206,0.9852832054599182,-0.0018266478387058544,0.009772529423932967,0.13287014903467223,0.1321181540069627,0.134152251343845,0.14211319842516545,0.00021218550391782353,0.0007444321654046962,0.00020988228691317748,0.00020780245354483975,32.0,4.0,36.0,72.0,4.5
outliers_1pct_x10,1024,64,8,3018058170,4,Q8.8,group32,32,0.13423071967465441,0.14096759159982827,0.9853067846317374,-0.0018261131834494447,0.009163931946112707,0.13290749604605953,0.13215182608001308,0.134152251343845,0.14211319842516545,0.0031693560334144807,0.005556958148707283,0.0031375015635533737,0.003166462015333637,32.0,4.0,36.0,72.0,4.5
outliers_1pct_x10,1024,64,8,3018058170,4,FP32,group16,16,0.1066514827884756,0.11389586697288265,0.991608520852103,-0.0022115517909433507,0.010517182571382889,0.1038737366386576,0.10348755325779063,0.1066514827884756,0.11389586697288265,0.0,0.0,0.0,0.0,32.0,16.0,48.0,96.0,6.0
outliers_1pct_x10,1024,64,8,3018058170,4,FP16,group16,16,0.10664815216899155,0.11387250038862917,0.9916059026118405,-0.002208119296182573,0.0104496564265419,0.1038742429860223,0.10348731114978026,0.1066514827884756,0.11389586697288265,0.0002111572843983949,0.0007515287584258309,0.0002116105442113121,0.00020986347406170078,32.0,8.0,40.0,80.0,5.0
outliers_1pct_x10,1024,64,8,3018058170,4,Q8.8,group16,16,0.10678032667162646,0.11353486946625724,0.9916376128873394,-0.0022588574295021612,0.00988799231807435,0.10394352607498517,0.10354915083424171,0.1066514827884756,0.11389586697288265,0.003758861362581521,0.007017944308619647,0.003710467138383623,0.003720762330232671,32.0,8.0,40.0,80.0,5.0
outliers_1pct_x10,1024,64,8,3018058170,4,FP32,group8,8,0.0817536234435767,0.0791589300322495,0.9954757198733257,-0.00035508860513225804,0.001896612100608304,0.08041809018603073,0.08016250751804924,0.0817536234435767,0.0791589300322495,0.0,0.0,0.0,0.0,32.0,32.0,64.0,128.0,8.0
outliers_1pct_x10,1024,64,8,3018058170,4,FP16,group8,8,0.08175435815440896,0.07916481180274938,0.9954733486694352,-0.0003538811061973627,0.0018331066727447865,0.08041852302474155,0.08016229808376295,0.0817536234435767,0.0791589300322495,0.00020957308478320035,0.0007732094107115031,0.0002094745641945465,0.00020807828104419502,32.0,16.0,48.0,96.0,6.0
outliers_1pct_x10,1024,64,8,3018058170,4,Q8.8,group8,8,0.08200578485850193,0.07931413890140972,0.9954496309920782,-0.00033462596086149385,0.001497342398053738,0.08054103301311057,0.08028362499784379,0.0817536234435767,0.0791589300322495,0.0044381066537206625,0.006591243262797643,0.004362733762889594,0.004349884755148047,32.0,16.0,48.0,96.0,6.0
outliers_1pct_x10,2048,64,4,1878021013,4,FP32,run,131072,0.31716236111485224,0.3579154109231007,0.9219286476404083,-0.0029598825943437748,0.0016371605244832076,0.31856889015321344,0.32018584203264894,0.31716236111485224,0.3579154109231007,0.0,0.0,0.0,0.0,32.0,0.001953125,32.001953125,64.00390625,4.000244140625
outliers_1pct_x10,2048,64,4,1878021013,4,FP16,run,131072,0.317111768739394,0.35783866992167723,0.9219335623318212,-0.002961903801335339,0.0016609374280413312,0.3185169898817126,0.32018556615537874,0.31716236111485224,0.3579154109231007,0.00017880232116435836,0.0005013536844975598,0.0001802826240079938,0.0001660575513445967,32.0,0.0009765625,32.0009765625,64.001953125,4.0001220703125
outliers_1pct_x10,2048,64,4,1878021013,4,Q8.8,run,131072,0.3172388116358614,0.35847252451785133,0.9219353150491594,-0.002944584256399766,0.0014824100033547032,0.318655666040764,0.32032178962280716,0.31716236111485224,0.3579154109231007,0.0007693194097486446,0.0037672435443553078,0.000775743086616387,0.0009716575257257696,32.0,0.0009765625,32.0009765625,64.001953125,4.0001220703125
outliers_1pct_x10,2048,64,4,1878021013,4,FP32,token64,64,0.17285594209319913,0.22199694596653025,0.972927414630837,0.000416260858842149,0.011705607192386952,0.16909521281304682,0.16847406558632888,0.17285594209319913,0.22199694596653025,0.0,0.0,0.0,0.0,32.0,4.0,36.0,72.0,4.5
outliers_1pct_x10,2048,64,4,1878021013,4,FP16,token64,64,0.1728544313441103,0.2216789099444978,0.972941249901324,0.00041546534236976395,0.01167609130000138,0.16909441597141436,0.16847445364494215,0.17285594209319913,0.22199694596653025,0.0001995605067429499,0.000955402408519381,0.00019971668216305557,0.00019875171155042543,32.0,2.0,34.0,68.0,4.25
outliers_1pct_x10,2048,64,4,1878021013,4,Q8.8,token64,64,0.1729053040755586,0.2231313484425254,0.972797729820466,0.0004006509932727401,0.01153565073155119,0.169113954758621,0.16849612543471465,0.17285594209319913,0.22199694596653025,0.002612666325645388,0.005184110167627358,0.002605567641323086,0.0025706173562860726,32.0,2.0,34.0,68.0,4.25
outliers_1pct_x10,2048,64,4,1878021013,4,FP32,group32,32,0.1344047663823367,0.1474216099841895,0.9853625108147901,0.000711783031918958,0.001803681743320799,0.13233531228271647,0.13193903594181972,0.1344047663823367,0.1474216099841895,0.0,0.0,0.0,0.0,32.0,8.0,40.0,80.0,5.0
outliers_1pct_x10,2048,64,4,1878021013,4,FP16,group32,32,0.1344026075168795,0.14750428165535653,0.9853616677401911,0.0007101920919062592,0.0017523343587004735,0.13233484929632744,0.13193949660758014,0.1344047663823367,0.1474216099841895,0.00021346460233813552,0.001046823691801828,0.00021083243353267148,0.0002092181255084208,32.0,4.0,36.0,72.0,4.5
outliers_1pct_x10,2048,64,4,1878021013,4,Q8.8,group32,32,0.13442409580967626,0.14813758019361006,0.9852149488957601,0.0007192155623160287,0.0019828948308973416,0.13236964369967388,0.13198103031335753,0.1344047663823367,0.1474216099841895,0.0032211401524216018,0.005367313267513389,0.0031519517905211195,0.0031239885187418904,32.0,4.0,36.0,72.0,4.5
outliers_1pct_x10,2048,64,4,1878021013,4,FP32,group16,16,0.10410125568855795,0.10504364576330326,0.992022413865103,-0.00021177795893129368,0.0025541910605310753,0.10382578189921549,0.10348577968497977,0.10410125568855795,0.10504364576330326,0.0,0.0,0.0,0.0,32.0,16.0,48.0,96.0,6.0
outliers_1pct_x10,2048,64,4,1878021013,4,FP16,group16,16,0.10409888661186414,0.10512488497502846,0.9920225666577235,-0.00021352252945959133,0.0025112993976289357,0.10382546849958893,0.10348625808257732,0.10410125568855795,0.10504364576330326,0.00021493659495732168,0.0010073666185420615,0.0002124399095891369,0.00021159610757431373,32.0,8.0,40.0,80.0,5.0
outliers_1pct_x10,2048,64,4,1878021013,4,Q8.8,group16,16,0.10417619862196185,0.10561219816573124,0.9919710791990759,-0.00021592672032825559,0.0027109264360059056,0.10389346641272314,0.10355290223448879,0.10410125568855795,0.10504364576330326,0.0037536377262915783,0.005872623417910744,0.003717268433832455,0.0037051935725559712,32.0,8.0,40.0,80.0,5.0
outliers_1pct_x10,2048,64,4,1878021013,4,FP32,group8,8,0.08171670635850779,0.09701147998940678,0.9941223976447657,-0.0004903107013422137,0.002859193070076966,0.0803439655703838,0.08027079133963905,0.08171670635850779,0.09701147998940678,0.0,0.0,0.0,0.0,32.0,32.0,64.0,128.0,8.0
outliers_1pct_x10,2048,64,4,1878021013,4,FP16,group8,8,0.08171838836732942,0.09717988883204451,0.9941204760205381,-0.0004918716500592395,0.002815176507860955,0.08034409730469666,0.0802713936097649,0.08171670635850779,0.09701147998940678,0.00021340756918311986,0.0009919141587894703,0.00020991682780536184,0.00020957588108404702,32.0,16.0,48.0,96.0,6.0
outliers_1pct_x10,2048,64,4,1878021013,4,Q8.8,group8,8,0.08176577496728979,0.09680300491500503,0.9941357348839888,-0.00045114757242799514,0.0032350387006599567,0.0804593327407294,0.08038898473413351,0.08171670635850779,0.09701147998940678,0.004418934714966923,0.006213018289645917,0.004369238624161251,0.004349775271735144,32.0,16.0,48.0,96.0,6.0
outliers_1pct_x10,4096,64,4,1318233436,4,FP32,run,262144,0.32020967762841845,0.47868121990824486,0.9067658278385526,0.0003449745747772684,0.0017299941729098222,0.32047818148423735,0.3206836472069065,0.32020967762841845,0.47868121990824486,0.0,0.0,0.0,0.0,32.0,0.0009765625,32.0009765625,64.001953125,4.0001220703125
outliers_1pct_x10,4096,64,4,1318233436,4,FP16,run,262144,0.32021819422586356,0.4787821661251279,0.9067498108024782,0.0003408361950548519,0.0018150393424037378,0.3204857017207778,0.3206578713607035,0.32020967762841845,0.47868121990824486,0.0002297877833395304,0.0005625750770846812,0.00022972484519447536,0.0002655795400928696,32.0,0.00048828125,32.00048828125,64.0009765625,4.00006103515625
outliers_1pct_x10,4096,64,4,1318233436,4,Q8.8,run,262144,0.32008437563733494,0.47823268095934757,0.9068682640308574,0.000348222977523825,0.0016849467211604695,0.32035441152853894,0.3207276599064785,0.32020967762841845,0.47868121990824486,0.001312308718551935,0.001274795738218966,0.0013137167699456358,0.0010689779781833848,32.0,0.00048828125,32.00048828125,64.0009765625,4.00006103515625
outliers_1pct_x10,4096,64,4,1318233436,4,FP32,token64,64,0.16856952830491606,0.24357683855392492,0.9720196821791338,0.0008168288858435348,0.011181578503821506,0.16855518700837516,0.16940710477617338,0.16856952830491606,0.24357683855392492,0.0,0.0,0.0,0.0,32.0,4.0,36.0,72.0,4.5
outliers_1pct_x10,4096,64,4,1318233436,4,FP16,token64,64,0.16857220629061753,0.2436389037244884,0.9720067512438564,0.0008181110590520644,0.01121062534754557,0.1685558839377357,0.16940683560443692,0.16856952830491606,0.24357683855392492,0.00019756341790880727,0.0004594830545958342,0.0001980909095582961,0.0001980955436843974,32.0,2.0,34.0,68.0,4.25
outliers_1pct_x10,4096,64,4,1318233436,4,Q8.8,token64,64,0.16860228154107965,0.24466435594275696,0.9718001806422754,0.0008355345270764068,0.01070201586291076,0.1685761399003401,0.1694256391643326,0.16856952830491606,0.24357683855392492,0.0025904770414373053,0.005701721705744017,0.0026001480147965134,0.0025726601244173844,32.0,2.0,34.0,68.0,4.25
outliers_1pct_x10,4096,64,4,1318233436,4,FP32,group32,32,0.13213498040677177,0.19062813644464272,0.9824690279301087,0.00014683179607898555,-0.001029327797109685,0.1318793364012731,0.13258469954131996,0.13213498040677177,0.19062813644464272,0.0,0.0,0.0,0.0,32.0,8.0,40.0,80.0,5.0
outliers_1pct_x10,4096,64,4,1318233436,4,FP16,group32,32,0.13213591922733897,0.19067754718227212,0.9824593939090602,0.00014749578500043752,-0.001054728989183248,0.1318800682190954,0.1325847966860851,0.13213498040677177,0.19062813644464272,0.00020804662178014685,0.00040009586785740605,0.00020870271429912813,0.00020875177737856687,32.0,4.0,36.0,72.0,4.5
outliers_1pct_x10,4096,64,4,1318233436,4,Q8.8,group32,32,0.1322065858263624,0.19076765575426877,0.982457730282273,0.00013996053240355522,-0.0013575410315143882,0.13191768723164743,0.1326244823307451,0.13213498040677177,0.19062813644464272,0.0031156263974738154,0.0062442538909467165,0.0031464159453986162,0.003125081307017472,32.0,4.0,36.0,72.0,4.5
outliers_1pct_x10,4096,64,4,1318233436,4,FP32,group16,16,0.10286923202302888,0.1444907986937985,0.9899521528756234,-0.00021562750990390548,-0.014426587932117093,0.10343932787564683,0.10384431006049281,0.10286923202302888,0.1444907986937985,0.0,0.0,0.0,0.0,32.0,16.0,48.0,96.0,6.0
outliers_1pct_x10,4096,64,4,1318233436,4,FP16,group16,16,0.10287158637587404,0.14452520970121832,0.9899474533067578,-0.0002168409954921119,-0.014410890686561803,0.10343972021248385,0.10384459055837757,0.10286923202302888,0.1444907986937985,0.00021037093219513207,0.00036315918999514857,0.00021092656198627526,0.00021065288609471014,32.0,8.0,40.0,80.0,5.0
outliers_1pct_x10,4096,64,4,1318233436,4,Q8.8,group16,16,0.10299860783214719,0.14507483892253567,0.9898791066557726,-0.00023650258590394863,-0.014622615873059155,0.10350472726923551,0.10391395005012424,0.10286923202302888,0.1444907986937985,0.003708487659545494,0.006770417183671826,0.0037223286020383415,0.0036899310913673994,32.0,8.0,40.0,80.0,5.0
outliers_1pct_x10,4096,64,4,1318233436,4,FP32,group8,8,0.0800743363202403,0.11842346491225342,0.99310801344118,0.00014812184230172552,-0.003738655790938765,0.0801405199805086,0.08040796722252118,0.0800743363202403,0.11842346491225342,0.0,0.0,0.0,0.0,32.0,32.0,64.0,128.0,8.0
outliers_1pct_x10,4096,64,4,1318233436,4,FP16,group8,8,0.08007608701396848,0.1183831776579005,0.9931124634297558,0.0001459258124986563,-0.0037463046074668028,0.08014093476013216,0.0804082574292918,0.0800743363202403,0.11842346491225342,0.0002086345533031755,0.0003374005863141901,0.00020886100815761834,0.00020879390124441775,32.0,16.0,48.0,96.0,6.0
outliers_1pct_x10,4096,64,4,1318233436,4,Q8.8,group8,8,0.08020040426503057,0.1194874881947992,0.9929879302723047,0.00011068240609181516,-0.004243221973133318,0.08025979749092856,0.08052782437934417,0.0800743363202403,0.11842346491225342,0.00430706485544348,0.006839061008239558,0.004361926511472769,0.004344391750503113,32.0,16.0,48.0,96.0,6.0
